{
  "bg": 91, 
  "temp": "absolute", 
  "snoozeBG": 92, 
  "recieved": true, 
  "rate": 0.050000000000000003, 
  "reason": "Eventual BG 92<100, no temp, setting 0.071U/hr", 
  "eventualBG": 92, 
  "timestamp": "2016-06-05T00:32:17.263827", 
  "duration": 30, 
  "tick": -2
}