{
  "bg": 88, 
  "temp": "absolute", 
  "snoozeBG": 87, 
  "recieved": true, 
  "rate": 0.050000000000000003, 
  "reason": "Eventual BG 87<100, no temp, setting 0.029U/hr", 
  "eventualBG": 87, 
  "timestamp": "2016-06-05T03:47:29.816229", 
  "duration": 30, 
  "tick": -6
}