{
  "bg": 252, 
  "temp": "absolute", 
  "snoozeBG": 162, 
  "recieved": true, 
  "rate": 0.27500000000000002, 
  "reason": "Eventual BG 117>115, no temp, setting 0.32U/hr", 
  "eventualBG": 117, 
  "timestamp": "2016-06-05T13:22:25.575809", 
  "duration": 30, 
  "tick": -4
}