{
  "bolusiob": 0, 
  "iob": -0.5973885744606835, 
  "activity": -0.005269797178130511
}