{
  "bolusiob": 0.18075674668000014, 
  "iob": 4.04091043497111, 
  "activity": 0.08828433862433863
}