{
  "bolusiob": 0.36405896189777776, 
  "iob": 0.7275307529466667, 
  "activity": 0.0059296296296296284
}