{
  "bolusiob": 0, 
  "iob": 0.3257264960926515, 
  "activity": 0.002802601322751322
}