{
  "bolusiob": 0, 
  "iob": 0.6431869135711111, 
  "activity": 0.009579700176366841
}