{
  "bolusiob": 0, 
  "iob": 0.1746536441607698, 
  "activity": 0.006161745414462079
}