{
  "bolusiob": 0, 
  "iob": 0.04112337491833331, 
  "activity": -0.0012626631393298057
}