{
  "bolusiob": 0.011789681760000014, 
  "iob": 0.5422293821072222, 
  "activity": 0.013946437389770722
}