{
  "bolusiob": 0, 
  "iob": 0.1907616299351704, 
  "activity": 0.0060303085537918855
}