{
  "bolusiob": 0, 
  "iob": 0.1459670257080666, 
  "activity": 0.001168254091710758
}