{
  "bolusiob": 0, 
  "iob": 0.8205400319533332, 
  "activity": 0.013015194003527335
}