{
  "bolusiob": 0, 
  "iob": 0.16039745318888893, 
  "activity": 0.0012405202821869478
}