{
  "bolusiob": 0, 
  "iob": -0.05401957989277778, 
  "activity": -0.0008294356261022927
}