{
  "bolusiob": 0, 
  "iob": -0.16273693500263892, 
  "activity": -0.00047287477954144623
}