{
  "bolusiob": 0, 
  "iob": 0.14477081180819443, 
  "activity": -0.0017717372134038799
}