{
  "bolusiob": 0.011757191866666572, 
  "iob": 0.6419940943196394, 
  "activity": 0.016912724779541442
}