{
  "bolusiob": 0, 
  "iob": 0.18920071580666667, 
  "activity": 0.0016486772486772488
}