{
  "bolusiob": 0, 
  "iob": -0.14050007523333335, 
  "activity": -0.002173271604938271
}