{
  "bolusiob": 0, 
  "iob": 0.3531189105580772, 
  "activity": 0.007294091622574956
}