{
  "bolusiob": 0, 
  "iob": 0.09350376918055556, 
  "activity": 0.0004016666666666666
}