{
  "bolusiob": 0, 
  "iob": 0.22441511379111112, 
  "activity": 0.009086384479717812
}