{
  "bolusiob": 0, 
  "iob": 0.742035268388889, 
  "activity": 0.023003015873015877
}