{
  "bolusiob": 0, 
  "iob": 0.24471469367333332, 
  "activity": 0.006020088183421516
}