{
  "bolusiob": 0, 
  "iob": 0.4740305452307348, 
  "activity": 0.004100132098765432
}