{
  "bolusiob": 0, 
  "iob": 0.845673085715, 
  "activity": 0.012510978835978834
}