{
  "bolusiob": 1.1136623562666668, 
  "iob": 2.7360446337459727, 
  "activity": 0.03798364197530864
}