{
  "bolusiob": 0, 
  "iob": 0.08333457955236086, 
  "activity": 0.009087398589065251
}