{
  "bolusiob": 1.814544143502222, 
  "iob": 2.3905165231555552, 
  "activity": 0.021383492063492049
}