{
  "bolusiob": 0, 
  "iob": 0.03988449213444445, 
  "activity": 0.0017738800705467373
}