{
  "bolusiob": 0, 
  "iob": -0.0815684793, 
  "activity": -0.0006233333333333332
}