{
  "bolusiob": 0.2390414533466667, 
  "iob": 1.2027287318722224, 
  "activity": 0.016018104056437377
}