{
  "bolusiob": 1.7514819457066666, 
  "iob": 4.637840638297, 
  "activity": 0.0662236860670194
}