{
  "bolusiob": 0, 
  "iob": 0.33353922506255557, 
  "activity": 0.0028620370370370366
}