{
  "bolusiob": 0, 
  "iob": 0.6875126504011112, 
  "activity": 0.007778871252204583
}