{
  "bolusiob": 0, 
  "iob": 0.1159234455477778, 
  "activity": 0.0002750970017636686
}