{
  "bolusiob": 0.47781768661333346, 
  "iob": 1.85789378454, 
  "activity": 0.027443174603174598
}