{
  "bolusiob": 0, 
  "iob": 0.13709489793986115, 
  "activity": 0.002595388007054673
}