{
  "bolusiob": 0, 
  "iob": -0.5707314287013889, 
  "activity": -0.005591631393298059
}