{
  "bolusiob": 0, 
  "iob": 0.36650016075620956, 
  "activity": 0.003086667037037037
}