{
  "bolusiob": 0, 
  "iob": 0.9509557150567501, 
  "activity": 0.013130308641975305
}