{
  "bolusiob": 0, 
  "iob": 0.11082902554888888, 
  "activity": 0.00017031746031746043
}