{
  "bolusiob": 4.1256093579555557, 
  "iob": 5.1279999657088888, 
  "activity": 0.022620105820105818
}