{
  "bolusiob": 0, 
  "iob": 0.06430153296666669, 
  "activity": 0.0010126278659611991
}