{
  "bolusiob": 0, 
  "iob": 0.3792491780658659, 
  "activity": 0.003710542874779542
}