{
  "bolusiob": 0, 
  "iob": -0.3316803701116666, 
  "activity": -0.005204708994708994
}