{
  "bolusiob": 0, 
  "iob": 0.17552990288925918, 
  "activity": 0.003689938007054673
}