{
  "bolusiob": 0, 
  "iob": 0.11329132500313327, 
  "activity": 0.0018301764902998235
}