{
  "bolusiob": 0.07373029952000003, 
  "iob": 1.3316254083309293, 
  "activity": 0.024898006966490298
}