{
  "bolusiob": 0, 
  "iob": 0.32882509703033336, 
  "activity": 0.004862416225749558
}