{
  "bolusiob": 0.13139911914666663, 
  "iob": 1.4045016455941435, 
  "activity": 0.023996860582010584
}