{
  "bolusiob": 0, 
  "iob": 0.030958118969450263, 
  "activity": 0.001890423015873016
}