{
  "bolusiob": 0, 
  "iob": -0.07213757692630553, 
  "activity": -0.00146537037037037
}