{
  "bolusiob": 0, 
  "iob": 0.10178706338000001, 
  "activity": 0.0040238095238095233
}