{
  "bolusiob": 0, 
  "iob": 0.731489588091111, 
  "activity": 0.014107107583774247
}