{
  "bolusiob": 0, 
  "iob": 0.018149002232083336, 
  "activity": 0.00051847442680776
}