{
  "bolusiob": 0, 
  "iob": 0.6935056241608334, 
  "activity": 0.008241552028218694
}