{
  "bolusiob": 0, 
  "iob": -0.20285942199289952, 
  "activity": 0.0011934036684303343
}