{
  "bolusiob": 0, 
  "iob": 0.5235248437988889, 
  "activity": 0.006885820105820105
}