{
  "bolusiob": 0, 
  "iob": 0.22177776182878292, 
  "activity": 0.0012314727513227518
}