{
  "bolusiob": 0, 
  "iob": 0.13532609468724482, 
  "activity": 0.0004706349559082894
}