{
  "bolusiob": 0, 
  "iob": -0.06507471319777773, 
  "activity": 0.0026235361552028216
}