{
  "bolusiob": 0, 
  "iob": -0.07026472345277779, 
  "activity": -0.000787178130511464
}