{
  "bolusiob": 0, 
  "iob": -0.035858641664444454, 
  "activity": 0.0011975485008818342
}