{
  "bolusiob": 0.9638122188799999, 
  "iob": 1.690720935294579, 
  "activity": 0.009106335273368604
}