{
  "bolusiob": 2.424761175431111, 
  "iob": 2.96349188769, 
  "activity": 0.019447231040564367
}