{
  "bolusiob": 0, 
  "iob": 0.02037606745611112, 
  "activity": 0.002383950617283951
}