{
  "bolusiob": 0.006100772479999961, 
  "iob": 1.0762994606194818, 
  "activity": 0.02391759250440917
}