{
  "bolusiob": 1.0357699145866666, 
  "iob": 2.756069063227778, 
  "activity": 0.029935784832451497
}