{
  "bolusiob": 0, 
  "iob": 0.0008981484794444473, 
  "activity": -0.0012041622574955905
}