{
  "bolusiob": 0.07066206600000016, 
  "iob": 1.4089724785311115, 
  "activity": 0.028481481481481472
}