{
  "bolusiob": 0, 
  "iob": 0.1663415943922223, 
  "activity": 0.002603077601410932
}