{
  "bolusiob": 0, 
  "iob": 0.4530907080181149, 
  "activity": 0.005373068624338622
}