{
  "bolusiob": 1.00428739488, 
  "iob": 1.7421567955953305, 
  "activity": 0.01104557340388007
}