{
  "bolusiob": 0, 
  "iob": -0.049350073968854165, 
  "activity": 0.0006513492063492062
}