{
  "bolusiob": 0.30610509461333341, 
  "iob": 1.8142158337126362, 
  "activity": 0.02344576756613756
}