{
  "bolusiob": 0, 
  "iob": 0.28931868297180685, 
  "activity": 0.007270767989417988
}