{
  "bolusiob": 0.18754626304000002, 
  "iob": 1.32771892323, 
  "activity": 0.03641788359788359
}