{
  "bolusiob": 0, 
  "iob": 0.1724281620077778, 
  "activity": 0.0009023456790123454
}