{
  "bolusiob": 0, 
  "iob": -0.09423977112051106, 
  "activity": -0.00026691948853615533
}