{
  "bolusiob": 0, 
  "iob": 0.3265411402314674, 
  "activity": -0.0034054229100529076
}