{
  "bolusiob": 0, 
  "iob": 0.06740892368812501, 
  "activity": 0.0018861640211640211
}