{
  "bolusiob": 0.73362723288, 
  "iob": 1.5880093574433334, 
  "activity": 0.020152522045855374
}