{
  "bolusiob": 0, 
  "iob": 0.00936168597597221, 
  "activity": 0.00029835978835978836
}