{
  "bolusiob": 0.7088707108800001, 
  "iob": 1.3180067443230132, 
  "activity": 0.01104608502645502
}