{
  "bolusiob": 0, 
  "iob": 0.01373304095623747, 
  "activity": 0.0010542326278659606
}