{
  "bolusiob": 0, 
  "iob": -0.4354289114098611, 
  "activity": -0.0033020723104056444
}