{
  "bolusiob": 0, 
  "iob": 0.11543712326055558, 
  "activity": 0.00030404761904761899
}