{
  "bolusiob": 0, 
  "iob": -0.03623146664222224, 
  "activity": -0.0014638800705467376
}