{
  "bolusiob": 0, 
  "iob": -0.3639605789168056, 
  "activity": -0.00568231922398589
}