{
  "bolusiob": 0, 
  "iob": 0.4311388660283535, 
  "activity": 0.007459206084656082
}