{
  "bolusiob": 0, 
  "iob": 0.6134901906908607, 
  "activity": 0.007988122257495586
}