{
  "bolusiob": 0, 
  "iob": -0.08759593752888889, 
  "activity": -0.00021848324514991187
}