{
  "bolusiob": 0, 
  "iob": -0.005352544777581075, 
  "activity": 0.0018433509700176366
}