{
  "bolusiob": 0, 
  "iob": 0.0710205274588889, 
  "activity": -0.00012520282186948852
}