{
  "bolusiob": 0, 
  "iob": 0.20686744482311112, 
  "activity": -0.0007448059964726626
}