{
  "bolusiob": 0, 
  "iob": 0.6273285567654419, 
  "activity": 0.007342319858906522
}