{
  "bolusiob": 0, 
  "iob": -0.44118265066800005, 
  "activity": -0.0023690211640211636
}