{
  "bolusiob": 0, 
  "iob": 0.3977826426962152, 
  "activity": 0.0032795880952380956
}