{
  "bolusiob": 0, 
  "iob": 0.47859639746741667, 
  "activity": 0.003997275132275132
}