{
  "bolusiob": 0, 
  "iob": 0.3397230436288889, 
  "activity": 0.0013269135802469135
}