{
  "bolusiob": 0, 
  "iob": 0.450406964422377, 
  "activity": 0.006701102028218694
}