{
  "bolusiob": 1.2424804029155556, 
  "iob": 1.399399961816602, 
  "activity": 0.0032377955379188704
}