{
  "bolusiob": 0, 
  "iob": 0.33955771193211937, 
  "activity": 0.0008105646913580246
}