{
  "bolusiob": 0, 
  "iob": 0.24858130623096858, 
  "activity": 0.00708118148148148
}