{
  "bolusiob": 0, 
  "iob": 0.6934123629938891, 
  "activity": 0.008313350970017636
}