{
  "bolusiob": 0, 
  "iob": -0.013598152264305559, 
  "activity": -0.001054382716049383
}