{
  "bolusiob": 0, 
  "iob": 0.30842113223662976, 
  "activity": 0.00047964746031746024
}