{
  "bolusiob": 0, 
  "iob": 0.11405197097833333, 
  "activity": 0.00037663139329806013
}