{
  "bolusiob": 0, 
  "iob": 0.007181645656666652, 
  "activity": -0.001291992945326279
}