{
  "bolusiob": 0.24817325088000006, 
  "iob": 0.9870455336482876, 
  "activity": 0.013333471340388005
}