{
  "bolusiob": 0, 
  "iob": -0.4529105459615278, 
  "activity": -0.00482648148148148
}