{
  "bolusiob": 0, 
  "iob": 0.10066899290944442, 
  "activity": 0.00031017636684303344
}