{
  "bolusiob": 0.5851749128533333, 
  "iob": 0.5954084722133333, 
  "activity": 0.000708148148148148
}