{
  "bolusiob": 0, 
  "iob": 0.36703222959597226, 
  "activity": 0.002716446208112874
}