{
  "bolusiob": 0, 
  "iob": -0.07787730639930555, 
  "activity": -0.0007758112874779542
}