{
  "bolusiob": 0.6046932202666668, 
  "iob": 1.8363718999144445, 
  "activity": 0.027108465608465603
}