{
  "bolusiob": 0, 
  "iob": 0.04983818047111112, 
  "activity": 3.382716049382716e-05
}