{
  "bolusiob": 0.5626236441600002, 
  "iob": 2.0321026099572226, 
  "activity": 0.025086613756613748
}