{
  "bolusiob": 0, 
  "iob": -0.025683844004999963, 
  "activity": 0.009782054673721341
}