{
  "bolusiob": 0.3825511118666667, 
  "iob": 1.2992291263740878, 
  "activity": 0.016192125220458556
}