{
  "bolusiob": 0, 
  "iob": 1.2882729030466502, 
  "activity": 0.03206349179894179
}