{
  "bolusiob": 0, 
  "iob": -0.44196487998914036, 
  "activity": -0.006191399118165784
}