{
  "bolusiob": 0, 
  "iob": 0.05332181831500001, 
  "activity": 0.001086111111111111
}