{
  "bolusiob": 0, 
  "iob": 0.01800943960949486, 
  "activity": 0.0004105290123456787
}