{
  "bolusiob": 0, 
  "iob": 0.27713211586000003, 
  "activity": 0.0025228306878306876
}