{
  "bolusiob": 0, 
  "iob": 0.616891363919027, 
  "activity": 0.007080053015873016
}