{
  "bolusiob": 0, 
  "iob": -0.11122422382520908, 
  "activity": -0.004300987407407407
}