{
  "bolusiob": 0, 
  "iob": 0.06340591668722224, 
  "activity": 0.0024024162257495585
}