{
  "bolusiob": 0.09164285675999997, 
  "iob": 0.47203726444, 
  "activity": 0.00662148148148148
}