{
  "bolusiob": 0, 
  "iob": 0.2619790133175821, 
  "activity": 0.004659673968253965
}