{
  "bolusiob": 0, 
  "iob": -0.0072908714187499904, 
  "activity": -0.0015121252204585536
}