{
  "bolusiob": 0, 
  "iob": 0.21783643069702865, 
  "activity": 0.009686454850088183
}