{
  "bolusiob": 0, 
  "iob": 0.45746995271847224, 
  "activity": 0.008705052910052908
}