{
  "bolusiob": 0.5274757448799999, 
  "iob": 1.389401480818333, 
  "activity": 0.019748500881834212
}