{
  "bolusiob": 0, 
  "iob": 0.36607086568738223, 
  "activity": 0.002864938395061728
}