{
  "bolusiob": 0.10643346581333334, 
  "iob": 1.263744186983889, 
  "activity": 0.017571675485008816
}