{
  "bolusiob": 0, 
  "iob": 0.24056233882152778, 
  "activity": 0.0015433245149911814
}