{
  "bolusiob": 0, 
  "iob": -0.1431952864561111, 
  "activity": -0.0007414638447971781
}