{
  "bolusiob": -0.00019652506666667513, 
  "iob": 0.9647827819266668, 
  "activity": 0.022185784832451497
}