{
  "bolusiob": 0, 
  "iob": 0.6278765430316666, 
  "activity": 0.012175943562610224
}