{
  "bolusiob": 0, 
  "iob": 0.2806585604414399, 
  "activity": 0.0018605822574955906
}