{
  "bolusiob": 0, 
  "iob": 0.001050536344723435, 
  "activity": 0.0034519462962962952
}