{
  "bolusiob": 0, 
  "iob": 0.37103400778652784, 
  "activity": 0.00037091710758377426
}