{
  "bolusiob": 0, 
  "iob": -0.17136560804694448, 
  "activity": -0.0013730776014109348
}