{
  "bolusiob": 0, 
  "iob": 0.7013523477196771, 
  "activity": 0.00657871243386243
}