{
  "bolusiob": 0, 
  "iob": 0.44569407824888885, 
  "activity": 0.011397195767195759
}