{
  "bolusiob": 0, 
  "iob": 0.007225384320000005, 
  "activity": 0.00020899470899470919
}