{
  "bolusiob": 0, 
  "iob": 0.020782408275555532, 
  "activity": 0.0013805555555555548
}