{
  "bolusiob": 0, 
  "iob": 0.37009875836500006, 
  "activity": -0.0008498765432098761
}