{
  "bolusiob": 0, 
  "iob": 0.01641564749067257, 
  "activity": 0.0042089414109347445
}