{
  "bolusiob": 0, 
  "iob": 0.6030570426499999, 
  "activity": 0.014508306878306875
}