{
  "bolusiob": 0.28410500288000007, 
  "iob": 0.7721617011942195, 
  "activity": 0.006256970229276896
}