{
  "bolusiob": 0, 
  "iob": -0.07468836013916669, 
  "activity": -0.0007290476190476191
}