{
  "bolusiob": 0, 
  "iob": 0.040729550016925825, 
  "activity": 0.0033909785714285713
}