{
  "bolusiob": 0, 
  "iob": 0.06954559400944443, 
  "activity": 0.0010014021164021162
}