{
  "bolusiob": 0, 
  "iob": 0.10294886735975708, 
  "activity": 0.0031696648148148146
}