{
  "bolusiob": 0, 
  "iob": 0.2723394430902094, 
  "activity": 0.013248192151675484
}