{
  "bolusiob": 0.686174959426667, 
  "iob": 2.464972506822222, 
  "activity": 0.03655869488536154
}