{
  "bolusiob": 0, 
  "iob": -0.11620362315888891, 
  "activity": -0.00111005291005291
}