{
  "bolusiob": 0.183636256, 
  "iob": 0.9024730181842667, 
  "activity": 0.016759365079365075
}