{
  "bolusiob": 0, 
  "iob": 0.3617228601814599, 
  "activity": 0.0014818961904761903
}