{
  "bolusiob": 0, 
  "iob": 1.0878390755098801, 
  "activity": 0.0214316579717813
}