{
  "bolusiob": 0, 
  "iob": -0.37359865226055555, 
  "activity": -0.004339876543209876
}