{
  "bolusiob": 0, 
  "iob": 0.1750965689089685, 
  "activity": 0.000551393386243386
}