{
  "bolusiob": 0, 
  "iob": 0.5022095338183366, 
  "activity": 0.008661296419753084
}