{
  "bolusiob": -0.00014044293333337343, 
  "iob": 0.8749446019516666, 
  "activity": 0.02903700176366843
}