{
  "bolusiob": 0.04067382101333337, 
  "iob": 2.1566190295333336, 
  "activity": 0.05348500881834216
}