{
  "bolusiob": 0, 
  "iob": 0.27897923739166663, 
  "activity": 0.0012049911816578484
}