{
  "bolusiob": 0, 
  "iob": 0.11636290184, 
  "activity": 0.0011024691358024691
}