{
  "bolusiob": 0, 
  "iob": -0.20688334095273186, 
  "activity": -0.004213977195767196
}