{
  "bolusiob": 0, 
  "iob": 0.4447246112422221, 
  "activity": 0.0020635097001763664
}