{
  "bolusiob": 0, 
  "iob": 0.606587573387222, 
  "activity": 0.008858236331569659
}