{
  "bolusiob": 0, 
  "iob": 0.13645887797555564, 
  "activity": 0.00092223104056437
}