{
  "bolusiob": 0, 
  "iob": 0.7898934444154632, 
  "activity": 0.010586631499118166
}