{
  "bolusiob": 0, 
  "iob": 0.3533323933181945, 
  "activity": 0.0018300264550264553
}