{
  "bolusiob": 0, 
  "iob": 0.07176799228480685, 
  "activity": 0.0010366843915343912
}