{
  "bolusiob": 0.00303344146666662, 
  "iob": 0.4537632623666668, 
  "activity": 0.010641975308641973
}