{
  "bolusiob": 0, 
  "iob": 0.42119372362500007, 
  "activity": -0.00021490299823633132
}