{
  "bolusiob": 0, 
  "iob": 0.1236870778899385, 
  "activity": -0.0006691357142857136
}