{
  "bolusiob": 0, 
  "iob": -0.715183090767814, 
  "activity": -0.008094250352733685
}