{
  "bolusiob": 0.37096381623111113, 
  "iob": 1.1961607696539447, 
  "activity": 0.015066931463844795
}