{
  "bolusiob": 0, 
  "iob": 0.31732862149263824, 
  "activity": 0.004580340035273369
}