{
  "bolusiob": 0, 
  "iob": 0.0037789840733333303, 
  "activity": 0.0002135802469135803
}