{
  "bolusiob": 0, 
  "iob": 0.2071348319552803, 
  "activity": 0.0033067105820105817
}