{
  "bolusiob": 0, 
  "iob": 0.14428609712166665, 
  "activity": 0.0014557142857142857
}