{
  "bolusiob": 0, 
  "iob": 0.14833147719944445, 
  "activity": 0.001472821869488536
}