{
  "bolusiob": 0, 
  "iob": 0.48366902208198986, 
  "activity": 0.005624938377425043
}