{
  "bolusiob": 0.13429772159999998, 
  "iob": 1.3832136800388888, 
  "activity": 0.028114109347442677
}