{
  "bolusiob": 0.53958420608, 
  "iob": 1.585270924588622, 
  "activity": 0.02671068818342151
}