{
  "bolusiob": 0, 
  "iob": 0.49372666291833345, 
  "activity": 0.005634250440917105
}