{
  "bolusiob": 0, 
  "iob": 0.2491949256876389, 
  "activity": -0.002263377425044091
}