{
  "bolusiob": 0, 
  "iob": -0.014176859678408257, 
  "activity": 0.00031346548500881856
}