{
  "bolusiob": 0.0702609309333333, 
  "iob": 1.5549091236533337, 
  "activity": 0.04735273368606702
}