{
  "bolusiob": 0, 
  "iob": 0.022463793908333356, 
  "activity": 0.001707142857142857
}