{
  "bolusiob": 0.009791801173333248, 
  "iob": 1.363822284936667, 
  "activity": 0.03693774250440917
}