{
  "bolusiob": 0, 
  "iob": 0.45084600906847233, 
  "activity": 0.00899625220458554
}