{
  "bolusiob": 0, 
  "iob": 0.16199241388536267, 
  "activity": -0.001242636419753086
}