{
  "bolusiob": 3.084919486293333, 
  "iob": 3.1119766111029166, 
  "activity": 0.00277112874779541
}