{
  "bolusiob": 0, 
  "iob": 0.013440614847083341, 
  "activity": 0.0005597442680776012
}