{
  "bolusiob": 0, 
  "iob": 0.782443992681638, 
  "activity": 0.008343253703703701
}