{
  "bolusiob": 0.7158609693600001, 
  "iob": 2.1554686668405556, 
  "activity": 0.02437902998236332
}