{
  "bolusiob": 0, 
  "iob": 0.17444633850277777, 
  "activity": 0.0015350970017636682
}