{
  "bolusiob": 0.18811950048000003, 
  "iob": 1.0887034865671312, 
  "activity": 0.014573906261022925
}