{
  "bolusiob": 0, 
  "iob": 0.6049469334001963, 
  "activity": 0.010194532680776011
}