{
  "bolusiob": 0, 
  "iob": 0.099327010022916662, 
  "activity": -0.0013408818342151671
}