{
  "bolusiob": 0, 
  "iob": 0.4600564899192421, 
  "activity": 0.007232469047619045
}