{
  "bolusiob": 0, 
  "iob": 0.29931776515580244, 
  "activity": 0.0027684742504409166
}