{
  "bolusiob": 0, 
  "iob": -0.7005620119750201, 
  "activity": -0.008788024744268076
}