{
  "bolusiob": 0, 
  "iob": -0.15103105389458335, 
  "activity": -0.0016722663139329807
}