{
  "bolusiob": 0, 
  "iob": 0.473504677069556, 
  "activity": 0.003470282539682539
}