{
  "bolusiob": 0, 
  "iob": 0.08590106674819444, 
  "activity": -0.0018502557319223986
}