{
  "bolusiob": 0, 
  "iob": 0.19700236650508568, 
  "activity": 0.005159215132275132
}