{
  "bolusiob": 0, 
  "iob": 0.3676238918161111, 
  "activity": 0.004345864197530861
}