{
  "bolusiob": 0, 
  "iob": -0.14948249994833374, 
  "activity": 0.00017530864197530603
}