{
  "bolusiob": 0, 
  "iob": 0.861151474672755, 
  "activity": 0.014020608959435618
}