{
  "bolusiob": 0, 
  "iob": 0.1859529732577779, 
  "activity": 0.008050052910052912
}