{
  "bolusiob": 0.03873029166666664, 
  "iob": 0.5597156742415772, 
  "activity": 0.014028800740740737
}