{
  "bolusiob": 0, 
  "iob": 0.17260658928666658, 
  "activity": 0.013116560846560843
}