{
  "bolusiob": 0, 
  "iob": 0.12712471030478295, 
  "activity": 0.002652583862433863
}