{
  "bolusiob": 0, 
  "iob": 0.7057648732854116, 
  "activity": 0.007966670423280423
}