{
  "bolusiob": 0, 
  "iob": 0.31707544876000004, 
  "activity": 0.0018600264550264548
}