{
  "bolusiob": 0, 
  "iob": 0.12975573911704485, 
  "activity": 0.001831991093474427
}