{
  "bolusiob": 0, 
  "iob": 0.20564485804777782, 
  "activity": 0.003483615520282185
}