{
  "bolusiob": 1.3789750703333337, 
  "iob": 3.154563852671065, 
  "activity": 0.02846795649029982
}