{
  "bolusiob": 0, 
  "iob": 0.24300583009111598, 
  "activity": 0.00503843024691358
}