{
  "bolusiob": 0, 
  "iob": -0.27660417788976516, 
  "activity": -0.0001474163139329807
}