{
  "bolusiob": 0, 
  "iob": 0.02929187377541667, 
  "activity": 0.0006241181657848324
}