{
  "bolusiob": 0, 
  "iob": 0.216176723697, 
  "activity": -0.0004949911816578484
}