{
  "bolusiob": 0, 
  "iob": -0.143585270267826, 
  "activity": -0.0021888447089947085
}