{
  "bolusiob": 0, 
  "iob": -0.0022458547800000075, 
  "activity": -0.0008860846560846561
}