{
  "bolusiob": 0, 
  "iob": 0.38826058188055534, 
  "activity": 0.005455432098765429
}