{
  "bolusiob": 0, 
  "iob": 0.617326817608, 
  "activity": 0.013788677248677246
}