{
  "bolusiob": 0, 
  "iob": -0.023353636781515304, 
  "activity": -0.00059911843033509746
}