{
  "bolusiob": 0, 
  "iob": 0.44143195895371296, 
  "activity": 0.003665176543209876
}