{
  "bolusiob": 4.003402490253334, 
  "iob": 6.279554350475555, 
  "activity": 0.040498659611992935
}