{
  "bolusiob": 0, 
  "iob": 0.7643584392433334, 
  "activity": 0.02338500881834215
}