{
  "bolusiob": 0, 
  "iob": 0.1787896874004167, 
  "activity": -0.00022310405643738998
}