{
  "bolusiob": 0, 
  "iob": 0.009178773246666671, 
  "activity": 0.00015626102292768976
}