{
  "bolusiob": 0, 
  "iob": 0.03363624039049974, 
  "activity": -0.0005610407407407402
}