{
  "bolusiob": 0, 
  "iob": 0.19869400452350267, 
  "activity": 0.004534585449735449
}