{
  "bolusiob": 0, 
  "iob": -0.021944191672165325, 
  "activity": -0.0012946471957671953
}