{
  "bolusiob": 0, 
  "iob": 0.05009121193168603, 
  "activity": 0.0019805061904761907
}