{
  "bolusiob": 0, 
  "iob": 0.44130642510761714, 
  "activity": 0.004614524162257496
}