{
  "bolusiob": 0, 
  "iob": -0.06968480778166669, 
  "activity": -0.00199673721340388
}