{
  "bolusiob": 0.5878274403555556, 
  "iob": 1.1856849969665708, 
  "activity": 0.012166798765432094
}