{
  "bolusiob": 0, 
  "iob": -0.045627159773750016, 
  "activity": -0.0012478042328042328
}