{
  "bolusiob": 0, 
  "iob": 0.4561715977705556, 
  "activity": 0.005894356261022926
}