{
  "bolusiob": 0, 
  "iob": -0.26356921216611107, 
  "activity": -0.004509470899470899
}