{
  "bolusiob": 0, 
  "iob": 0.06911605161743486, 
  "activity": -0.0002695591710758379
}