{
  "bolusiob": 0, 
  "iob": -0.20546856459555557, 
  "activity": -0.002058606701940035
}