{
  "bolusiob": 0, 
  "iob": -0.22885166679329866, 
  "activity": -0.0023476807760141093
}