{
  "bolusiob": 0.0022879388400000034, 
  "iob": 0.7102276669523611, 
  "activity": 0.00854995590828924
}