{
  "bolusiob": 0, 
  "iob": 0.05312723193444444, 
  "activity": -0.00024054673721340367
}