{
  "bolusiob": 0, 
  "iob": -0.042355770748333334, 
  "activity": -0.0022854938271604937
}