{
  "bolusiob": 0, 
  "iob": 0.5892169867434723, 
  "activity": 0.009517063492063495
}