{
  "bolusiob": 0, 
  "iob": -0.20380173861291673, 
  "activity": -0.002140308641975308
}