{
  "bolusiob": 0, 
  "iob": 1.3660561937488893, 
  "activity": 0.029972998236331563
}