{
  "bolusiob": 0, 
  "iob": 0.14673746187, 
  "activity": 2.3721340388007316e-05
}