{
  "bolusiob": 0, 
  "iob": 0.1638033845600666, 
  "activity": 0.0012317461552028214
}