{
  "bolusiob": 0, 
  "iob": -0.2166864064671199, 
  "activity": -0.007338297954144619
}