{
  "bolusiob": 0, 
  "iob": 0.12370086364148139, 
  "activity": 0.003510317195767195
}