{
  "bolusiob": 0, 
  "iob": 0.21639249972833333, 
  "activity": -0.0004990740740740742
}