{
  "bolusiob": 0, 
  "iob": 0.032622107356333335, 
  "activity": 0.0013773368606701938
}