{
  "bolusiob": 0, 
  "iob": 0.08305526743111112, 
  "activity": 0.0013495590828924162
}