{
  "bolusiob": 0, 
  "iob": 1.009419213311111, 
  "activity": 0.021459435626102284
}