{
  "bolusiob": 0, 
  "iob": 0.6040990400165429, 
  "activity": 0.008338024338624336
}