{
  "bolusiob": 0, 
  "iob": -0.020389299344444445, 
  "activity": -0.001854902998236331
}