{
  "bolusiob": 0, 
  "iob": 0.6790173744981944, 
  "activity": 0.016344929453262786
}