{
  "bolusiob": 0, 
  "iob": 0.03224103979611111, 
  "activity": 0.000688236331569665
}