{
  "bolusiob": 0, 
  "iob": 0.13995448802416666, 
  "activity": 0.0018410493827160494
}