{
  "bolusiob": 0.16483030546666666, 
  "iob": 1.1068011781766836, 
  "activity": 0.014287680917107581
}