{
  "bolusiob": 0, 
  "iob": -0.14595788344666666, 
  "activity": -0.0003411111111111111
}