{
  "bolusiob": 0, 
  "iob": -0.4170067620194444, 
  "activity": -0.004062513227513227
}