{
  "bolusiob": 0, 
  "iob": 0.1204055296175694, 
  "activity": 0.0036552292768959422
}