{
  "bolusiob": 0.6322702594133333, 
  "iob": 1.488474956243889, 
  "activity": 0.019966155202821866
}