{
  "bolusiob": 0, 
  "iob": 0.18728253238222226, 
  "activity": -0.0001532627865961197
}