{
  "bolusiob": 0, 
  "iob": 0.44164615980048044, 
  "activity": 0.007104514902998236
}