{
  "bolusiob": 2.0450496328533334, 
  "iob": 2.5230064095466664, 
  "activity": 0.010603950617283947
}