{
  "bolusiob": 0, 
  "iob": -0.10957830417777778, 
  "activity": -0.0010087654320987654
}