{
  "bolusiob": 0, 
  "iob": -0.033413096939671774, 
  "activity": 0.00045923897707231005
}