{
  "bolusiob": 1.5356545729422224, 
  "iob": 1.915916585412222, 
  "activity": 0.0174321340388007
}