{
  "bolusiob": 0, 
  "iob": 0.07398690372645833, 
  "activity": 0.0018211199294532628
}