{
  "bolusiob": 0, 
  "iob": 0.5314165774368714, 
  "activity": 0.004549990917107583
}