{
  "bolusiob": 0, 
  "iob": -0.054478734413888896, 
  "activity": 0.0003942857142857144
}