{
  "bolusiob": 0, 
  "iob": 0.11361815771329863, 
  "activity": 0.002122301587301587
}