{
  "bolusiob": 0, 
  "iob": -0.0321062774122222, 
  "activity": 0.00079336860670194
}