{
  "bolusiob": 0, 
  "iob": 0.5305393846576714, 
  "activity": 0.00777819594356261
}