{
  "bolusiob": 0, 
  "iob": 0.12135037224611117, 
  "activity": 0.004051366843033508
}