{
  "bolusiob": 0, 
  "iob": 0.34481757961834725, 
  "activity": 0.002800026455026454
}