{
  "bolusiob": 0, 
  "iob": 0.009039554887222218, 
  "activity": 0.0006618959435626103
}