{
  "bolusiob": 0, 
  "iob": 0.36706308082541667, 
  "activity": 0.0008003703703703703
}