{
  "bolusiob": 0, 
  "iob": 0.6893702368022223, 
  "activity": 0.010119770723104054
}