{
  "bolusiob": 0, 
  "iob": -0.07516162144049264, 
  "activity": -0.0033249470017636682
}