{
  "bolusiob": 0, 
  "iob": -0.1632895476558413, 
  "activity": -0.0008551725749559086
}