{
  "bolusiob": 0, 
  "iob": 0.0048501454549999936, 
  "activity": 0.00023783068783068782
}