{
  "bolusiob": 0.06897305672000009, 
  "iob": 1.5616289417933338, 
  "activity": 0.02357636684303351
}