{
  "bolusiob": 0, 
  "iob": -0.041861941075694464, 
  "activity": 0.00024190476190476165
}