{
  "bolusiob": 0, 
  "iob": 0.49941518240988425, 
  "activity": 0.004334841305114637
}