{
  "bolusiob": 0, 
  "iob": 0.39018907784391993, 
  "activity": 0.0022704939506172834
}