{
  "bolusiob": 0, 
  "iob": 0.35971101593440596, 
  "activity": -0.000546675132275132
}