{
  "bolusiob": 0, 
  "iob": 0.10881349905611112, 
  "activity": 0.0014036684303350968
}