{
  "bolusiob": 0, 
  "iob": 0.035438166797569455, 
  "activity": 0.0010002028218694884
}