{
  "bolusiob": 0, 
  "iob": 0.09187683355055559, 
  "activity": 0.0026321516754850087
}