{
  "bolusiob": 0, 
  "iob": 0.0900851626, 
  "activity": 0.0008944973544973545
}