{
  "bolusiob": 0, 
  "iob": -0.34537186815999993, 
  "activity": -0.004292310405643738
}