{
  "bolusiob": 0, 
  "iob": -0.14183608454555555, 
  "activity": -0.0005147089947089948
}