{
  "bolusiob": 0, 
  "iob": -0.103488911535, 
  "activity": 0.0004911463844797181
}