{
  "bolusiob": 0, 
  "iob": 0.34678789299145285, 
  "activity": 0.0008223901410934747
}