{
  "bolusiob": 0, 
  "iob": -0.05636112570888889, 
  "activity": -0.00023042328042328035
}