{
  "bolusiob": 0, 
  "iob": 0.04470673325680553, 
  "activity": 0.007706781305114635
}