{
  "bolusiob": 0, 
  "iob": 0.0047850967451504075, 
  "activity": 0.00010652548500881837
}