{
  "bolusiob": 1.2900516897955556, 
  "iob": 1.6769612396266667, 
  "activity": 0.007159365079365074
}