{
  "bolusiob": 0, 
  "iob": -0.5782006200077778, 
  "activity": -0.003528165784832452
}