{
  "bolusiob": 0, 
  "iob": 0.5312523652785582, 
  "activity": 0.012510167460317459
}