{
  "bolusiob": 0, 
  "iob": 0.5172392355139398, 
  "activity": 0.004759405202821869
}