{
  "bolusiob": 0, 
  "iob": 0.1767148008731945, 
  "activity": 0.0027692151675485
}