{
  "bolusiob": 0, 
  "iob": 0.4428374165529974, 
  "activity": 0.004821331516754848
}