{
  "bolusiob": 0.1989270722133333, 
  "iob": 1.256452842387222, 
  "activity": 0.019187671957671956
}