{
  "bolusiob": 0, 
  "iob": -0.043629255466881116, 
  "activity": -0.0021252732627865963
}