{
  "bolusiob": 0, 
  "iob": 0.043309137831666705, 
  "activity": 0.002786649029982363
}