{
  "bolusiob": 0, 
  "iob": 0.6347444694705556, 
  "activity": 0.010559171075837738
}