{
  "bolusiob": 0, 
  "iob": 0.9265434307755555, 
  "activity": 0.024452239858906523
}