{
  "bolusiob": 0.8398420770133335, 
  "iob": 1.949196433564126, 
  "activity": 0.017450035185185186
}