{
  "bolusiob": 0, 
  "iob": -0.23639444737319548, 
  "activity": -0.00038338636684303386
}