{
  "bolusiob": 0.43959783295999993, 
  "iob": 2.3223631421449684, 
  "activity": 0.032145414585537914
}