{
  "bolusiob": 0, 
  "iob": -0.14965634409625, 
  "activity": -0.0004545855379188712
}