{
  "bolusiob": 0, 
  "iob": -0.22090824175888898, 
  "activity": -0.002053280423280423
}