{
  "bolusiob": 0, 
  "iob": 0.10682234597113134, 
  "activity": 0.0037781743386243382
}