{
  "bolusiob": 0, 
  "iob": 0.4715696675633332, 
  "activity": 0.02118818342151675
}