{
  "bolusiob": 0, 
  "iob": -0.5838130703698611, 
  "activity": -0.007617283950617282
}