{
  "bolusiob": 0, 
  "iob": 0.10660889213222223, 
  "activity": 0.001134479717813051
}