{
  "bolusiob": 0.04838704000000016, 
  "iob": 1.2245642545755557, 
  "activity": 0.034275890652557324
}