{
  "bolusiob": 0.4361496584533333, 
  "iob": 1.1045585148497226, 
  "activity": 0.014582089947089946
}