{
  "bolusiob": 0, 
  "iob": 0.4074021301166816, 
  "activity": 0.005587049400352733
}