{
  "bolusiob": 0, 
  "iob": 0.1565742601988889, 
  "activity": 0.0014539506172839504
}