{
  "bolusiob": 0, 
  "iob": -0.12123513257777777, 
  "activity": -0.0001494532627865967
}