{
  "bolusiob": 0, 
  "iob": 0.6434986132557955, 
  "activity": 0.0070939513051146335
}