{
  "bolusiob": 0, 
  "iob": 0.05324369312708336, 
  "activity": 0.0012208553791887124
}