{
  "bolusiob": 0, 
  "iob": -0.13094187993015363, 
  "activity": -0.0071176453086419745
}