{
  "bolusiob": 0, 
  "iob": 0.6395440096681946, 
  "activity": 0.00960036155202822
}