{
  "bolusiob": 0, 
  "iob": -0.12820755475277779, 
  "activity": -0.0011652204585537917
}