{
  "bolusiob": 0, 
  "iob": 0.29631152950555556, 
  "activity": 0.003158024691358024
}