{
  "bolusiob": 0, 
  "iob": 0.47174372831833333, 
  "activity": 0.00540758377425044
}