{
  "bolusiob": 0, 
  "iob": 0.29334118687291666, 
  "activity": 0.00040060846560846584
}