{
  "bolusiob": 0, 
  "iob": 0.11479519502388885, 
  "activity": 0.005409832451499114
}