{
  "bolusiob": 0, 
  "iob": 0.14796514314055553, 
  "activity": 0.0029344268077601404
}