{
  "bolusiob": 2.6053821436266666, 
  "iob": 5.803002450762222, 
  "activity": 0.0499458201058201
}