{
  "bolusiob": 0, 
  "iob": -0.020072635893515319, 
  "activity": -0.00065546763668430344
}