{
  "bolusiob": 0.5373628770800001, 
  "iob": 1.6469071930377779, 
  "activity": 0.01705987654320987
}