{
  "bolusiob": 0, 
  "iob": -0.08488624535352536, 
  "activity": 0.0002974728395061725
}