{
  "bolusiob": 0, 
  "iob": 0.26080692259420124, 
  "activity": 6.292779541446207e-05
}