{
  "bolusiob": 0, 
  "iob": -0.07055185171147405, 
  "activity": -0.0019412522927689593
}