{
  "bolusiob": 0, 
  "iob": 0.022259520042009158, 
  "activity": 0.0009529274250440911
}