{
  "bolusiob": 0, 
  "iob": -0.22452716954592958, 
  "activity": -0.0004487655202821871
}