{
  "bolusiob": 0.00244894976000003, 
  "iob": 1.372622073914861, 
  "activity": 0.020553271604938278
}