{
  "bolusiob": 0, 
  "iob": -0.18207665817861113, 
  "activity": -0.0007555026455026457
}