{
  "bolusiob": 0, 
  "iob": -0.09002036145111111, 
  "activity": -0.00047179894179894195
}