{
  "bolusiob": 1.9618929650844448, 
  "iob": 4.973419666154779, 
  "activity": 0.06763377425044091
}