{
  "bolusiob": 0, 
  "iob": 0.09123956854833334, 
  "activity": 0.0021414638447971785
}