{
  "bolusiob": 0, 
  "iob": 0.23877101058944447, 
  "activity": 0.0038315432098765425
}