{
  "bolusiob": 0, 
  "iob": 0.1927155404636111, 
  "activity": 0.0028170546737213403
}