{
  "bolusiob": 0, 
  "iob": 0.212184243279626, 
  "activity": 0.00432858897707231
}