{
  "bolusiob": 0, 
  "iob": 0.32472563171624996, 
  "activity": 0.0015692416225749559
}