{
  "bolusiob": 0.66947028288, 
  "iob": 1.582911484676962, 
  "activity": 0.011351812786596116
}