{
  "bolusiob": 0, 
  "iob": 0.6928378804068515, 
  "activity": 0.010712548412698409
}