{
  "bolusiob": 0.508298141, 
  "iob": 1.451722000404235, 
  "activity": 0.01677283042328042
}