{
  "bolusiob": 0, 
  "iob": -0.23549643594930553, 
  "activity": -0.0006682010582010577
}