{
  "bolusiob": 0, 
  "iob": -0.08412846235486111, 
  "activity": 0.00041370370370370346
}