{
  "bolusiob": 0, 
  "iob": 0.08872300781991144, 
  "activity": -0.00016911813051146367
}