{
  "bolusiob": 0, 
  "iob": 0.1893108197373782, 
  "activity": 0.0026452027336860665
}