{
  "bolusiob": 0, 
  "iob": -0.3793726569727778, 
  "activity": -0.0044542151675485
}