{
  "bolusiob": 0, 
  "iob": 0.46272794027513886, 
  "activity": 0.001725493827160493
}