{
  "bolusiob": 0, 
  "iob": 0.26826895397449046, 
  "activity": 0.0026396828042328036
}