{
  "bolusiob": 0, 
  "iob": 0.41681651072034254, 
  "activity": 0.006695793386243385
}