{
  "bolusiob": 1.1025196134400002, 
  "iob": 2.242730922083889, 
  "activity": 0.016646349206349206
}