{
  "bolusiob": 0, 
  "iob": 1.0149367866605556, 
  "activity": 0.019814109347442675
}