{
  "bolusiob": 0, 
  "iob": 0.1681594264855557, 
  "activity": 0.014617372134038796
}