{
  "bolusiob": 0, 
  "iob": 0.8602490560127778, 
  "activity": 0.021048289241622574
}