{
  "bolusiob": 0.21427939710666666, 
  "iob": 1.1808014993046276, 
  "activity": 0.018518323015873018
}