{
  "bolusiob": 0, 
  "iob": 0.3504272445061109, 
  "activity": 0.0031093915343915262
}