{
  "bolusiob": 0, 
  "iob": 0.15883606583111112, 
  "activity": 0.00079189594356261002
}