{
  "bolusiob": 1.2623290049422222, 
  "iob": 1.666549035412222, 
  "activity": 0.01622578483245149
}