{
  "bolusiob": 0, 
  "iob": -0.5814668529187502, 
  "activity": -0.0015235185185185224
}