{
  "bolusiob": 0, 
  "iob": 0.06434359934708334, 
  "activity": 0.0016632627865961198
}