{
  "bolusiob": 0, 
  "iob": -0.14664789543333334, 
  "activity": -0.0003235802469135802
}