{
  "bolusiob": 0, 
  "iob": -0.14445790954888887, 
  "activity": -0.00043543209876543206
}