{
  "bolusiob": 0, 
  "iob": -0.07836094169180266, 
  "activity": -0.0020155466490299825
}