{
  "bolusiob": 0, 
  "iob": 0.2578133053872223, 
  "activity": 0.0037213492063492056
}