{
  "bolusiob": 0, 
  "iob": -0.1974056694324952, 
  "activity": -0.0013949148148148151
}