{
  "bolusiob": 0.00018306131999997754, 
  "iob": 0.6160595783112082, 
  "activity": 0.014833377160493828
}