{
  "bolusiob": 0, 
  "iob": 0.20069552525930695, 
  "activity": 0.00446923262786596
}