{
  "bolusiob": 0, 
  "iob": -0.25845574330642734, 
  "activity": 0.00032772465608465595
}