{
  "bolusiob": 0, 
  "iob": 0.09784086884361112, 
  "activity": 0.002188774250440917
}