{
  "bolusiob": 0, 
  "iob": 0.11478674931002486, 
  "activity": 0.0025190210758377425
}