{
  "bolusiob": 0.3195072453466668, 
  "iob": 1.1827175043350004, 
  "activity": 0.019414276895943546
}