{
  "bolusiob": 0, 
  "iob": 0.20225788647111115, 
  "activity": 0.00041522045855379167
}