{
  "bolusiob": 0, 
  "iob": 0.06011279594708335, 
  "activity": 0.002293871252204585
}