{
  "bolusiob": 0, 
  "iob": 0.3112302190252533, 
  "activity": 0.0016467902469135803
}