{
  "bolusiob": 0, 
  "iob": 0.06663559428423621, 
  "activity": 0.0021102557319223987
}