{
  "bolusiob": 0, 
  "iob": 0.07495689327256946, 
  "activity": 0.00111526455026455
}