{
  "bolusiob": 0, 
  "iob": 0.4404804327513133, 
  "activity": 0.005216005537918871
}