{
  "bolusiob": 0.4350371140266667, 
  "iob": 1.26578525974, 
  "activity": 0.013209241622574953
}