{
  "bolusiob": 0, 
  "iob": 0.08513147338000002, 
  "activity": 0.0012971604938271605
}