{
  "bolusiob": 0, 
  "iob": 0.5658481815066667, 
  "activity": 0.014581499118165782
}