{
  "bolusiob": 0, 
  "iob": 0.16266406461666666, 
  "activity": -0.00019113756613756608
}