{
  "bolusiob": 0, 
  "iob": 0.3569801746544444, 
  "activity": 0.003908024691358024
}