{
  "bolusiob": 0, 
  "iob": -0.1827246126749944, 
  "activity": -0.000999074197530864
}