{
  "bolusiob": 0, 
  "iob": 0.1894906720483333, 
  "activity": 0.005336701940035271
}