{
  "bolusiob": 0, 
  "iob": 0.6951594435361178, 
  "activity": 0.007332146772486773
}