{
  "bolusiob": 0.01720348170666666, 
  "iob": 0.7975459596504167, 
  "activity": 0.01855798059964726
}