{
  "bolusiob": 0, 
  "iob": -0.03685972800833335, 
  "activity": -0.0035519929453262785
}