{
  "bolusiob": 0.3157886054400001, 
  "iob": 1.7115049680005558, 
  "activity": 0.02407322751322751
}