{
  "bolusiob": 0, 
  "iob": 0.3671684757531388, 
  "activity": 0.0005333597883597879
}