{
  "bolusiob": 0, 
  "iob": -0.6779477661944446, 
  "activity": -0.005841869488536156
}