{
  "bolusiob": 1.8972849374533332, 
  "iob": 2.732101878659445, 
  "activity": 0.017584761904761905
}