{
  "bolusiob": 0.26832833066666667, 
  "iob": 0.7108456740566665, 
  "activity": 0.008400696649029976
}