{
  "bolusiob": 1.2601301440000001, 
  "iob": 1.6381006888066667, 
  "activity": 0.007748624338624336
}