{
  "bolusiob": 0, 
  "iob": 0.06758627441230561, 
  "activity": 0.00427295414462081
}