{
  "bolusiob": 4.198834203804444, 
  "iob": 5.965828857229375, 
  "activity": 0.03294109345679012
}