{
  "bolusiob": 0, 
  "iob": -0.04675129388262153, 
  "activity": 0.0029901146384479723
}