{
  "bolusiob": 0.11225172211999991, 
  "iob": 0.6894178135122223, 
  "activity": 0.008513827160493825
}