{
  "bolusiob": 0, 
  "iob": -0.31104989785466663, 
  "activity": -0.0035930511463844795
}