{
  "bolusiob": 0, 
  "iob": 0.10654873334633883, 
  "activity": 0.00032642869488536146
}