{
  "bolusiob": 0, 
  "iob": -0.6959567132694648, 
  "activity": -0.007894603227513227
}