{
  "bolusiob": 0, 
  "iob": 0.20277088281888886, 
  "activity": 0.002563333333333333
}