{
  "bolusiob": 0, 
  "iob": 0.20477341559944445, 
  "activity": -0.00013740740740740724
}