{
  "bolusiob": 0, 
  "iob": 0.11305252518958239, 
  "activity": 0.0003256438447971784
}