{
  "bolusiob": 0, 
  "iob": 0.6951460775551113, 
  "activity": 0.007832464479717811
}