{
  "bolusiob": 0, 
  "iob": -0.5723089287065278, 
  "activity": -0.0075959700176366825
}