{
  "bolusiob": 0, 
  "iob": -0.05469963196277777, 
  "activity": -0.00033128747795414457
}