{
  "bolusiob": 0, 
  "iob": 0.4916045130960399, 
  "activity": 0.007808591358024691
}