{
  "bolusiob": 0, 
  "iob": -0.2504224620686604, 
  "activity": -0.003246966402116402
}