{
  "bolusiob": 0, 
  "iob": 0.31984650337857162, 
  "activity": 0.0016237657495590831
}