{
  "bolusiob": 0.5396760456799999, 
  "iob": 1.41729046536376, 
  "activity": 0.013966843280423278
}