{
  "bolusiob": 0, 
  "iob": 0.5724585670711112, 
  "activity": 0.009465061728395062
}