{
  "bolusiob": 1.7771180240000002, 
  "iob": 2.740685895543685, 
  "activity": 0.016684356172839497
}