{
  "bolusiob": 0.7777561237333335, 
  "iob": 3.106426180288111, 
  "activity": 0.05776022927689594
}