{
  "bolusiob": 0, 
  "iob": -0.21569913738305704, 
  "activity": -0.0028072750440917105
}