{
  "bolusiob": 0, 
  "iob": -0.006874801333333339, 
  "activity": -0.00040035273368606706
}