{
  "bolusiob": 0, 
  "iob": 0.03419909984708334, 
  "activity": 0.0008772045855379189
}