{
  "bolusiob": 0, 
  "iob": -0.16629237293177487, 
  "activity": -0.0024861286596119924
}