{
  "bolusiob": 0, 
  "iob": -0.40622392529955553, 
  "activity": -0.0034899559082892414
}