{
  "bolusiob": 0, 
  "iob": -0.03142419602097222, 
  "activity": -0.0020919312169312165
}