{
  "bolusiob": 0, 
  "iob": 0.1613713724256755, 
  "activity": 0.0012861729629629628
}