{
  "bolusiob": 0, 
  "iob": 0.7482529136559724, 
  "activity": 0.01723789241622575
}