{
  "bolusiob": 0, 
  "iob": 0.06332405096378357, 
  "activity": 0.001729012081128748
}