{
  "bolusiob": 0, 
  "iob": 0.04893160177777778, 
  "activity": 0.00010864197530864196
}