{
  "bolusiob": 0, 
  "iob": 0.24531277293902778, 
  "activity": 0.0003584391534391527
}