{
  "bolusiob": 0, 
  "iob": -0.08063183352277778, 
  "activity": 0.000891675485008818
}