{
  "bolusiob": 0, 
  "iob": 0.4761777945307931, 
  "activity": 0.0028524782010582008
}