{
  "bolusiob": 0, 
  "iob": 0.5217233976411111, 
  "activity": 0.0041573721340387995
}