{
  "bolusiob": 0, 
  "iob": 0.33686940477632143, 
  "activity": 0.005927874938271604
}