{
  "bolusiob": 0, 
  "iob": 0.40314923563893895, 
  "activity": 0.0047072184303350965
}