{
  "bolusiob": 0.3603701108533333, 
  "iob": 2.1959375546944444, 
  "activity": 0.036953509700176364
}