{
  "bolusiob": 0, 
  "iob": 0.1571928370509393, 
  "activity": 0.0019632979717813053
}