{
  "bolusiob": 0.06645797399999996, 
  "iob": 1.322165735606667, 
  "activity": 0.02446148148148148
}