{
  "bolusiob": 0, 
  "iob": 0.0028465799816666613, 
  "activity": 0.00018721340388007046
}