{
  "bolusiob": 0.25278032448000004, 
  "iob": 1.1615756635774648, 
  "activity": 0.01393898562610229
}