{
  "bolusiob": 0, 
  "iob": 0.380724975203889, 
  "activity": 0.0020829717813051142
}