{
  "bolusiob": 0, 
  "iob": 0.6469323744793269, 
  "activity": 0.006711164215167549
}