{
  "bolusiob": 0, 
  "iob": -0.08692600784722222, 
  "activity": -0.0001838624338624345
}