{
  "bolusiob": 0, 
  "iob": 0.33290991098868056, 
  "activity": 0.006549955908289241
}