{
  "bolusiob": 0, 
  "iob": 0.6844290113052779, 
  "activity": 0.008035185185185183
}