{
  "bolusiob": 0, 
  "iob": -0.37359327274166676, 
  "activity": -0.004410873015873014
}