{
  "bolusiob": 0, 
  "iob": 0.4096030392072222, 
  "activity": 0.0033303439153439143
}