{
  "bolusiob": 0, 
  "iob": 0.10914650136006712, 
  "activity": 0.0014472283950617277
}