{
  "bolusiob": 0, 
  "iob": 0.05427919156333336, 
  "activity": -4.726631393298037e-05
}