{
  "bolusiob": 0, 
  "iob": 0.10615668507402778, 
  "activity": -0.0009515167548500876
}