{
  "bolusiob": 0, 
  "iob": -0.030167707203194463, 
  "activity": -0.0009256878306878306
}