{
  "bolusiob": 0, 
  "iob": 0.30161589242700004, 
  "activity": 0.004501904761904762
}