{
  "bolusiob": 0, 
  "iob": -0.16674933760352775, 
  "activity": -0.006040758377425043
}