{
  "bolusiob": 0, 
  "iob": 0.06986446041793083, 
  "activity": 0.0022731038800705462
}