{
  "bolusiob": 0, 
  "iob": 0.5968859203532897, 
  "activity": 0.004784171022927689
}