{
  "bolusiob": 0, 
  "iob": -0.003288794821250003, 
  "activity": -0.0008815608465608467
}