{
  "bolusiob": 0, 
  "iob": 0.07225051958125706, 
  "activity": -0.0013547795061728393
}