{
  "bolusiob": 0, 
  "iob": -0.5723588277070834, 
  "activity": -0.007241878306878308
}