{
  "bolusiob": 0.5593807013333333, 
  "iob": 1.3285270836702778, 
  "activity": 0.014807768959435624
}