{
  "bolusiob": 0, 
  "iob": 0.6963839296358515, 
  "activity": 0.010756234479717807
}