{
  "bolusiob": 0, 
  "iob": 0.47847217477777787, 
  "activity": 0.002723280423280423
}