{
  "bolusiob": 0, 
  "iob": 0.009736218503333317, 
  "activity": 0.0003242592592592593
}