{
  "bolusiob": 0, 
  "iob": 0.7099691353538891, 
  "activity": 0.012251331569664905
}