{
  "bolusiob": 0, 
  "iob": -0.029954067076146257, 
  "activity": 0.000581992857142857
}