{
  "bolusiob": 0, 
  "iob": -0.0007809563157638796, 
  "activity": 0.0006303968253968251
}