{
  "bolusiob": 0, 
  "iob": -0.18846010324805557, 
  "activity": -0.00047592592592592603
}