{
  "bolusiob": 0.7989859271111112, 
  "iob": 1.7363629658944446, 
  "activity": 0.022880176366843034
}