{
  "bolusiob": 0, 
  "iob": 0.45142946689955565, 
  "activity": 0.004929869488536155
}