{
  "bolusiob": 0, 
  "iob": 0.19943638275722222, 
  "activity": 0.0014296384479717812
}