{
  "bolusiob": 0, 
  "iob": -0.15286337045124487, 
  "activity": -0.0026196383597883593
}