{
  "bolusiob": 0, 
  "iob": 0.270731539522, 
  "activity": 0.002474814814814814
}