{
  "bolusiob": 0, 
  "iob": 0.19830698626444448, 
  "activity": 0.0014456349206349208
}