{
  "bolusiob": 0, 
  "iob": 0.010606484293333327, 
  "activity": 0.00010352733686067029
}