{
  "bolusiob": 0, 
  "iob": -0.5337728197609722, 
  "activity": -0.007380176366843032
}