{
  "bolusiob": 0, 
  "iob": 0.42652765600555564, 
  "activity": 0.003661922398589065
}