{
  "bolusiob": 0, 
  "iob": -0.22983545473833333, 
  "activity": -0.0016593827160493826
}