{
  "bolusiob": 0, 
  "iob": -0.22416561959166667, 
  "activity": -0.0020650529100529097
}