{
  "bolusiob": 0, 
  "iob": 0.5899522974955556, 
  "activity": 0.006743245149911817
}