{
  "bolusiob": 0, 
  "iob": 0.3202787406883334, 
  "activity": 0.00586216049382716
}