{
  "bolusiob": 0, 
  "iob": 0.215721771075, 
  "activity": 0.0019051675485008816
}