{
  "bolusiob": 0, 
  "iob": 0.43298443947756593, 
  "activity": 0.007292751234567901
}