{
  "bolusiob": 0, 
  "iob": 0.3327611455726046, 
  "activity": 0.004641799047619048
}