{
  "bolusiob": 0, 
  "iob": 0.2384274555361111, 
  "activity": 0.004379814814814815
}