{
  "bolusiob": 0, 
  "iob": 0.009451901883749997, 
  "activity": 0.0008109788359788357
}