{
  "bolusiob": 0, 
  "iob": 0.004808946554999999, 
  "activity": -0.0007060846560846562
}