{
  "bolusiob": 0, 
  "iob": -0.04857019373402779, 
  "activity": 0.00015577601410934742
}