{
  "bolusiob": 0, 
  "iob": -0.08247066419149801, 
  "activity": -0.0035420808818342146
}