{
  "bolusiob": 0, 
  "iob": 0.3201562968511112, 
  "activity": 0.001351728395061728
}