{
  "bolusiob": 0, 
  "iob": 0.02055342409, 
  "activity": 3.566137566137563e-05
}