{
  "bolusiob": 0, 
  "iob": -0.7376254690904293, 
  "activity": -0.008987707142857142
}