{
  "bolusiob": 0, 
  "iob": -0.05079550083434725, 
  "activity": -0.000927574955908289
}