{
  "bolusiob": 0, 
  "iob": 0.1387987101789636, 
  "activity": 0.0016107404761904762
}