{
  "bolusiob": 0, 
  "iob": 0.18621288477333336, 
  "activity": 0.000617037037037037
}