{
  "bolusiob": 0, 
  "iob": 0.5827371193879717, 
  "activity": 0.006240611022927689
}