{
  "bolusiob": 0, 
  "iob": -0.22733451547076516, 
  "activity": 0.00019882707231040565
}