{
  "bolusiob": 0, 
  "iob": -0.024028774081527787, 
  "activity": -0.0005935008818342151
}