{
  "bolusiob": 0, 
  "iob": -0.21991244518900005, 
  "activity": -0.0008124867724867721
}