{
  "bolusiob": 0, 
  "iob": 0.8849757933333335, 
  "activity": 0.034426807760141086
}