{
  "bolusiob": 0.007411451520000157, 
  "iob": 1.1451741927462629, 
  "activity": 0.022981454938271598
}