{
  "bolusiob": 0, 
  "iob": -0.1019983967816667, 
  "activity": -0.0024043562610229275
}