{
  "bolusiob": 0, 
  "iob": 0.36937384509628707, 
  "activity": 0.005067583686067019
}