{
  "bolusiob": 0, 
  "iob": 0.47361003993415635, 
  "activity": 0.0046785366313932975
}