{
  "bolusiob": 1.14675929664, 
  "iob": 1.18882585296, 
  "activity": 0.003615238095238094
}