{
  "bolusiob": 0, 
  "iob": 0.11455336367660043, 
  "activity": 0.00244821860670194
}