{
  "bolusiob": 0, 
  "iob": 0.5335263997926181, 
  "activity": 0.004741822398589064
}