{
  "bolusiob": 1.2102301193955556, 
  "iob": 1.6456897822044445, 
  "activity": 0.008377707231040563
}