{
  "bolusiob": 0, 
  "iob": 0.07154032528541668, 
  "activity": 0.0025048059964726628
}