{
  "bolusiob": 0, 
  "iob": -0.15385664759624998, 
  "activity": 6.922398589065268e-05
}