{
  "bolusiob": 0, 
  "iob": 0.008044513250555545, 
  "activity": -0.0006461552028218694
}