{
  "bolusiob": 1.8895497275555553, 
  "iob": 3.3869383712290966, 
  "activity": 0.02535255987654321
}