{
  "bolusiob": 0, 
  "iob": 0.1156556907977778, 
  "activity": 0.004589559082892417
}