{
  "bolusiob": 0, 
  "iob": 0.14463313180111115, 
  "activity": 0.0035553527336860675
}