{
  "bolusiob": 0, 
  "iob": 0.6847072285607289, 
  "activity": 0.007651650705467371
}