{
  "bolusiob": 0, 
  "iob": 0.2525223723672671, 
  "activity": 0.002089911728395061
}