{
  "bolusiob": 0, 
  "iob": -0.06867026094100376, 
  "activity": 0.0011726544268077601
}