{
  "bolusiob": 0, 
  "iob": 0.5140597885220867, 
  "activity": 0.007493368730158729
}