{
  "bolusiob": 0, 
  "iob": 0.21905613813816704, 
  "activity": 0.004763527248677248
}