{
  "bolusiob": 0, 
  "iob": -0.041159380094999996, 
  "activity": 0.002303192239858906
}