{
  "bolusiob": 0, 
  "iob": 0.30416855860638886, 
  "activity": 0.006881455026455025
}