{
  "bolusiob": 0, 
  "iob": -0.4771193901572224, 
  "activity": -0.007102416225749559
}