{
  "bolusiob": 0, 
  "iob": -0.239954717932813, 
  "activity": 0.00035059955908289207
}