{
  "bolusiob": 0, 
  "iob": -0.068395878755, 
  "activity": -0.0010925396825396828
}