{
  "bolusiob": 0.005115341439999988, 
  "iob": 0.694726468888889, 
  "activity": 0.008875943562610228
}