{
  "bolusiob": 0.026242310399999802, 
  "iob": 1.3395037649133328, 
  "activity": 0.04323950617283949
}