{
  "bolusiob": 0, 
  "iob": 0.1125898095400002, 
  "activity": 0.0004963403880070546
}