{
  "bolusiob": 0, 
  "iob": 0.45086611389500003, 
  "activity": 0.015473571428571425
}