{
  "bolusiob": 0, 
  "iob": 0.36263824393786614, 
  "activity": 0.003613192010582011
}