{
  "bolusiob": 0.08986629166666665, 
  "iob": 0.7018297998303878, 
  "activity": 0.014559823809523807
}