{
  "bolusiob": 0, 
  "iob": 0.13003363289888892, 
  "activity": 0.001418818342151675
}