{
  "bolusiob": 0, 
  "iob": 0.19496758605445197, 
  "activity": -0.0016019839329805999
}