{
  "bolusiob": 0, 
  "iob": 0.42460128460763896, 
  "activity": 0.002949356261022926
}