{
  "bolusiob": 0, 
  "iob": 0.3026238549520833, 
  "activity": 0.0016457142857142855
}