{
  "bolusiob": 0, 
  "iob": 0.05588777476166667, 
  "activity": 0.0007810758377425044
}