{
  "bolusiob": 0.2776620358800001, 
  "iob": 1.3776396464181386, 
  "activity": 0.02240243423280423
}