{
  "bolusiob": 0, 
  "iob": 0.2726657801155555, 
  "activity": 0.005957848324514989
}