{
  "bolusiob": 0, 
  "iob": 0.2092309164208889, 
  "activity": 0.002291975308641973
}