{
  "bolusiob": 0, 
  "iob": 0.24015522531801772, 
  "activity": 0.0007253704938271604
}