{
  "bolusiob": 0, 
  "iob": 2.082632299733334, 
  "activity": 0.050712522045855378
}