{
  "bolusiob": 0, 
  "iob": -0.36254514278888894, 
  "activity": -0.0013955908289241623
}