{
  "bolusiob": 0, 
  "iob": 0.3485154796911459, 
  "activity": 0.003430061728395062
}