{
  "bolusiob": 0, 
  "iob": -0.08469516562888889, 
  "activity": -0.0005490123456790123
}