{
  "bolusiob": 0, 
  "iob": -0.18323698845833336, 
  "activity": -0.0018353968253968253
}