{
  "bolusiob": 0, 
  "iob": 0.05366790350400548, 
  "activity": 0.0005746297530864197
}