{
  "bolusiob": 0, 
  "iob": 0.05078198646444445, 
  "activity": 0.00021327160493827153
}