{
  "bolusiob": 0, 
  "iob": 0.7786036507018057, 
  "activity": 0.00469752204585538
}