{
  "bolusiob": 0, 
  "iob": 0.32142419291277785, 
  "activity": 0.00198705467372134
}