{
  "bolusiob": 0, 
  "iob": 0.4660366240401389, 
  "activity": 0.008320343915343911
}