{
  "bolusiob": 0, 
  "iob": -0.23795383836999998, 
  "activity": 0.0066803350970017624
}