{
  "bolusiob": 0, 
  "iob": 0.37524457660722266, 
  "activity": 0.01864622574955908
}