{
  "bolusiob": 0, 
  "iob": 0.3589765867666326, 
  "activity": 0.004046201640211641
}