{
  "bolusiob": 0, 
  "iob": 0.44222658811111115, 
  "activity": 0.002987125220458554
}