{
  "bolusiob": 0, 
  "iob": 0.34015323746932402, 
  "activity": 0.0021793566313932974
}