{
  "bolusiob": 0.06394176799999984, 
  "iob": 1.7512122982321292, 
  "activity": 0.038298236067019376
}