{
  "bolusiob": 0, 
  "iob": 0.6902183106002745, 
  "activity": 0.007825207671957667
}