{
  "bolusiob": 0, 
  "iob": 0.5595870540633334, 
  "activity": 0.012133597883597878
}