{
  "bolusiob": 0, 
  "iob": 0.29736668439444447, 
  "activity": 0.0010764021164021164
}