{
  "bolusiob": 0.08723326879999985, 
  "iob": 1.167717446104792, 
  "activity": 0.02277150793650793
}