{
  "bolusiob": 0, 
  "iob": 0.057039283702083346, 
  "activity": 0.0001570458553791887
}