{
  "bolusiob": 0, 
  "iob": -0.09542960394544152, 
  "activity": -0.0018657230158730153
}