{
  "bolusiob": 0.823614394666667, 
  "iob": 1.6764697715741113, 
  "activity": 0.012680687830687827
}