{
  "bolusiob": 0, 
  "iob": 0.6036730732633697, 
  "activity": 0.008665106296296292
}