{
  "netbasalinsulin": -0.050000000000000003, 
  "activity": 0.013599999999999999, 
  "basaliob": -0.012, 
  "hightempinsulin": 0.050000000000000003, 
  "bolussnooze": 0, 
  "iob": 0.33400000000000002
}