{
  "bolusiob": 0, 
  "iob": -0.09917253752157071, 
  "activity": -0.001691375749559083
}