{
  "bolusiob": 0, 
  "iob": -0.022964395845864093, 
  "activity": 0.0008615786772486777
}