{
  "bolusiob": 0, 
  "iob": 0.06677467612432375, 
  "activity": -6.384488536155232e-05
}