{
  "bolusiob": 0.007042225066666852, 
  "iob": 1.075346760806667, 
  "activity": 0.023264056437389772
}