{
  "bolusiob": 0, 
  "iob": 0.21759918572875003, 
  "activity": 0.0020285273368606696
}