{
  "bolusiob": 0, 
  "iob": 0.00015236498166667503, 
  "activity": 5.493827160493815e-05
}