{
  "bolusiob": 1.3557699584000003, 
  "iob": 4.1741250495999997, 
  "activity": 0.044488888888888883
}