{
  "bolusiob": 0, 
  "iob": 0.18876672546812437, 
  "activity": 0.002022901358024691
}