{
  "bolusiob": 0, 
  "iob": -0.07160960169263889, 
  "activity": -0.00048521164021164014
}