{
  "bolusiob": 0, 
  "iob": 0.11732603407722227, 
  "activity": -0.00014390652557319229
}