{
  "bolusiob": 0, 
  "iob": -0.10596369705013892, 
  "activity": -0.0017780776014109346
}