{
  "bolusiob": 0, 
  "iob": -0.544991279503, 
  "activity": -0.002620299823633157
}