{
  "bolusiob": 0, 
  "iob": 0.02560114755869588, 
  "activity": 0.002002645114638447
}