{
  "bolusiob": 0, 
  "iob": 0.17109067953674784, 
  "activity": 8.387162257495595e-05
}