{
  "bolusiob": 0, 
  "iob": -0.03227193903388888, 
  "activity": -0.00035185185185185157
}