{
  "bolusiob": 0, 
  "iob": 0.1473375802237682, 
  "activity": 0.001957971693121693
}