{
  "bolusiob": 0, 
  "iob": 0.865238114356502, 
  "activity": 0.014513439276895941
}