{
  "bolusiob": 0, 
  "iob": -0.04807990256347223, 
  "activity": 0.0021554585537918868
}