{
  "bolusiob": 0, 
  "iob": -0.09241038172805556, 
  "activity": 0.00010354497354497337
}