{
  "bolusiob": 0, 
  "iob": 0.3170649553901389, 
  "activity": 0.0033245679012345675
}