{
  "bolusiob": 0, 
  "iob": -0.3776563185857778, 
  "activity": -5.9947089947090175e-05
}