{
  "bolusiob": 0, 
  "iob": -0.050883585509999996, 
  "activity": -0.0009005114638447971
}