{
  "bolusiob": 0, 
  "iob": -0.22219544482562928, 
  "activity": 0.0005506614638447978
}