{
  "bolusiob": 0, 
  "iob": 0.12307022470555558, 
  "activity": 0.003755573192239857
}