{
  "bolusiob": 0, 
  "iob": 0.6665650537592359, 
  "activity": 0.017566816578483236
}