{
  "bolusiob": 0, 
  "iob": 0.44050319466000004, 
  "activity": 0.0038270370370370368
}