{
  "bolusiob": 0, 
  "iob": 0.461156813388642, 
  "activity": 0.006853932804232801
}