{
  "bolusiob": 0.169151502546666, 
  "iob": 2.249526424457777, 
  "activity": 0.04636712522045854
}