{
  "bolusiob": 0, 
  "iob": 0.14886660639422222, 
  "activity": 0.002072716049382716
}