{
  "bolusiob": 0, 
  "iob": -0.23453011723352776, 
  "activity": -0.0014169753086419748
}