{
  "bolusiob": 0, 
  "iob": 1.2420387543450002, 
  "activity": 0.03694708994708994
}