{
  "bolusiob": 1.768125191964445, 
  "iob": 2.6755126108650003, 
  "activity": 0.0193029188712522
}