{
  "bolusiob": 0, 
  "iob": 0.7301780435267501, 
  "activity": 0.007729735449735448
}