{
  "bolusiob": 0, 
  "iob": -0.23544211854588887, 
  "activity": -0.005070925925925926
}