{
  "bolusiob": 0, 
  "iob": -0.2739252386598611, 
  "activity": -0.0013340917107583776
}