{
  "bolusiob": 0.16067841045333336, 
  "iob": 2.3411835377630443, 
  "activity": 0.04729121693121692
}