{
  "bolusiob": 0.01460719551999996, 
  "iob": 0.43457959190638895, 
  "activity": 0.00769268959435626
}