{
  "bolusiob": 0, 
  "iob": 0.18860296801430557, 
  "activity": 0.0021880070546737213
}