{
  "bolusiob": 0, 
  "iob": -0.115340036438, 
  "activity": 0.0013054144620811288
}