{
  "bolusiob": 0, 
  "iob": 0.41554395873244443, 
  "activity": 0.002769435626102292
}