{
  "bolusiob": 0.331827704, 
  "iob": 1.194501309035, 
  "activity": 0.014162610229276893
}