{
  "bolusiob": 0, 
  "iob": 0.42636402820049296, 
  "activity": 0.004193791534391534
}