{
  "bolusiob": 0, 
  "iob": 0.8089074865861848, 
  "activity": 0.010857857054673719
}