{
  "bolusiob": 5.391260702737777, 
  "iob": 6.659918469011111, 
  "activity": 0.03112261022927689
}