{
  "bolusiob": 0, 
  "iob": -0.4171705084662499, 
  "activity": 0.0006189329805996465
}