{
  "bolusiob": 0, 
  "iob": 0.3711454437471564, 
  "activity": 0.003314214991181658
}