{
  "bolusiob": 0, 
  "iob": 0.5045508142707777, 
  "activity": 0.0052240740740740746
}