{
  "bolusiob": 0, 
  "iob": 0.2193629439783334, 
  "activity": 0.0038793738977072304
}