{
  "bolusiob": 0, 
  "iob": -0.19716616391333344, 
  "activity": -0.0005327336860670221
}