{
  "bolusiob": 0, 
  "iob": 0.16615158837977778, 
  "activity": 0.00029749559082892414
}