{
  "bolusiob": 0, 
  "iob": -0.013336546929027769, 
  "activity": 0.0010279982363315696
}