{
  "bolusiob": 0, 
  "iob": 0.31877269025978827, 
  "activity": 0.004054232716049383
}