{
  "bolusiob": 0, 
  "iob": -0.7115488524159849, 
  "activity": -0.008906825308641972
}