{
  "bolusiob": 0, 
  "iob": -0.1619917255460278, 
  "activity": -0.0001998148148148151
}