{
  "bolusiob": 0, 
  "iob": -0.3195488741377778, 
  "activity": -0.0009726278659611992
}