{
  "bolusiob": 0, 
  "iob": 0.38569984133888885, 
  "activity": 0.0042227689594356264
}