{
  "bolusiob": 0, 
  "iob": 0.27869065164001644, 
  "activity": -0.0004934656613756613
}