{
  "bolusiob": 0, 
  "iob": 0.14972759641666672, 
  "activity": 0.004184303350970017
}