{
  "bolusiob": 0, 
  "iob": -0.16430521040277782, 
  "activity": -0.0019153968253968255
}