{
  "bolusiob": 0, 
  "iob": 0.3644679357087766, 
  "activity": 0.008234950705467368
}