{
  "bolusiob": 0, 
  "iob": 0.08618748246642215, 
  "activity": -0.0017195060493827158
}