{
  "bolusiob": 0, 
  "iob": -0.063039438805, 
  "activity": 0.0014239682539682534
}