{
  "bolusiob": 0.06318352799999997, 
  "iob": 0.7222459151209033, 
  "activity": 0.01466215148148148
}