{
  "bolusiob": 0, 
  "iob": 0.524287665386889, 
  "activity": 0.0062921693121693115
}