{
  "bolusiob": 0, 
  "iob": 0.7698183320422224, 
  "activity": 0.02762650793650793
}