{
  "bolusiob": 0, 
  "iob": 0.24152901127380247, 
  "activity": 0.0037228481481481474
}