{
  "bolusiob": 0, 
  "iob": 0.15556148815611112, 
  "activity": 0.0013214197530864197
}