{
  "bolusiob": 0, 
  "iob": 0.3848406070214445, 
  "activity": 0.00484268077601411
}