{
  "bolusiob": 0, 
  "iob": 0.059031563966527784, 
  "activity": -0.0007343121693121692
}