{
  "bolusiob": 0, 
  "iob": -0.12678921824000003, 
  "activity": -0.00052978835978836
}