{
  "bolusiob": 0.3228275259733333, 
  "iob": 1.598997260915556, 
  "activity": 0.018801472663139335
}