{
  "bolusiob": 0, 
  "iob": -0.13584895858527785, 
  "activity": -0.0005834920634920635
}