{
  "bolusiob": 0, 
  "iob": 0.8509946932995833, 
  "activity": 0.005437222222222223
}