{
  "bolusiob": 0, 
  "iob": 0.3648538335015821, 
  "activity": 0.004753324761904763
}