{
  "bolusiob": 0, 
  "iob": 0.44104801366199997, 
  "activity": 0.004374744391534391
}