{
  "bolusiob": 0, 
  "iob": -0.15833517840346661, 
  "activity": 0.004184641358024688
}