{
  "bolusiob": 0, 
  "iob": 0.09157977887499993, 
  "activity": 0.0067540828924162214
}