{
  "bolusiob": 0, 
  "iob": 0.014520322487027768, 
  "activity": 0.0006390388007054671
}