{
  "bolusiob": 0, 
  "iob": 0.24641620060561978, 
  "activity": 0.00037155222222222216
}