{
  "bolusiob": 0.08469656106666668, 
  "iob": 1.8210345090844444, 
  "activity": 0.041523809523809525
}