{
  "bolusiob": 0, 
  "iob": 0.14854700756100517, 
  "activity": 0.0024121076719576715
}