{
  "bolusiob": 0, 
  "iob": -0.29430478274930555, 
  "activity": -0.002632231040564374
}