{
  "bolusiob": 0, 
  "iob": 0.23546012006620978, 
  "activity": 0.0013900442857142858
}