{
  "bolusiob": 0, 
  "iob": 0.08819919008888863, 
  "activity": 0.009858941798941792
}