{
  "bolusiob": 0, 
  "iob": 0.09474750050019994, 
  "activity": 0.001870599770723104
}