{
  "bolusiob": 0, 
  "iob": 0.28212455110055557, 
  "activity": 0.004370238095238094
}