{
  "bolusiob": 0, 
  "iob": 0.596038214548889, 
  "activity": 0.009365978835978834
}