{
  "bolusiob": 0, 
  "iob": -0.09842209799124457, 
  "activity": -0.004328447848324515
}