{
  "bolusiob": 0, 
  "iob": 0.6304905524676602, 
  "activity": 0.006518236525573192
}