{
  "bolusiob": 0, 
  "iob": 0.21378471273088892, 
  "activity": -0.0007069488536155205
}