{
  "bolusiob": 0, 
  "iob": -0.07186124874930558, 
  "activity": -0.0019279453262786596
}