{
  "bolusiob": 0, 
  "iob": 0.29779470153233456, 
  "activity": 0.0027931422398589055
}