{
  "bolusiob": 0, 
  "iob": 0.5134285571259525, 
  "activity": 0.004140511199294532
}