{
  "bolusiob": 0, 
  "iob": 0.6421082600972711, 
  "activity": 0.0038514286772486765
}