{
  "bolusiob": 0, 
  "iob": 0.5663883327749059, 
  "activity": 0.012548708730158726
}