{
  "bolusiob": 1.122806272, 
  "iob": 1.5868797550833333, 
  "activity": 0.01582310405643738
}