{
  "bolusiob": 0, 
  "iob": 0.6515064628387501, 
  "activity": 0.01529706349206349
}