{
  "bolusiob": 0, 
  "iob": 0.35016161904519694, 
  "activity": 0.004626463580246912
}