{
  "bolusiob": 9.407488000015008e-05, 
  "iob": 1.4267632366516667, 
  "activity": 0.039463492063492055
}