{
  "bolusiob": 0, 
  "iob": 0.04468921832444445, 
  "activity": -0.00031396825396825406
}