{
  "bolusiob": 0, 
  "iob": 0.293587709950246, 
  "activity": 0.0005698944444444444
}