{
  "bolusiob": 0, 
  "iob": 0.11640724851712025, 
  "activity": 0.0014016223104056432
}