{
  "bolusiob": 0.31309068757333347, 
  "iob": 2.0492913910044446, 
  "activity": 0.031865679012345674
}