{
  "bolusiob": 0, 
  "iob": 0.11833793168194448, 
  "activity": 0.002317301587301587
}