{
  "bolusiob": 0, 
  "iob": 0.0022113258087499976, 
  "activity": 0.00024246031746031732
}