{
  "bolusiob": 0.890781368, 
  "iob": 2.846579243071907, 
  "activity": 0.03155580220458553
}