{
  "bolusiob": 0, 
  "iob": 0.47187464948630375, 
  "activity": 0.0035427635802469126
}