{
  "bolusiob": 0, 
  "iob": 0.25684961696722225, 
  "activity": 0.004491860670194003
}