{
  "bolusiob": 0, 
  "iob": 0.09931490610222224, 
  "activity": 0.00010543209876543209
}