{
  "bolusiob": 0, 
  "iob": -0.1591802338911682, 
  "activity": -0.0031749999118165784
}