{
  "bolusiob": 0, 
  "iob": -0.09684988106499998, 
  "activity": 0.0008476719576719575
}