{
  "bolusiob": 0, 
  "iob": -0.30716196805624996, 
  "activity": 0.0019849470899470905
}