{
  "bolusiob": 1.58691569408, 
  "iob": 2.4591102154704028, 
  "activity": 0.013943985802469132
}