{
  "bolusiob": 0, 
  "iob": 0.3716004968133334, 
  "activity": 0.011521940035273365
}