{
  "bolusiob": 0, 
  "iob": -0.06404758768757994, 
  "activity": 0.0017295355379188713
}