{
  "bolusiob": 0, 
  "iob": -0.594155861457639, 
  "activity": -0.0060608730158730134
}