{
  "bolusiob": 0.9434648115200001, 
  "iob": 1.5289437053955557, 
  "activity": 0.011188712522045854
}