{
  "bolusiob": 0, 
  "iob": 0.00958667793444444, 
  "activity": -0.000519753086419753
}