{
  "bolusiob": 0, 
  "iob": 0.14842541725333336, 
  "activity": 0.00019185185185185182
}