{
  "bolusiob": 0, 
  "iob": -0.1399760621539914, 
  "activity": -0.004234391287477954
}