{
  "bolusiob": 0, 
  "iob": 0.035337428458089515, 
  "activity": -8.421640211640022e-06
}