{
  "bolusiob": 0, 
  "iob": 0.017674039043749992, 
  "activity": 0.00085542328042328
}