{
  "bolusiob": 0, 
  "iob": 0.19824894954840017, 
  "activity": 0.00021652567901234564
}