{
  "bolusiob": 0, 
  "iob": 0.9593804589044443, 
  "activity": 0.020012398589065245
}