{
  "bolusiob": 0, 
  "iob": 0.5092814972557779, 
  "activity": 0.011111499118165783
}