{
  "bolusiob": 0, 
  "iob": 0.6480845557899999, 
  "activity": 0.00788405643738977
}