{
  "bolusiob": 0, 
  "iob": 0.6247593128912935, 
  "activity": 0.005787390052910053
}