{
  "bolusiob": 0, 
  "iob": -0.14841318614196508, 
  "activity": 0.004300282063492057
}