{
  "bolusiob": 0, 
  "iob": -0.039719165841666675, 
  "activity": 0.00023350970017636677
}