{
  "bolusiob": 0, 
  "iob": -0.07042185887388888, 
  "activity": 0.0012826807760141091
}