{
  "bolusiob": 0, 
  "iob": -0.2147513752618056, 
  "activity": -0.002107821869488536
}