{
  "bolusiob": 0, 
  "iob": 0.0030936924664583237, 
  "activity": 0.00048461199294532603
}