{
  "bolusiob": 0, 
  "iob": -0.5080213580480001, 
  "activity": -0.001971940035273368
}