{
  "bolusiob": 0, 
  "iob": 0.18851003764222224, 
  "activity": 0.0025446560846560835
}