{
  "bolusiob": 0, 
  "iob": -0.1328030288058713, 
  "activity": -0.004343456543209875
}