{
  "bolusiob": 0, 
  "iob": 0.3303213625503334, 
  "activity": 0.0049398236331569655
}