{
  "bolusiob": 0, 
  "iob": 0.3157967376659722, 
  "activity": -0.0014203439153439152
}