{
  "bolusiob": 0, 
  "iob": 0.567105287793889, 
  "activity": 0.00435873897707231
}