{
  "bolusiob": 0, 
  "iob": -0.3313908362583334, 
  "activity": -0.005498430335097001
}