{
  "bolusiob": 0, 
  "iob": 0.23329366408567875, 
  "activity": 0.0041051060670193994
}