{
  "bolusiob": 0, 
  "iob": -0.058151828020000004, 
  "activity": -3.46913580246913e-05
}