{
  "bolusiob": 0, 
  "iob": 0.1987854719592844, 
  "activity": 0.0018395680246913579
}