{
  "bolusiob": 0, 
  "iob": -0.0880013106383333, 
  "activity": 0.0009933509700176364
}