{
  "bolusiob": 0, 
  "iob": -0.09061862767222224, 
  "activity": -0.0021194003527336856
}