{
  "bolusiob": 0, 
  "iob": -0.17531199268402778, 
  "activity": -0.0021063403880070544
}