{
  "bolusiob": 0, 
  "iob": 0.4319311448713195, 
  "activity": 0.004133809523809523
}