{
  "bolusiob": 0, 
  "iob": 0.49601298002722227, 
  "activity": 0.007032910052910052
}