{
  "bolusiob": 0, 
  "iob": 0.21016329294444444, 
  "activity": 0.0003967372134038801
}