{
  "bolusiob": 0, 
  "iob": 0.1275582921445404, 
  "activity": -0.0006932099647266318
}