{
  "bolusiob": 0, 
  "iob": 0.2925964746836403, 
  "activity": 0.002928615343915344
}