{
  "bolusiob": 0, 
  "iob": 0.05075104317819444, 
  "activity": 0.00029140211640211626
}