{
  "bolusiob": 0.4829012957866667, 
  "iob": 1.2759500015288892, 
  "activity": 0.012479929453262786
}