{
  "bolusiob": 0, 
  "iob": 0.3803523286788891, 
  "activity": 0.007410273368606703
}