{
  "bolusiob": 0, 
  "iob": 0.014372902775972219, 
  "activity": -0.0004663227513227513
}