{
  "bolusiob": 0, 
  "iob": 0.0674215236125, 
  "activity": 0.0018459788359788355
}