{
  "bolusiob": 0, 
  "iob": 0.4265667842044444, 
  "activity": 0.010480864197530856
}