{
  "bolusiob": 0, 
  "iob": 0.8689409268888892, 
  "activity": 0.01900479717813051
}