{
  "bolusiob": 0, 
  "iob": -0.016243747478888917, 
  "activity": -0.0012510582010582011
}