{
  "bolusiob": 0, 
  "iob": 0.14083124615155898, 
  "activity": -5.0008730158730176e-05
}