{
  "bolusiob": 0, 
  "iob": 0.48594261842035813, 
  "activity": 0.005919453174603172
}