{
  "bolusiob": 0.35085198619999997, 
  "iob": 1.5113160190453474, 
  "activity": 0.025454753086419743
}