{
  "bolusiob": 0, 
  "iob": -0.744358721531657, 
  "activity": -0.008679576772486776
}