{
  "bolusiob": 0, 
  "iob": -0.011046489586666663, 
  "activity": 0.0007812522045855378
}