{
  "bolusiob": 0, 
  "iob": -0.09876751252000002, 
  "activity": -0.00014296296296296295
}