{
  "bolusiob": 0, 
  "iob": -0.24163634663575004, 
  "activity": -0.0012736419753086416
}