{
  "bolusiob": 0, 
  "iob": -0.36238483130577775, 
  "activity": -0.0013775396825396824
}