{
  "bolusiob": 0, 
  "iob": 0.10571466079769642, 
  "activity": -0.0014993207936507933
}