{
  "bolusiob": 0, 
  "iob": 0.06863838913700587, 
  "activity": 0.0014049731569664894
}