{
  "bolusiob": 0, 
  "iob": -0.08784635792000002, 
  "activity": 2.179894179894155e-05
}