{
  "bolusiob": 0, 
  "iob": 0.16214832061611112, 
  "activity": 0.0011737654320987654
}