{
  "bolusiob": 0, 
  "iob": 0.4359567408266667, 
  "activity": 0.0010866666666666666
}