{
  "bolusiob": 0, 
  "iob": -0.16280573552020836, 
  "activity": 0.0015232716049382717
}