{
  "bolusiob": 0.17671533909333328, 
  "iob": 1.6505773890978812, 
  "activity": 0.030041446119929448
}