{
  "bolusiob": 0, 
  "iob": -0.6150516459470656, 
  "activity": -0.007363271728395061
}