{
  "bolusiob": 0.04604241898666674, 
  "iob": 1.0181016632604165, 
  "activity": 0.01942970899470899
}