{
  "bolusiob": 0, 
  "iob": 0.5333874639483236, 
  "activity": 0.004035811111111111
}