{
  "bolusiob": 0, 
  "iob": -0.16752252314235663, 
  "activity": -0.0007183976190476191
}