{
  "bolusiob": 0, 
  "iob": 0.6413997046900001, 
  "activity": 0.01611373897707231
}