{
  "bolusiob": 0, 
  "iob": -0.16150653245388888, 
  "activity": -0.0012882275132275133
}