{
  "bolusiob": 0, 
  "iob": 0.22385278638444447, 
  "activity": 0.006512151675485007
}