{
  "bolusiob": 0, 
  "iob": 0.26766943591670156, 
  "activity": 0.0029660492945326276
}