{
  "bolusiob": 0, 
  "iob": 0.1331163195826758, 
  "activity": 0.0015509168430335094
}