{
  "bolusiob": 0, 
  "iob": 0.013927318543750001, 
  "activity": 0.0007496031746031743
}