{
  "bolusiob": 0, 
  "iob": -0.10265480415791665, 
  "activity": 0.0004154056437389772
}