{
  "bolusiob": 0, 
  "iob": 0.29042592247347226, 
  "activity": 0.0023461022927689593
}