{
  "bolusiob": 0, 
  "iob": -0.24624809934840886, 
  "activity": -0.0011113846031746033
}