{
  "bolusiob": 0, 
  "iob": 0.1363797631308599, 
  "activity": 0.00016199287477954203
}