{
  "bolusiob": 0, 
  "iob": 0.16363537024934158, 
  "activity": 0.005466569576719573
}