{
  "bolusiob": 0, 
  "iob": -0.28446222261777776, 
  "activity": -0.0029693209876543204
}