{
  "bolusiob": 0, 
  "iob": -0.7427156688647627, 
  "activity": -0.008985061640211636
}