{
  "bolusiob": 0, 
  "iob": 0.38342203495680555, 
  "activity": 0.0008488447971781301
}