{
  "bolusiob": 0.0010103686799999513, 
  "iob": 0.6762078326083333, 
  "activity": 0.015486490299823632
}