{
  "bolusiob": 0, 
  "iob": 0.4805054087994444, 
  "activity": 0.005491067019400352
}