{
  "bolusiob": 0, 
  "iob": 0.5708731437578797, 
  "activity": 0.004786252151675485
}