{
  "bolusiob": 0.31348735488, 
  "iob": 1.3773751305059723, 
  "activity": 0.01489265432098765
}