{
  "bolusiob": 0, 
  "iob": -0.023120039352787357, 
  "activity": 0.0009940034391534391
}