{
  "bolusiob": 0.10283458592000001, 
  "iob": 1.2467767141005561, 
  "activity": 0.018193368606701944
}