{
  "bolusiob": 1.08406272576, 
  "iob": 1.7313100004648403, 
  "activity": 0.02084057310405643
}