{
  "bolusiob": 0, 
  "iob": 0.20192434242555557, 
  "activity": 0.002407328042328042
}