{
  "bolusiob": 0, 
  "iob": 0.013238144258472227, 
  "activity": 0.0005490917107583772
}