{
  "bolusiob": 0, 
  "iob": -0.03374377411491668, 
  "activity": 0.002390908289241622
}