{
  "bolusiob": 0, 
  "iob": 0.22840185527944426, 
  "activity": 0.007593095238095233
}