{
  "bolusiob": 0, 
  "iob": 0.20439303066625003, 
  "activity": 0.0008159876543209878
}