{
  "bolusiob": 0, 
  "iob": -0.059107616951111136, 
  "activity": 0.0023967724867724866
}