{
  "bolusiob": 0, 
  "iob": -0.11088338822444445, 
  "activity": -0.001094373897707231
}