{
  "bolusiob": 0, 
  "iob": -0.179819308698006, 
  "activity": -0.0028864108465608464
}