{
  "bolusiob": 0, 
  "iob": 0.03684340144443084, 
  "activity": -0.00022673738977072312
}