{
  "bolusiob": 0, 
  "iob": 0.3885781650936539, 
  "activity": 0.014557275044091704
}