{
  "bolusiob": 0.1170960357599999, 
  "iob": 2.085628848246667, 
  "activity": 0.04639202821869488
}