{
  "bolusiob": 0, 
  "iob": -0.0751821649488889, 
  "activity": -0.0007849382716049382
}