{
  "bolusiob": 0, 
  "iob": -0.047838010702361114, 
  "activity": 0.0006691975308641973
}