{
  "bolusiob": 0, 
  "iob": -0.11466966134111112, 
  "activity": -0.0016940476190476187
}