{
  "bolusiob": 0, 
  "iob": 0.6927005179954142, 
  "activity": 0.005730961146384478
}