{
  "bolusiob": 0, 
  "iob": 0.4145039503711112, 
  "activity": 0.009661763668430334
}