{
  "bolusiob": 0, 
  "iob": 0.1085329105819434, 
  "activity": -0.0017067108818342145
}