{
  "bolusiob": 0, 
  "iob": -0.22698826091666666, 
  "activity": -0.004691022927689594
}