{
  "bolusiob": 0, 
  "iob": -0.09266428888731104, 
  "activity": -0.002111084779541446
}