{
  "bolusiob": 0, 
  "iob": 0.10647336002311084, 
  "activity": 0.0027508816578483246
}