{
  "bolusiob": 0, 
  "iob": 0.1417286781976389, 
  "activity": 0.0024044973544973544
}