{
  "bolusiob": 0, 
  "iob": 0.18395989297375004, 
  "activity": 0.00456600529100529
}