{
  "bolusiob": 0, 
  "iob": 0.026788881125000046, 
  "activity": 0.0008389417989417992
}