{
  "bolusiob": 1.483131392, 
  "iob": 1.9159245085609167, 
  "activity": 0.004957098765432098
}