{
  "bolusiob": 0, 
  "iob": -0.032020234513194454, 
  "activity": 0.0002358112874779544
}