{
  "bolusiob": 0, 
  "iob": 0.2555063910087371, 
  "activity": 0.004280758289241622
}