{
  "bolusiob": 0, 
  "iob": 0.832224556837455, 
  "activity": 0.00818278144620811
}