{
  "bolusiob": 0, 
  "iob": 0.020705926698750005, 
  "activity": 0.0005445767195767196
}