{
  "bolusiob": 0, 
  "iob": 0.08547709182944443, 
  "activity": 0.0014962786596119922
}