{
  "bolusiob": 2.37132254932, 
  "iob": 3.5904621528140983, 
  "activity": 0.02050687867724867
}