{
  "bolusiob": 0, 
  "iob": 0.48382568079891164, 
  "activity": 0.006692649047619046
}