{
  "bolusiob": 0, 
  "iob": 0.025396600060777492, 
  "activity": 0.0014301585537918869
}