{
  "bolusiob": 0, 
  "iob": 0.034346106808732596, 
  "activity": -0.00629704553791887
}