{
  "bolusiob": 0, 
  "iob": 1.014701318743, 
  "activity": 0.012257619047619048
}