{
  "bolusiob": 0, 
  "iob": 0.5799900490155556, 
  "activity": 0.007070405643738976
}