{
  "bolusiob": 0, 
  "iob": 0.15622381100888916, 
  "activity": 0.0030205996472663084
}