{
  "bolusiob": 0, 
  "iob": -0.11540958257130554, 
  "activity": -0.0013555467372134038
}