{
  "bolusiob": 0.7833735550000003, 
  "iob": 1.7677438880066665, 
  "activity": 0.014755925925925922
}