{
  "bolusiob": 0, 
  "iob": 0.10770761878725915, 
  "activity": 0.003562989153439153
}