{
  "bolusiob": 0, 
  "iob": 0.42380169928466677, 
  "activity": 0.005509118165784832
}