{
  "bolusiob": 0, 
  "iob": 0.40674000602444466, 
  "activity": 0.02190677248677248
}