{
  "bolusiob": 0, 
  "iob": -0.07773031869319444, 
  "activity": -0.00278173721340388
}