{
  "bolusiob": 0, 
  "iob": -0.1958613606944445, 
  "activity": -0.0018896119929453262
}