{
  "bolusiob": 0, 
  "iob": 0.5960897324820202, 
  "activity": 0.014044435361552025
}