{
  "bolusiob": 0, 
  "iob": 0.46824560458371994, 
  "activity": 0.004546966613756614
}