{
  "bolusiob": 0, 
  "iob": 0.2560718387444444, 
  "activity": 0.006999294532627864
}