{
  "bolusiob": 0, 
  "iob": -0.058325833708888886, 
  "activity": 2.592592592592528e-06
}