{
  "bolusiob": 0, 
  "iob": 0.2811515960669883, 
  "activity": 0.003590894197530864
}