{
  "bolusiob": 0, 
  "iob": 0.041443502337777764, 
  "activity": -0.002068774250440917
}