{
  "bolusiob": 0, 
  "iob": 0.4070458366751044, 
  "activity": 0.003504025749559082
}