{
  "bolusiob": 0, 
  "iob": -0.18887102788875001, 
  "activity": 0.0004484126984126986
}