{
  "bolusiob": 0, 
  "iob": 0.2894059804266673, 
  "activity": 0.004238942169312169
}