{
  "bolusiob": 0, 
  "iob": 0.2951863392177778, 
  "activity": 0.0005022222222222222
}