{
  "bolusiob": 0, 
  "iob": 0.2979279657638474, 
  "activity": 0.004130576366843032
}