{
  "bolusiob": 0, 
  "iob": 0.002040680073333334, 
  "activity": 0.00016067019400352732
}