{
  "bolusiob": 0, 
  "iob": -0.15656535721013887, 
  "activity": -0.004862601410934744
}