{
  "bolusiob": 0.4099727496533333, 
  "iob": 0.8312359500666087, 
  "activity": 0.004912187160493826
}