{
  "bolusiob": 0, 
  "iob": 0.2070922053920834, 
  "activity": 0.002149162257495591
}