{
  "bolusiob": 0, 
  "iob": 0.2769091868333333, 
  "activity": 0.001095185185185185
}