{
  "bolusiob": 0, 
  "iob": 0.004255920703210415, 
  "activity": 0.00010652548500881859
}