{
  "bolusiob": 0, 
  "iob": 0.43165721581888894, 
  "activity": 0.003910961199294533
}