{
  "bolusiob": 1.356187535093334, 
  "iob": 2.861067311199733, 
  "activity": 0.03619169312169312
}