{
  "bolusiob": 0, 
  "iob": 0.05923429819282248, 
  "activity": 0.003030890388007054
}