{
  "bolusiob": 0, 
  "iob": 0.08818733104014811, 
  "activity": 0.00010903001763668435
}