{
  "bolusiob": 0, 
  "iob": -0.22109077354327952, 
  "activity": -0.0013725928042328038
}