{
  "bolusiob": 0, 
  "iob": -0.091184010079444461, 
  "activity": 0.0002902998236331569
}