{
  "bolusiob": 1.2134980618933338, 
  "iob": 2.2419176983811111, 
  "activity": 0.022080493827160489
}