{
  "bolusiob": 0, 
  "iob": 0.09775603291407042, 
  "activity": 0.00023631384479717803
}