{
  "bolusiob": 0, 
  "iob": 0.631200547235054, 
  "activity": 0.006753312539682537
}