{
  "bolusiob": 0, 
  "iob": 0.13739264017812503, 
  "activity": 0.003662037037037037
}