{
  "bolusiob": 0, 
  "iob": 0.5846701291211113, 
  "activity": 0.01367970017636684
}