{
  "bolusiob": 0, 
  "iob": 0.4744996987183333, 
  "activity": 0.004856208112874778
}