{
  "bolusiob": 0, 
  "iob": 0.8899637025815373, 
  "activity": 0.008593791887125219
}