{
  "bolusiob": 0, 
  "iob": -0.012639858326666663, 
  "activity": -0.0007467372134038798
}