{
  "bolusiob": 0, 
  "iob": 0.22823334905121986, 
  "activity": 0.0007770637389770709
}