{
  "bolusiob": 0, 
  "iob": 0.6604743769216667, 
  "activity": 0.008292680776014107
}