{
  "bolusiob": 0, 
  "iob": 0.6165313958853335, 
  "activity": 0.0032558024691358026
}