{
  "bolusiob": 2.6960587502933335, 
  "iob": 3.0470248742518047, 
  "activity": 0.00776781305114638
}