{
  "bolusiob": 3.0247279432800003, 
  "iob": 4.7144619854379348, 
  "activity": 0.038125334832451493
}