{
  "bolusiob": 2.0216978558400003, 
  "iob": 5.5307730974044444, 
  "activity": 0.05482962962962962
}