{
  "bolusiob": 0.17504223381333334, 
  "iob": 1.2515892672083335, 
  "activity": 0.016224920634920634
}