{
  "bolusiob": 0, 
  "iob": -0.00126779451158332, 
  "activity": 0.001543994708994709
}