{
  "bolusiob": 0.5545657389066666, 
  "iob": 2.0820540493495225, 
  "activity": 0.025952045767195765
}