{
  "bolusiob": 0, 
  "iob": 0.6678271136240105, 
  "activity": 0.006707283862433859
}