{
  "bolusiob": 0, 
  "iob": 0.044901998571111115, 
  "activity": 0.0002569135802469135
}