{
  "bolusiob": 0.9658016597333334, 
  "iob": 3.389353747634778, 
  "activity": 0.059445414462081125
}