{
  "bolusiob": 0, 
  "iob": 0.5546807276763334, 
  "activity": 0.004872186948853614
}