{
  "bolusiob": 0, 
  "iob": 0.5298492600194444, 
  "activity": 0.0072309964726631395
}