{
  "bolusiob": 0, 
  "iob": -0.30812819964188576, 
  "activity": -0.0025679717636684306
}