{
  "bolusiob": 0, 
  "iob": 0.6233639510461113, 
  "activity": 0.006608342151675486
}