{
  "bolusiob": 0, 
  "iob": 0.8967444868900796, 
  "activity": 0.009547072398589066
}