{
  "bolusiob": 0, 
  "iob": 0.2708912886063889, 
  "activity": 0.006653730158730157
}