{
  "bolusiob": 0, 
  "iob": 0.44879475930931023, 
  "activity": 0.009007266331569662
}