{
  "bolusiob": 0, 
  "iob": 0.34158864166944447, 
  "activity": 0.003578315696649029
}