{
  "bolusiob": 0.06125086400000001, 
  "iob": 0.7486006641673613, 
  "activity": 0.005603447971781305
}