{
  "bolusiob": 0.6786068701866667, 
  "iob": 1.854991189987511, 
  "activity": 0.01871218686067019
}