{
  "bolusiob": 0, 
  "iob": 0.02386920321970485, 
  "activity": 0.0010835713403880066
}