{
  "bolusiob": 0, 
  "iob": 0.06878862931111114, 
  "activity": 0.0010910934744268077
}