{
  "bolusiob": 0.6023236304666666, 
  "iob": 2.4320126390694448, 
  "activity": 0.032944673721340384
}