{
  "bolusiob": 0, 
  "iob": 0.18262110864771033, 
  "activity": 0.0032776014462081128
}