{
  "bolusiob": 0, 
  "iob": 0.45708695909186114, 
  "activity": 0.004327786596119929
}