{
  "bolusiob": 0, 
  "iob": 0.339121498233404, 
  "activity": 0.0015362349382716058
}