{
  "bolusiob": 0, 
  "iob": -0.1665096359977778, 
  "activity": -0.00200731922398589
}