{
  "bolusiob": 0, 
  "iob": 0.6803947214522096, 
  "activity": 0.007863359894179892
}