{
  "bolusiob": 0, 
  "iob": 0.006482385092222216, 
  "activity": 0.000324259259259259
}