{
  "bolusiob": 1.580296563768889, 
  "iob": 2.005707752798889, 
  "activity": 0.017846313932980595
}