{
  "bolusiob": 0, 
  "iob": -0.3322541830122222, 
  "activity": -0.005028853615520281
}