{
  "bolusiob": 0, 
  "iob": 0.36979417772559753, 
  "activity": 0.003427231234567901
}