{
  "bolusiob": 0.7704854408533335, 
  "iob": 1.3942479197688888, 
  "activity": 0.010177918871252203
}