{
  "bolusiob": 0, 
  "iob": 0.0679992925609722, 
  "activity": -0.0013431834215167548
}