{
  "bolusiob": 0, 
  "iob": -0.053758772900555585, 
  "activity": -0.002461384479717813
}