{
  "bolusiob": 0, 
  "iob": 0.7302113468077092, 
  "activity": 0.009266269700176362
}