{
  "bolusiob": 0, 
  "iob": 0.21580896044888892, 
  "activity": 0.002568818342151675
}