{
  "bolusiob": 0.29890776170666666, 
  "iob": 1.2743383311013115, 
  "activity": 0.01799110202821869
}