{
  "bolusiob": 0, 
  "iob": 0.0655800705095382, 
  "activity": 0.0029735537037037033
}