{
  "bolusiob": 0, 
  "iob": 0.21158850974706606, 
  "activity": -0.0006706875132275132
}