{
  "bolusiob": 0, 
  "iob": -0.19632896730791669, 
  "activity": -0.000681516754850088
}