{
  "bolusiob": 0, 
  "iob": 0.018213120061666678, 
  "activity": 0.00018350970017636686
}