{
  "bolusiob": 0.6395937734666668, 
  "iob": 1.9951272785444443, 
  "activity": 0.026316261022927685
}