{
  "bolusiob": 0, 
  "iob": -0.31881499789166673, 
  "activity": -0.003123650793650793
}