{
  "bolusiob": 0, 
  "iob": -0.2370196418500848, 
  "activity": -0.0014414108465608468
}