{
  "bolusiob": 0, 
  "iob": -0.2738287540070266, 
  "activity": -0.00040482619047619103
}