{
  "bolusiob": 0, 
  "iob": -0.13127005999244445, 
  "activity": -0.0006128924162257496
}