{
  "bolusiob": 0, 
  "iob": 0.021934827415416677, 
  "activity": 0.0009608906525573192
}