{
  "bolusiob": 0, 
  "iob": 0.4242360568808889, 
  "activity": 0.0028394532627865955
}