{
  "bolusiob": 0, 
  "iob": -0.07301662007500002, 
  "activity": 0.0008620634920634917
}