{
  "bolusiob": 0, 
  "iob": 0.1124023027188889, 
  "activity": 0.0016621869488536152
}