{
  "bolusiob": 0, 
  "iob": 0.18542572153235118, 
  "activity": 0.0018773370899470897
}