{
  "bolusiob": 0, 
  "iob": 0.28454127673926666, 
  "activity": 0.004169567901234568
}