{
  "bolusiob": 0.1646161160177778, 
  "iob": 1.155193427357122, 
  "activity": 0.03126437409171075
}