{
  "bolusiob": 0, 
  "iob": 0.020413294874791682, 
  "activity": 0.0010119488536155202
}