{
  "bolusiob": 0.26027212799999994, 
  "iob": 1.2824398744066667, 
  "activity": 0.014934744268077602
}