{
  "bolusiob": 0, 
  "iob": -0.3673806749145288, 
  "activity": -0.0017447267548500883
}