{
  "bolusiob": 0, 
  "iob": 0.077856668832963938, 
  "activity": 0.0025857234744268071
}