{
  "bolusiob": 0, 
  "iob": 0.2032397581518056, 
  "activity": 0.0023223809523809525
}