{
  "bolusiob": 0, 
  "iob": 0.0038130714604166617, 
  "activity": 0.0003087742504409171
}