{
  "bolusiob": 0, 
  "iob": -0.13256250822444446, 
  "activity": -0.0011578659611992945
}