{
  "bolusiob": 0, 
  "iob": 0.4215535086744444, 
  "activity": 0.0059911728395061715
}