{
  "bolusiob": 0, 
  "iob": 0.04076947204444445, 
  "activity": 0.0007717460317460316
}