{
  "bolusiob": 0, 
  "iob": 0.07911091065833335, 
  "activity": 0.0034201940035273365
}