{
  "bolusiob": 0, 
  "iob": -0.711724667808561, 
  "activity": -0.007684700299823634
}