{
  "bolusiob": 0, 
  "iob": 0.17246510911333335, 
  "activity": 0.0010628395061728394
}