{
  "bolusiob": 0, 
  "iob": -0.12093437366055557, 
  "activity": 0.0017959611992945327
}