{
  "bolusiob": 0, 
  "iob": 0.7501886681681849, 
  "activity": 0.010850114550264547
}