{
  "bolusiob": 0, 
  "iob": 0.5882734673078491, 
  "activity": 0.006178015696649029
}