{
  "bolusiob": 0, 
  "iob": -0.08537946962222223, 
  "activity": -0.0006433774250440916
}