{
  "bolusiob": 0, 
  "iob": 0.42414108364333336, 
  "activity": 0.002899514991181658
}