{
  "bolusiob": 0, 
  "iob": 0.5142565952783333, 
  "activity": 0.00589848324514991
}