{
  "bolusiob": 0, 
  "iob": -0.03588399206692465, 
  "activity": 0.0022685007583774243
}