{
  "bolusiob": 0, 
  "iob": 0.5567956243716666, 
  "activity": 0.0066952910052910045
}