{
  "bolusiob": 0.20750696618666656, 
  "iob": 1.4756913440526218, 
  "activity": 0.023003950529100523
}