{
  "bolusiob": 0.14305722856444442, 
  "iob": 0.6819806004611111, 
  "activity": 0.008590740740740739
}