{
  "bolusiob": 0, 
  "iob": 0.3340955738742287, 
  "activity": 0.0042660290123456785
}