{
  "bolusiob": 0, 
  "iob": 0.22012274126365, 
  "activity": 0.0001285453439153437
}