{
  "bolusiob": 0, 
  "iob": 0.5760224299686781, 
  "activity": 0.005190714109347442
}