{
  "bolusiob": 0.00686381652000001, 
  "iob": 0.560337334028125, 
  "activity": 0.013540873015873006
}