{
  "bolusiob": 0, 
  "iob": 0.8742718916926389, 
  "activity": 0.01097111992945326
}