{
  "bolusiob": 0, 
  "iob": -0.21417902848375003, 
  "activity": -0.0010940476190476188
}