{
  "bolusiob": 0, 
  "iob": -0.18125983287444447, 
  "activity": 0.0012463315696649025
}