{
  "bolusiob": 0, 
  "iob": 0.1295786582255404, 
  "activity": -0.00040432107583774247
}