{
  "bolusiob": 0, 
  "iob": -0.10476719001277487, 
  "activity": -0.0023039064373897703
}