{
  "bolusiob": 0, 
  "iob": -0.2730875508494098, 
  "activity": -0.0012308024691358018
}