{
  "bolusiob": 0, 
  "iob": 0.08683964994895113, 
  "activity": 0.0014988233686067016
}