{
  "bolusiob": 0, 
  "iob": -0.22057335066068184, 
  "activity": -0.0007885186067019402
}