{
  "bolusiob": 0, 
  "iob": 0.35977977151111123, 
  "activity": 0.01640377425044091
}