{
  "bolusiob": 0, 
  "iob": 0.018550998223333323, 
  "activity": 0.0009642680776014108
}