{
  "bolusiob": 0, 
  "iob": -0.07055437263055554, 
  "activity": -0.0032609347442680773
}