{
  "bolusiob": 0, 
  "iob": 0.6224350516266667, 
  "activity": 0.00824142857142857
}