{
  "bolusiob": 0, 
  "iob": 0.1516121574138889, 
  "activity": 0.0010746649029982362
}