{
  "bolusiob": 1.2816363252622223, 
  "iob": 2.0104412637861167, 
  "activity": 0.00989073165784832
}