{
  "bolusiob": 0, 
  "iob": 0.26366681442406187, 
  "activity": 0.0047709370017636685
}