{
  "bolusiob": 0, 
  "iob": 0.03099466874999999, 
  "activity": 0.0006651851851851853
}