{
  "bolusiob": 0, 
  "iob": -0.2744897498327778, 
  "activity": -0.00041245149911816676
}