{
  "bolusiob": 0, 
  "iob": 0.33076126114455623, 
  "activity": 0.003751111481481481
}