{
  "bolusiob": 0, 
  "iob": 0.5034007191229304, 
  "activity": 0.0036780924162257487
}