{
  "bolusiob": 0.41128907072000004, 
  "iob": 1.2293444174288892, 
  "activity": 0.02283828042328042
}