{
  "bolusiob": 0, 
  "iob": -0.014324863865555544, 
  "activity": 0.0006258553791887126
}