{
  "bolusiob": 0, 
  "iob": 0.06326002423342185, 
  "activity": 0.0019488448853615527
}