{
  "bolusiob": 0, 
  "iob": 0.36596353262878795, 
  "activity": 0.004905846860670193
}