{
  "bolusiob": 0, 
  "iob": 0.9082292239632026, 
  "activity": 0.008803717283950616
}