{
  "bolusiob": 0, 
  "iob": 0.4846522219681202, 
  "activity": 0.005718368765432098
}