{
  "bolusiob": 0, 
  "iob": 0.4357437460550001, 
  "activity": 0.006032892416225749
}