{
  "bolusiob": 0.1106897588000001, 
  "iob": 1.082235545407307, 
  "activity": 0.01481364215167548
}