{
  "bolusiob": 0, 
  "iob": 0.1277264854938889, 
  "activity": 0.0008066049382716048
}