{
  "bolusiob": 0, 
  "iob": 0.6530050491338889, 
  "activity": 0.0074206701940035275
}