{
  "bolusiob": 0, 
  "iob": 0.2535969261197778, 
  "activity": 0.004926931216931217
}