{
  "bolusiob": 0, 
  "iob": 0.6189411770773612, 
  "activity": 0.010525176366843034
}