{
  "bolusiob": 0, 
  "iob": 0.47357921789383034, 
  "activity": 0.0043259788712522035
}