{
  "bolusiob": 0, 
  "iob": 0.34514794864199994, 
  "activity": 0.00386342164021164
}