{
  "bolusiob": 0, 
  "iob": 0.4370078721903231, 
  "activity": 0.009949523915343914
}