{
  "bolusiob": 0, 
  "iob": 0.4270125011455156, 
  "activity": 0.005717795537918871
}