{
  "bolusiob": 0, 
  "iob": -0.40198976769986117, 
  "activity": -0.0030138183421516748
}