{
  "bolusiob": 0, 
  "iob": -0.049227083751111296, 
  "activity": 0.0009686772486772469
}