{
  "bolusiob": 2.5867553697733343, 
  "iob": 6.583942340047777, 
  "activity": 0.0669116402116402
}