{
  "bolusiob": 0, 
  "iob": 0.19457251046079915, 
  "activity": 0.005354064991181657
}