{
  "bolusiob": 0, 
  "iob": 0.12960296513111114, 
  "activity": 0.0019103174603174603
}