{
  "bolusiob": 0, 
  "iob": 0.16263865947388886, 
  "activity": 0.002849770723104057
}