{
  "bolusiob": 0, 
  "iob": 0.8707412627945834, 
  "activity": 0.006125511463844796
}