{
  "bolusiob": 0, 
  "iob": 0.2776357069115892, 
  "activity": 0.00300244250440917
}