{
  "bolusiob": 1.69174956544, 
  "iob": 2.1417193366933334, 
  "activity": 0.0177322045855379
}