{
  "bolusiob": 2.2433903212444446, 
  "iob": 2.8997044261600005, 
  "activity": 0.014018694885361551
}