{
  "bolusiob": 0, 
  "iob": 0.04345814336000001, 
  "activity": 0.0002933333333333333
}