{
  "bolusiob": 0, 
  "iob": -0.1376371489615278, 
  "activity": -0.0010549647266313925
}