{
  "bolusiob": 0, 
  "iob": 0.14025230902223548, 
  "activity": 0.0011471606172839505
}