{
  "bolusiob": 1.5614896614400002, 
  "iob": 2.4660298826533333, 
  "activity": 0.011151111111111108
}