{
  "bolusiob": 0, 
  "iob": -0.13309441166212502, 
  "activity": -0.003244735449735449
}