{
  "bolusiob": 0, 
  "iob": 0.03799926805944451, 
  "activity": 0.0025566666666666663
}