{
  "bolusiob": 0, 
  "iob": 0.13788554554451374, 
  "activity": -0.0003850440564373898
}