{
  "bolusiob": 0.9284610237866666, 
  "iob": 1.8350260833394443, 
  "activity": 0.01787970017636684
}