{
  "bolusiob": 0, 
  "iob": 0.32317587269175413, 
  "activity": 0.007465294885361552
}