{
  "bolusiob": 0.3269079402666668, 
  "iob": 1.6119633322988889, 
  "activity": 0.02756594356261022
}