{
  "bolusiob": 0, 
  "iob": 0.07305596767277792, 
  "activity": 0.010954435626102292
}