{
  "bolusiob": 0, 
  "iob": -0.07708677065946226, 
  "activity": 0.00804319211640211
}