{
  "bolusiob": 0, 
  "iob": 0.488510501042, 
  "activity": 0.004768174603174602
}