{
  "bolusiob": 0.4435212435866668, 
  "iob": 1.9119838681022228, 
  "activity": 0.024084409171075835
}