{
  "bolusiob": 0.04922371487999993, 
  "iob": 0.7011737257403821, 
  "activity": 0.014795776014109346
}