{
  "bolusiob": 0, 
  "iob": 0.049800765404444475, 
  "activity": 0.0005259259259259251
}