{
  "bolusiob": 0, 
  "iob": -0.32794332238133334, 
  "activity": 0.0005070017636684307
}