{
  "bolusiob": 0, 
  "iob": 0.400534742213, 
  "activity": 0.006047654320987652
}