{
  "bolusiob": 0, 
  "iob": 0.3380023204097778, 
  "activity": 0.0023256437389770714
}