{
  "bolusiob": 0, 
  "iob": 0.009380869464444448, 
  "activity": -0.0006842151675485009
}