{
  "bolusiob": 0, 
  "iob": 0.23040164037624908, 
  "activity": 0.0038697355555555547
}