{
  "bolusiob": 0, 
  "iob": 0.13002139851040007, 
  "activity": -8.89477072310408e-05
}