{
  "bolusiob": 0, 
  "iob": 0.3252978151483333, 
  "activity": 0.004888227513227505
}