{
  "bolusiob": 0, 
  "iob": -0.1537911896279722, 
  "activity": -0.0011543650793650793
}