{
  "bolusiob": 0, 
  "iob": 0.3494733701956944, 
  "activity": 0.0029589770723104057
}