{
  "bolusiob": 1.1114831039466668, 
  "iob": 2.778594423082222, 
  "activity": 0.03626276895943563
}