{
  "bolusiob": 0.0031086506666667016, 
  "iob": 0.7730186733251706, 
  "activity": 0.016464567813051143
}