{
  "bolusiob": 0, 
  "iob": -0.10718188771444453, 
  "activity": 0.003968924162257496
}