{
  "bolusiob": 0, 
  "iob": 0.18847590138180534, 
  "activity": 0.00026856261022927555
}