{
  "bolusiob": 0, 
  "iob": 0.6762686642498612, 
  "activity": 0.008957698412698414
}