{
  "bolusiob": 0, 
  "iob": 0.5936628226058742, 
  "activity": 0.004835838007054675
}