{
  "bolusiob": 0, 
  "iob": 0.357930820865, 
  "activity": 0.0014421869488536153
}