{
  "bolusiob": 0, 
  "iob": 0.12565161253490248, 
  "activity": 0.0042235888007054675
}