{
  "bolusiob": 0.05941453994666671, 
  "iob": 1.1517638442866667, 
  "activity": 0.019084656084656086
}