{
  "bolusiob": 0, 
  "iob": 0.30877887633930556, 
  "activity": -0.0018793562610229272
}