{
  "bolusiob": 0.0647783118666666, 
  "iob": 0.8167223339010876, 
  "activity": 0.01795640502645502
}