{
  "bolusiob": 0, 
  "iob": -0.08718863458777779, 
  "activity": -0.0010266313932980598
}