{
  "bolusiob": 0, 
  "iob": 0.4837016722594817, 
  "activity": 0.004034797195767197
}