{
  "bolusiob": 1.9809414293377778, 
  "iob": 3.018119245914445, 
  "activity": 0.0252037037037037
}