{
  "bolusiob": 0, 
  "iob": -0.36683209549333334, 
  "activity": -0.004244691358024691
}