{
  "bolusiob": 0, 
  "iob": 0.0008315760733333289, 
  "activity": 0.00010776014109347439
}