{
  "bolusiob": 0, 
  "iob": 0.05134022661756942, 
  "activity": 0.0013377689594356258
}