{
  "bolusiob": 0, 
  "iob": 0.15495306236958334, 
  "activity": -0.0011500529100529099
}