{
  "bolusiob": 0.57746020464, 
  "iob": 1.03195522416, 
  "activity": 0.007297777777777775
}