{
  "bolusiob": 0, 
  "iob": 0.5450548669415278, 
  "activity": 0.002990820105820104
}