{
  "bolusiob": 0, 
  "iob": -0.6089878220009723, 
  "activity": -0.006184947089947089
}