{
  "bolusiob": 0, 
  "iob": -0.05435676180541668, 
  "activity": -0.002478174603174603
}