{
  "bolusiob": 0, 
  "iob": 0.7292397895333333, 
  "activity": 0.031262786596119925
}