{
  "bolusiob": 0, 
  "iob": 7.015355999997475e-05, 
  "activity": 0.0013428571428571354
}