{
  "bolusiob": 0, 
  "iob": 0.11171176512111113, 
  "activity": -0.00038789241622574943
}