{
  "bolusiob": 0, 
  "iob": -0.06626244635111112, 
  "activity": -0.0007977954144620811
}