{
  "bolusiob": 0, 
  "iob": 0.8449703268019457, 
  "activity": 0.01267135800705467
}