{
  "bolusiob": 0, 
  "iob": -0.13490681716768055, 
  "activity": -0.0038845590828924157
}