{
  "bolusiob": 0.12378459466666653, 
  "iob": 1.7067289761169655, 
  "activity": 0.026419700652557311
}