{
  "bolusiob": 0, 
  "iob": 0.057310966276666694, 
  "activity": 0.0027734567901234576
}