{
  "bolusiob": 0, 
  "iob": 0.1627299277546093, 
  "activity": 0.011924470811287474
}