{
  "bolusiob": 0, 
  "iob": 0.6318938357133332, 
  "activity": 0.026610035273368596
}