{
  "bolusiob": 0, 
  "iob": 0.1611192212179167, 
  "activity": -0.000328606701940035
}