{
  "bolusiob": 0, 
  "iob": 0.9709280360480578, 
  "activity": 0.016707971904761906
}