{
  "bolusiob": 0, 
  "iob": -0.10408319145422226, 
  "activity": -0.0024024779541446197
}