{
  "bolusiob": 0, 
  "iob": -0.15939378206125002, 
  "activity": -0.0015347001763668432
}