{
  "bolusiob": 0, 
  "iob": -0.4781489243408334, 
  "activity": -0.00497879188712522
}