{
  "bolusiob": 0, 
  "iob": 0.011144437252083333, 
  "activity": 0.0004388447971781305
}