{
  "bolusiob": 0, 
  "iob": -0.18801047669864435, 
  "activity": 0.0004682185714285712
}