{
  "bolusiob": 0, 
  "iob": 0.6410757893609937, 
  "activity": 0.0071983599823633145
}