{
  "bolusiob": 0, 
  "iob": 0.1868034585111163, 
  "activity": 0.002348245238095238
}