{
  "bolusiob": 0, 
  "iob": -0.09625138737777778, 
  "activity": -0.0002898765432098765
}