{
  "bolusiob": 0, 
  "iob": 0.6194069029409403, 
  "activity": 0.008526573192239857
}