{
  "bolusiob": -5.2702720000064036e-05, 
  "iob": 0.40992896860638883, 
  "activity": 0.007389391534391532
}