{
  "bolusiob": 0, 
  "iob": 0.1268320961916667, 
  "activity": 0.0008782186948853615
}