{
  "bolusiob": 0, 
  "iob": 0.4944732570174978, 
  "activity": 0.004755767319223985
}