{
  "bolusiob": 4.738256474808889, 
  "iob": 6.480145546610555, 
  "activity": 0.03584199294532627
}