{
  "bolusiob": 0, 
  "iob": 1.019792035435176, 
  "activity": 0.010438791798941796
}