{
  "bolusiob": 0, 
  "iob": -0.06512037705156404, 
  "activity": 0.00311543201058201
}