{
  "bolusiob": 0, 
  "iob": -0.03401118093388889, 
  "activity": -0.0004408994708994707
}