{
  "bolusiob": 0, 
  "iob": 0.012883601593333335, 
  "activity": -5.4938271604938255e-05
}