{
  "bolusiob": 0, 
  "iob": 0.31252882620513894, 
  "activity": 0.003776331569664902
}