{
  "bolusiob": 0, 
  "iob": -0.07889018690133406, 
  "activity": 0.0013849029100529101
}