{
  "bolusiob": 0, 
  "iob": -0.5070503454872223, 
  "activity": -0.005452945326278657
}