{
  "bolusiob": 0.07137838933333335, 
  "iob": 0.7048470197644445, 
  "activity": 0.00847111111111111
}