{
  "bolusiob": 0.005986313879999838, 
  "iob": 1.4329329062744445, 
  "activity": 0.02258700176366842
}