{
  "bolusiob": 0, 
  "iob": 0.2741798819375647, 
  "activity": 0.004116146119929452
}