{
  "bolusiob": 0, 
  "iob": -0.18088520232125002, 
  "activity": -0.005037839506172838
}