{
  "bolusiob": 0, 
  "iob": 0.5266721595110302, 
  "activity": 0.004622619012345679
}