{
  "bolusiob": 0, 
  "iob": 0.05129531591393793, 
  "activity": -0.0005752908994708992
}