{
  "bolusiob": 0, 
  "iob": -0.1634079758688889, 
  "activity": -0.0018120458553791885
}