{
  "bolusiob": 0, 
  "iob": 0.371348496288461, 
  "activity": 0.0044171519223985874
}