{
  "bolusiob": 4.265091892622222, 
  "iob": 4.512878050948139, 
  "activity": 0.009000696649029982
}