{
  "bolusiob": 0, 
  "iob": 0.6056436063841276, 
  "activity": 0.007509453368606699
}