{
  "bolusiob": 0, 
  "iob": 0.6520601506000001, 
  "activity": 0.007333033509700177
}