{
  "bolusiob": 0.07519367349333343, 
  "iob": 1.933241242307778, 
  "activity": 0.04462201058201057
}