{
  "bolusiob": 1.5471340097422224, 
  "iob": 1.9412064523853614, 
  "activity": 0.003396358024691357
}