{
  "bolusiob": 0, 
  "iob": -0.13589015829277776, 
  "activity": -0.0003712169312169313
}