{
  "bolusiob": 0.2978285518666667, 
  "iob": 1.216279407347421, 
  "activity": 0.016588245149911814
}