{
  "bolusiob": 0, 
  "iob": -0.062348951755000014, 
  "activity": -0.001208941798941799
}