{
  "bolusiob": 0, 
  "iob": 0.04947635626, 
  "activity": 7.148148148148148e-05
}