{
  "bolusiob": 0, 
  "iob": 0.09842165743611112, 
  "activity": 0.00017919753086419752
}