{
  "bolusiob": 0, 
  "iob": 0.13591948738619491, 
  "activity": 0.0037072019400352725
}