{
  "bolusiob": 0, 
  "iob": 0.03200892788375001, 
  "activity": 0.0016575396825396823
}