{
  "bolusiob": 0.32750455511999993, 
  "iob": 0.6268667773822223, 
  "activity": 0.0034787654320987647
}