{
  "bolusiob": 0, 
  "iob": 0.027191745794564688, 
  "activity": 0.001217601146384479
}