{
  "bolusiob": 0, 
  "iob": -0.1827744314613889, 
  "activity": -0.0024006878306878305
}