{
  "bolusiob": 0.023229848519999964, 
  "iob": 0.628037427528125, 
  "activity": 0.01444034391534391
}