{
  "bolusiob": 0, 
  "iob": 0.7762179490644447, 
  "activity": 0.014798447971781302
}