{
  "bolusiob": 0.6334808610000001, 
  "iob": 1.5356210814289455, 
  "activity": 0.01607612848324515
}