{
  "bolusiob": 0, 
  "iob": 0.019487143601111114, 
  "activity": 5.740740740740782e-05
}