{
  "bolusiob": 0, 
  "iob": 0.579075098127639, 
  "activity": 0.003191966490299824
}