{
  "bolusiob": 0, 
  "iob": 0.6669790597018702, 
  "activity": 0.009456155167548498
}