{
  "bolusiob": 1.33634572288, 
  "iob": 1.6414900011392524, 
  "activity": 0.005162953880070545
}