{
  "bolusiob": 0, 
  "iob": 0.07446504188813718, 
  "activity": 0.0029587472663139317
}