{
  "bolusiob": 0, 
  "iob": 0.3884503595295834, 
  "activity": 0.0006403703703703702
}