{
  "bolusiob": 0, 
  "iob": -0.12190210575788958, 
  "activity": 0.0015816224867724869
}