{
  "bolusiob": 0, 
  "iob": 0.09512833252000001, 
  "activity": 0.0003281481481481481
}