{
  "bolusiob": 0, 
  "iob": -0.12012571008722221, 
  "activity": -0.0010008994708994704
}