{
  "bolusiob": 0.10716487186666668, 
  "iob": 0.9565116501140877, 
  "activity": 0.017667727777777774
}