{
  "bolusiob": 0, 
  "iob": 0.3273087753066667, 
  "activity": 0.0014652204585537919
}