{
  "bolusiob": 0, 
  "iob": 1.207370032947778, 
  "activity": 0.026072028218694882
}