{
  "bolusiob": 1.2736009999999998, 
  "iob": 1.710988352289438, 
  "activity": 0.006049232539682539
}