{
  "bolusiob": 0, 
  "iob": -0.09649694634597228, 
  "activity": -0.0013920194003527338
}