{
  "bolusiob": 0, 
  "iob": 0.3926618289374445, 
  "activity": 0.005816666666666665
}