{
  "bolusiob": 0, 
  "iob": -0.20564281390380557, 
  "activity": -0.0007713139329806
}