{
  "bolusiob": 0, 
  "iob": -0.03083318551597221, 
  "activity": -4.1507936507936244e-05
}