{
  "bolusiob": 0, 
  "iob": 0.3391207935984294, 
  "activity": 0.0039323632275132265
}