{
  "bolusiob": 0, 
  "iob": -0.14933689918618598, 
  "activity": -0.0019099558201058197
}