{
  "bolusiob": 0, 
  "iob": 0.2981863918497865, 
  "activity": 0.0014211289947089944
}