{
  "bolusiob": 0, 
  "iob": 1.1833123400076975, 
  "activity": 0.04635470887125219
}