{
  "bolusiob": 1.4017125478400003, 
  "iob": 2.7526143027863887, 
  "activity": 0.01870523809523809
}