{
  "bolusiob": 0, 
  "iob": 0.5836144968683438, 
  "activity": 0.006843738888888888
}