{
  "bolusiob": 0, 
  "iob": 0.32737482330055556, 
  "activity": 0.006607345679012344
}