{
  "bolusiob": 0, 
  "iob": 0.14716436975363972, 
  "activity": 0.004702403880070545
}