{
  "bolusiob": 0, 
  "iob": -0.007112265876179919, 
  "activity": -0.00058046111111111087
}