{
  "bolusiob": 0, 
  "iob": 0.11423662242388892, 
  "activity": -0.0007121164021164021
}