{
  "bolusiob": 0, 
  "iob": -0.08038469016, 
  "activity": -0.0008454320987654322
}