{
  "bolusiob": 0, 
  "iob": 0.6486292701949701, 
  "activity": 0.00643850086419753
}