{
  "bolusiob": 0.15764828991999993, 
  "iob": 1.3377834422116666, 
  "activity": 0.017107865961199287
}