{
  "bolusiob": 0, 
  "iob": 0.13123752934888888, 
  "activity": 0.0007401940035273369
}