{
  "bolusiob": 0, 
  "iob": -0.07597243418888887, 
  "activity": 0.000608853615520282
}