{
  "bolusiob": 0, 
  "iob": 1.2042739620794445, 
  "activity": 0.020756366843033513
}