{
  "bolusiob": 0, 
  "iob": 0.20413787548768442, 
  "activity": 0.0014661729629629628
}