{
  "bolusiob": 0, 
  "iob": 0.36071430263246484, 
  "activity": 0.0044433510052910045
}