{
  "bolusiob": 0, 
  "iob": 0.22591709266588753, 
  "activity": -0.00044574936507936464
}