{
  "bolusiob": 0, 
  "iob": -0.14272818441777782, 
  "activity": -0.002629047619047618
}