{
  "bolusiob": 1.795725116231111, 
  "iob": 2.4577085523911113, 
  "activity": 0.012670617283950617
}