{
  "bolusiob": 0, 
  "iob": 0.3368016952868932, 
  "activity": 0.003449171181657849
}