{
  "bolusiob": 0, 
  "iob": 0.3967596506246673, 
  "activity": 0.004540176737213403
}