{
  "bolusiob": 0, 
  "iob": 0.5559173828618945, 
  "activity": 0.007751411058201056
}