{
  "bolusiob": 0.16446106558666654, 
  "iob": 2.2321558695633335, 
  "activity": 0.04263283950617283
}