{
  "bolusiob": 0, 
  "iob": 0.08406270978541669, 
  "activity": 0.002716446208112874
}