{
  "bolusiob": 0, 
  "iob": 0.3021190923818056, 
  "activity": 0.0021773544973544973
}