{
  "bolusiob": 0, 
  "iob": 0.014669260563333352, 
  "activity": 0.00026278659611992956
}