{
  "bolusiob": 0, 
  "iob": 0.08402186540569445, 
  "activity": 0.0015714550264550268
}