{
  "bolusiob": 0, 
  "iob": 0.3625519868297832, 
  "activity": 0.005111613950617284
}