{
  "bolusiob": 0, 
  "iob": -0.7002787410101745, 
  "activity": -0.007303518641975309
}