{
  "bolusiob": 0, 
  "iob": 1.0364604979423735, 
  "activity": 0.019593456913580245
}