{
  "bolusiob": 0.42199460699999997, 
  "iob": 0.7573677569999999, 
  "activity": 0.005258518518518517
}