{
  "bolusiob": 0, 
  "iob": 0.09054566774383142, 
  "activity": -0.00018535278659612015
}