{
  "bolusiob": 0, 
  "iob": 0.4404772694862421, 
  "activity": 0.002357046102292769
}