{
  "bolusiob": 0, 
  "iob": 0.3119782012116666, 
  "activity": 0.0051272574955908284
}