{
  "bolusiob": 0, 
  "iob": 0.25477410584763893, 
  "activity": 0.002820661375661375
}