{
  "bolusiob": 0.02699315585333316, 
  "iob": 1.2276165973077775, 
  "activity": 0.02754691358024691
}