{
  "bolusiob": 0.010915884559999967, 
  "iob": 0.6896931016944444, 
  "activity": 0.008829135802469136
}