{
  "bolusiob": 0, 
  "iob": 0.8008716096216668, 
  "activity": 0.00730174603174603
}