{
  "bolusiob": 0, 
  "iob": 0.6784581457229696, 
  "activity": 0.005696719947089947
}