{
  "bolusiob": 0, 
  "iob": -0.19443169948718753, 
  "activity": -0.0006651763668430336
}