{
  "bolusiob": 0.68278477232, 
  "iob": 1.4735608789905963, 
  "activity": 0.010364097089947087
}