{
  "bolusiob": 0, 
  "iob": 0.2409705625904969, 
  "activity": 0.004870110141093474
}