{
  "bolusiob": 2.9621300595200006, 
  "iob": 4.164311051913694, 
  "activity": 0.022441049382716044
}