{
  "bolusiob": 0, 
  "iob": 0.12436007551333339, 
  "activity": 0.0041035273368606705
}