{
  "bolusiob": 0, 
  "iob": -0.7327104024157373, 
  "activity": -0.008973386155202821
}