{
  "bolusiob": 0, 
  "iob": -0.1079713962606231, 
  "activity": 0.0022412695767195755
}