{
  "bolusiob": 0.7033618801066667, 
  "iob": 1.786048780201667, 
  "activity": 0.01553979717813051
}