{
  "bolusiob": 0, 
  "iob": 0.41195854550792, 
  "activity": 0.003008518641975309
}