{
  "bolusiob": 0, 
  "iob": -0.18712030510963887, 
  "activity": -0.0016170458553791877
}