{
  "bolusiob": 0, 
  "iob": -0.41132708284777786, 
  "activity": -0.003770493827160493
}