{
  "bolusiob": 0, 
  "iob": 0.3943611178367788, 
  "activity": 0.004340577425044087
}