{
  "bolusiob": 0, 
  "iob": 0.9123096194122222, 
  "activity": 0.022932469135802467
}