{
  "bolusiob": 0, 
  "iob": -0.047893870292777765, 
  "activity": 0.0012543033509700176
}