{
  "bolusiob": 0, 
  "iob": 0.15355243149777775, 
  "activity": 0.0010564462081128745
}