{
  "bolusiob": 0, 
  "iob": -0.16616963481366664, 
  "activity": -0.0022673985890652552
}