{
  "bolusiob": 0, 
  "iob": 0.16027215796577776, 
  "activity": 0.00224084656084656
}