{
  "bolusiob": 0, 
  "iob": 0.962847779813391, 
  "activity": 0.015532310529100526
}