{
  "bolusiob": 0, 
  "iob": 0.31421465824180556, 
  "activity": 0.0027193650793650792
}