{
  "bolusiob": 0, 
  "iob": -0.049837306944444444, 
  "activity": -3.395061728395061e-05
}