{
  "bolusiob": 0.90445532, 
  "iob": 1.0411674275644442, 
  "activity": 0.0035967724867724867
}