{
  "bolusiob": 0, 
  "iob": 0.4299768855200292, 
  "activity": 0.005484691093474427
}