{
  "bolusiob": 0, 
  "iob": -0.20067223476385418, 
  "activity": -0.0017343298059964724
}