{
  "bolusiob": 0, 
  "iob": 0.11716013580617929, 
  "activity": 0.004407874691358023
}