{
  "bolusiob": 0.17755746400000003, 
  "iob": 1.2603935143730582, 
  "activity": 0.033822786701940034
}