{
  "bolusiob": 0, 
  "iob": -0.14442431923888893, 
  "activity": -0.0003412345679012345
}