{
  "bolusiob": 0, 
  "iob": 0.17015771118476267, 
  "activity": 0.004127368518518518
}