{
  "bolusiob": 6.4851208561244436, 
  "iob": 8.00901902865111, 
  "activity": 0.03698947089947088
}