{
  "bolusiob": 0, 
  "iob": 0.5799787370339092, 
  "activity": 0.013224805731922395
}