{
  "bolusiob": 0, 
  "iob": -0.14275470904166668, 
  "activity": 0.00031022927689594338
}