{
  "bolusiob": 0, 
  "iob": -0.22830825694142548, 
  "activity": -0.002264074197530864
}