{
  "bolusiob": 0, 
  "iob": -0.08243023875722223, 
  "activity": -0.0005279188712522048
}