{
  "bolusiob": 0, 
  "iob": -0.09476135872000001, 
  "activity": -0.00029037037037037036
}