{
  "bolusiob": 0, 
  "iob": 0.14876838253680558, 
  "activity": 0.0011200440917107583
}