{
  "bolusiob": 0, 
  "iob": -0.17566469826611114, 
  "activity": 0.0011527336860670207
}