{
  "bolusiob": 0, 
  "iob": 0.24513302704645318, 
  "activity": 0.002634003774250441
}