{
  "bolusiob": 0, 
  "iob": -0.24588281956319444, 
  "activity": -0.0014406613756613757
}