{
  "bolusiob": 0, 
  "iob": 0.07288441417777777, 
  "activity": -0.001005432098765432
}