{
  "bolusiob": 0.24928977066666666, 
  "iob": 0.6713932350566666, 
  "activity": 0.007892760141093469
}