{
  "bolusiob": 0, 
  "iob": 0.6487806015722293, 
  "activity": 0.015308795590828919
}