{
  "bolusiob": 0, 
  "iob": 0.3839698615281066, 
  "activity": 0.004142998359788359
}