{
  "bolusiob": 0, 
  "iob": 0.28878055725, 
  "activity": 0.004697310405643738
}