{
  "bolusiob": 0, 
  "iob": 0.6048554150498896, 
  "activity": 0.008309541922398583
}