{
  "bolusiob": 0, 
  "iob": 0.2602049318683069, 
  "activity": 0.003932001587301587
}