{
  "bolusiob": 0.4622010658800001, 
  "iob": 1.650593908024445, 
  "activity": 0.0178816049382716
}