{
  "bolusiob": 0, 
  "iob": -0.0971317530688889, 
  "activity": -0.00021666666666666663
}