{
  "bolusiob": 0, 
  "iob": 0.6766766412488888, 
  "activity": 0.01670599647266314
}