{
  "bolusiob": 0, 
  "iob": 0.044413618506666454, 
  "activity": 0.008726419753086415
}