{
  "bolusiob": 0.558637216, 
  "iob": 1.2487578236779535, 
  "activity": 0.018338712433862432
}