{
  "bolusiob": 0, 
  "iob": 1.0582786844916667, 
  "activity": 0.0294242504409171
}