{
  "bolusiob": 0, 
  "iob": 0.07529559498833333, 
  "activity": 0.00046913580246913555
}