{
  "bolusiob": 0, 
  "iob": 0.091014754997222225, 
  "activity": 0.0013850176366843033
}