{
  "bolusiob": 0, 
  "iob": 0.9735144072883071, 
  "activity": 0.010117151587301587
}