{
  "bolusiob": 0, 
  "iob": 0.30960046311333334, 
  "activity": 0.0053860846560846555
}