{
  "bolusiob": 0, 
  "iob": 0.2789216535742223, 
  "activity": 0.004521340388007054
}