{
  "bolusiob": 0, 
  "iob": -0.18272510676422402, 
  "activity": -0.0022680954497354498
}