{
  "bolusiob": 0, 
  "iob": 0.16724387686248934, 
  "activity": 0.0017777600529100522
}