{
  "bolusiob": 0.39617796729333343, 
  "iob": 1.364029145007721, 
  "activity": 0.017417803968253962
}