{
  "bolusiob": 0, 
  "iob": 0.7919374628786318, 
  "activity": 0.010686120582010579
}