{
  "bolusiob": 0, 
  "iob": 0.037507033292222235, 
  "activity": 0.0016015873015873014
}