{
  "bolusiob": 0, 
  "iob": -0.3843453218605556, 
  "activity": -0.0027472839506172838
}