{
  "bolusiob": 0, 
  "iob": 0.29390588860653033, 
  "activity": 0.004767645238095237
}