{
  "bolusiob": 0, 
  "iob": -0.21410398090222227, 
  "activity": -0.0017734038800705468
}