{
  "bolusiob": 0, 
  "iob": -0.09028299537944441, 
  "activity": 0.0008018342151675486
}