{
  "bolusiob": 0, 
  "iob": 0.19097869001750004, 
  "activity": 0.005094391534391534
}