{
  "bolusiob": 0, 
  "iob": 0.1937567850511112, 
  "activity": 0.006020088183421516
}