{
  "bolusiob": 0.012838721279999998, 
  "iob": 0.6793189792204568, 
  "activity": 0.013897812786596117
}