{
  "bolusiob": 0, 
  "iob": 1.0930208333331804e-05, 
  "activity": 2.8659611992945187e-05
}