{
  "bolusiob": 0, 
  "iob": -0.12645988445388892, 
  "activity": -0.0025261552028218695
}