{
  "bolusiob": 0.0031678109333332927, 
  "iob": 1.1433651636533337, 
  "activity": 0.03909876543209876
}