{
  "bolusiob": 0, 
  "iob": -0.15194963261, 
  "activity": -0.0025210758377425045
}