{
  "bolusiob": 0, 
  "iob": 0.08181806097173804, 
  "activity": 0.0026663930335096998
}