{
  "bolusiob": 0, 
  "iob": -0.034086978391111133, 
  "activity": 0.0027151322751322745
}