{
  "bolusiob": 0, 
  "iob": -0.1543856166738889, 
  "activity": -0.0029625044091710754
}