{
  "bolusiob": 0, 
  "iob": 0.06480675956479168, 
  "activity": 0.0009772398589065253
}