{
  "bolusiob": 0, 
  "iob": 0.019731733219999992, 
  "activity": -0.00023507936507936503
}