{
  "bolusiob": 0, 
  "iob": 0.6007718608659203, 
  "activity": 0.030911834091710756
}