{
  "bolusiob": 0, 
  "iob": -0.04349965661491664, 
  "activity": 0.0019517548500881832
}