{
  "bolusiob": 0, 
  "iob": 0.4612657711466668, 
  "activity": 0.006966119929453261
}