{
  "bolusiob": 0, 
  "iob": 0.8115111854912247, 
  "activity": 0.007094479453262785
}