{
  "bolusiob": 0, 
  "iob": 0.11561385779111108, 
  "activity": 0.0063403527336860655
}