{
  "bolusiob": 0, 
  "iob": 0.002995917175416668, 
  "activity": 0.00024369488536155184
}