{
  "bolusiob": 0, 
  "iob": 0.06504143285799996, 
  "activity": 0.0037752380952380945
}