{
  "bolusiob": 0, 
  "iob": 0.6120299580072223, 
  "activity": 0.01573615520282187
}