{
  "bolusiob": 0, 
  "iob": 0.068641929749305552, 
  "activity": 0.0014584038800705473
}