{
  "bolusiob": 0, 
  "iob": 1.004894125231657, 
  "activity": 0.015492848447971783
}