{
  "bolusiob": 0.9078678660000001, 
  "iob": 2.151549697368889, 
  "activity": 0.018286031746031745
}