{
  "bolusiob": 0, 
  "iob": 0.1842623831952778, 
  "activity": 0.0009151234567901234
}