{
  "bolusiob": 0, 
  "iob": 0.9072560954747076, 
  "activity": 0.011870547019400353
}