{
  "bolusiob": 0, 
  "iob": 0.0662830348759393, 
  "activity": 0.00010610220458553776
}