{
  "bolusiob": 0, 
  "iob": 0.6118192158749503, 
  "activity": 0.009228518377425042
}