{
  "bolusiob": 0, 
  "iob": 0.24439983678039154, 
  "activity": 0.004601040476190476
}