{
  "bolusiob": 0, 
  "iob": 0.39617305372365474, 
  "activity": 0.005940573350970017
}