{
  "bolusiob": 0, 
  "iob": 0.17003534560500005, 
  "activity": 0.007150864197530864
}