{
  "bolusiob": 0, 
  "iob": -0.04241197613263889, 
  "activity": -0.0019049911816578474
}