{
  "bolusiob": 1.1816065286400002, 
  "iob": 1.20688938096, 
  "activity": 0.0035200000000000006
}