{
  "bolusiob": 0, 
  "iob": -0.037664245635555552, 
  "activity": 5.0582010582010553e-05
}