{
  "bolusiob": 0.026578428800000165, 
  "iob": 0.9045582894147917, 
  "activity": 0.021548192239858897
}