{
  "bolusiob": 0, 
  "iob": 0.26724655664799946, 
  "activity": 0.0037516928924162243
}