{
  "bolusiob": 0, 
  "iob": -0.674623105432621, 
  "activity": -0.007735917231040562
}