{
  "bolusiob": 0, 
  "iob": 0.10172300427833333, 
  "activity": 0.0014157319223985889
}