{
  "bolusiob": 0, 
  "iob": 0.043656447305, 
  "activity": 0.0017499999999999996
}