{
  "bolusiob": 0.91431199068000013, 
  "iob": 2.2393095919876145, 
  "activity": 0.017035926296296293
}