{
  "bolusiob": 0, 
  "iob": 0.0690032602361111, 
  "activity": 9.62962962962962e-05
}