{
  "bolusiob": 0, 
  "iob": 0.04076553381557628, 
  "activity": -0.0003576277777777775
}