{
  "bolusiob": 0, 
  "iob": 0.009689356592222212, 
  "activity": 0.001037239858906526
}