{
  "bolusiob": 0, 
  "iob": 0.14439276522512026, 
  "activity": 0.0013910402998236328
}