{
  "bolusiob": 0.032180989333333264, 
  "iob": 1.3790420943515278, 
  "activity": 0.021918932980599645
}