{
  "bolusiob": 0, 
  "iob": -0.027519039591626403, 
  "activity": 0.0010336858024691353
}