{
  "bolusiob": 0, 
  "iob": 0.3104043474295918, 
  "activity": 0.004029788730158729
}