{
  "bolusiob": 0, 
  "iob": -0.0771852486787906, 
  "activity": 0.00804711631393298
}