{
  "bolusiob": 0, 
  "iob": 0.49598941460458335, 
  "activity": 0.009233888888888887
}