{
  "bolusiob": 0, 
  "iob": 0.13557880833500002, 
  "activity": 0.0009012698412698412
}