{
  "bolusiob": 0, 
  "iob": -0.04700999576444444, 
  "activity": -0.0005737037037037037
}