{
  "bolusiob": 0, 
  "iob": 0.6998232893765948, 
  "activity": 0.019891622310405636
}