{
  "bolusiob": 0, 
  "iob": -0.012463180110416673, 
  "activity": -0.0023541975308641974
}