{
  "bolusiob": 0, 
  "iob": 0.2979332804, 
  "activity": 0.0050099470899470895
}