{
  "bolusiob": 0, 
  "iob": 0.3024554084316667, 
  "activity": 0.006399576719576713
}