{
  "bolusiob": 0, 
  "iob": -0.26215977010152774, 
  "activity": -0.007021640211640212
}