{
  "bolusiob": 0, 
  "iob": 0.21614327504527783, 
  "activity": 0.0051561904761904765
}