{
  "bolusiob": 0, 
  "iob": 0.11680235353388896, 
  "activity": 0.010022486772486771
}