{
  "bolusiob": 0, 
  "iob": 0.19430020968447992, 
  "activity": 0.0004692593827160493
}