{
  "bolusiob": 0, 
  "iob": 0.24197476509388893, 
  "activity": 0.005674259259259258
}