{
  "bolusiob": 0, 
  "iob": 0.15180657865873326, 
  "activity": 0.0011894181128747794
}