{
  "bolusiob": 0, 
  "iob": -0.35355396545555556, 
  "activity": -0.0017977072310405642
}