{
  "bolusiob": 0, 
  "iob": -0.22323327922627043, 
  "activity": 0.0002099912698412703
}