{
  "bolusiob": 0, 
  "iob": 0.6687462807527778, 
  "activity": 0.008319664902998236
}