{
  "bolusiob": 0, 
  "iob": -0.05982352276187882, 
  "activity": -0.0021953881305114636
}