{
  "bolusiob": 4.766082710702222, 
  "iob": 4.902399688448889, 
  "activity": 0.007947548500881831
}