{
  "bolusiob": 0, 
  "iob": 0.44484661196388897, 
  "activity": 0.0033770546737213404
}