{
  "bolusiob": 0, 
  "iob": -0.0920953189832704, 
  "activity": -0.0015017459435626096
}