{
  "bolusiob": 0, 
  "iob": 0.31300618088180554, 
  "activity": 0.002008042328042328
}