{
  "bolusiob": 0, 
  "iob": 0.857454254824518, 
  "activity": 0.023301569400352724
}