{
  "bolusiob": 0, 
  "iob": 0.3545500960568799, 
  "activity": 0.0040781659082892415
}