{
  "bolusiob": 0, 
  "iob": 0.3511575392031125, 
  "activity": 0.006563994444444444
}