{
  "bolusiob": 0, 
  "iob": 0.4872782787455557, 
  "activity": 0.0077244268077601395
}