{
  "bolusiob": 0, 
  "iob": -0.09666802086041669, 
  "activity": 0.0009175308641975309
}