{
  "bolusiob": 0, 
  "iob": 0.40901218682047547, 
  "activity": 0.004824347689594355
}