{
  "bolusiob": 0, 
  "iob": 0.030994068607226387, 
  "activity": -0.000775467548500881
}