{
  "bolusiob": 0, 
  "iob": 0.2476753078666667, 
  "activity": 0.00029506172839506166
}