{
  "bolusiob": 0, 
  "iob": -0.06574967633149326, 
  "activity": 0.003349608201058201
}