{
  "bolusiob": 0, 
  "iob": -0.0009883780800000021, 
  "activity": -0.00016507936507936493
}