{
  "bolusiob": 0, 
  "iob": -0.06114114538555555, 
  "activity": 0.0005559788359788361
}