{
  "bolusiob": 0, 
  "iob": 0.043235394847083344, 
  "activity": 0.0009830246913580245
}