{
  "bolusiob": 0, 
  "iob": 0.07520363264555563, 
  "activity": 0.010517883597883594
}