{
  "bolusiob": 0, 
  "iob": 0.3825812639095833, 
  "activity": 0.0011377072310405645
}