{
  "bolusiob": 0, 
  "iob": 0.0701142159972222, 
  "activity": 0.0008551234567901234
}