{
  "bolusiob": 0, 
  "iob": 0.874401845305786, 
  "activity": 0.007583280264550264
}