{
  "bolusiob": 0, 
  "iob": -0.08595656766370632, 
  "activity": -0.004191666790123456
}