{
  "bolusiob": 0, 
  "iob": -0.005501328362847356, 
  "activity": 0.0015239681657848322
}