{
  "bolusiob": 0, 
  "iob": -0.22036299098755732, 
  "activity": -0.00247130532627866
}