{
  "bolusiob": 0, 
  "iob": -0.1394340261012518, 
  "activity": -0.001604250529100529
}