{
  "bolusiob": 0, 
  "iob": 0.05404386285833335, 
  "activity": 4.686067019400363e-05
}