{
  "bolusiob": 0, 
  "iob": 0.8237386893411115, 
  "activity": 0.013749656084656087
}