{
  "bolusiob": 0, 
  "iob": 0.6566554714592272, 
  "activity": 0.00528957708994709
}