{
  "bolusiob": 0, 
  "iob": 0.1648138363412582, 
  "activity": 0.0034399293650793643
}