{
  "bolusiob": 0.9956816881244445, 
  "iob": 1.8826204225611116, 
  "activity": 0.044639559082892404
}