{
  "bolusiob": 0, 
  "iob": -0.3889670429580961, 
  "activity": -0.006994479629629629
}