{
  "bolusiob": 0, 
  "iob": 0.09665614416944432, 
  "activity": 0.013047601410934745
}