{
  "bolusiob": 0, 
  "iob": 1.139072050393956, 
  "activity": 0.029872698148148143
}