{
  "bolusiob": 0, 
  "iob": -0.36650544609200003, 
  "activity": -0.002169770723104057
}