{
  "bolusiob": 0, 
  "iob": 0.5081288917922221, 
  "activity": 0.008045326278659604
}