{
  "bolusiob": 0, 
  "iob": 0.22295338980958146, 
  "activity": 0.0009404762257495592
}