{
  "bolusiob": 0, 
  "iob": 0.17005085352694452, 
  "activity": 0.003908712522045854
}