{
  "bolusiob": 0, 
  "iob": 0.1263386326102222, 
  "activity": 0.0012930864197530862
}