{
  "bolusiob": 0, 
  "iob": 0.266267940369338, 
  "activity": 0.0031346257671957672
}