{
  "bolusiob": 1.11292540888, 
  "iob": 2.0109392174983336, 
  "activity": 0.01775797178130512
}