{
  "bolusiob": 0, 
  "iob": 0.00422334616708332, 
  "activity": 0.000325617283950617
}