{
  "bolusiob": 0, 
  "iob": -0.29262611813370987, 
  "activity": -0.00287815417989418
}