{
  "bolusiob": 0, 
  "iob": 0.7368082506700003, 
  "activity": 0.02503883597883598
}