{
  "bolusiob": 0, 
  "iob": 0.39138343418666666, 
  "activity": 0.0007674074074074075
}