{
  "bolusiob": 0, 
  "iob": 0.13757417833143487, 
  "activity": 0.0019526806878306876
}