{
  "bolusiob": 0, 
  "iob": 0.26870619388666683, 
  "activity": 0.010580970017636682
}