{
  "bolusiob": 0, 
  "iob": 0.3376702189590278, 
  "activity": 0.0006497089947089937
}