{
  "bolusiob": 0, 
  "iob": 0.7085982583061111, 
  "activity": 0.008455978835978836
}