{
  "bolusiob": 1.0939277124266666, 
  "iob": 1.1702239315566663, 
  "activity": 0.00371079365079365
}