{
  "bolusiob": 0, 
  "iob": -0.06971206041555555, 
  "activity": -0.002031102292768959
}