{
  "bolusiob": 0, 
  "iob": 0.18894392724476605, 
  "activity": 0.001656899911816578
}