{
  "bolusiob": 0, 
  "iob": 0.00947011398375, 
  "activity": 0.001239338624338624
}