{
  "bolusiob": 0, 
  "iob": 0.16763082134311108, 
  "activity": -0.0002751675485008822
}