{
  "bolusiob": 0, 
  "iob": 0.09681879658592918, 
  "activity": 0.0016302642857142858
}