{
  "bolusiob": 0, 
  "iob": 0.69262966343, 
  "activity": 0.025497883597883596
}