{
  "bolusiob": 0, 
  "iob": -0.02236771485907086, 
  "activity": 0.0013750614638447971
}