{
  "bolusiob": 0, 
  "iob": 0.45436098747508585, 
  "activity": 0.004563624074074074
}