{
  "bolusiob": 0, 
  "iob": -0.14864655444475378, 
  "activity": -0.0032530157848324505
}