{
  "bolusiob": 0, 
  "iob": 0.2764918530666667, 
  "activity": 0.0035461816578483247
}