{
  "bolusiob": 0, 
  "iob": 0.06567380584375, 
  "activity": 0.001326322751322751
}