{
  "bolusiob": 0, 
  "iob": 0.3707051073676445, 
  "activity": 0.0051168255202821864
}