{
  "bolusiob": 0.22446157888000007, 
  "iob": 1.2967846063659723, 
  "activity": 0.016117345679012345
}