{
  "bolusiob": 0, 
  "iob": 0.8536808625179851, 
  "activity": 0.008834576366843032
}