{
  "bolusiob": 3.023846097066667, 
  "iob": 4.8419214731555558, 
  "activity": 0.030772839506172833
}