{
  "bolusiob": 0, 
  "iob": 0.5038082967590082, 
  "activity": 0.004039779365079365
}