{
  "bolusiob": 2.050826956631111, 
  "iob": 3.5311279470209724, 
  "activity": 0.03358381834215167
}