{
  "bolusiob": 0, 
  "iob": 0.19080382320876269, 
  "activity": 0.004259728306878307
}