{
  "bolusiob": 0, 
  "iob": 0.5102312133088891, 
  "activity": 0.01123672839506173
}