{
  "bolusiob": 0.07836180778666649, 
  "iob": 2.057046981878333, 
  "activity": 0.046826384479717806
}