{
  "bolusiob": 0, 
  "iob": -0.3980068788277778, 
  "activity": -0.00233331569664903
}