{
  "bolusiob": 0, 
  "iob": -0.29804891339833484, 
  "activity": -0.0031917459435626097
}