{
  "bolusiob": 0, 
  "iob": 0.56632143789125, 
  "activity": 0.010308562610229272
}