{
  "bolusiob": 0, 
  "iob": 0.21900035313888888, 
  "activity": 0.0017491710758377422
}