{
  "bolusiob": 0, 
  "iob": 0.2402155794099999, 
  "activity": 0.014268253968253963
}