{
  "bolusiob": 0, 
  "iob": -0.08736799101602793, 
  "activity": 0.005424858906525573
}