{
  "bolusiob": 0, 
  "iob": 0.9161096210422222, 
  "activity": 0.01859982363315696
}