{
  "bolusiob": 0, 
  "iob": -0.2798704987438282, 
  "activity": -0.001417072222222222
}