{
  "bolusiob": 0, 
  "iob": 0.612448225590847, 
  "activity": 0.009004691093474425
}