{
  "bolusiob": 0, 
  "iob": 0.49853292792355575, 
  "activity": 0.004987922398589065
}