{
  "bolusiob": 0, 
  "iob": 0.1807159738094445, 
  "activity": 0.004138871252204586
}