{
  "bolusiob": 0, 
  "iob": 0.4143540655856872, 
  "activity": 0.004739797495590829
}