{
  "bolusiob": 0, 
  "iob": 0.17851764381750002, 
  "activity": 0.00110179012345679
}