{
  "bolusiob": 0, 
  "iob": -0.14087246121333333, 
  "activity": -0.0005637037037037036
}