{
  "bolusiob": 0.09751340309333348, 
  "iob": 1.4943236051361037, 
  "activity": 0.031242081040564373
}