{
  "bolusiob": 0, 
  "iob": 0.12336378603571804, 
  "activity": 0.0013898233686067013
}