{
  "bolusiob": 0, 
  "iob": -0.08953261678333332, 
  "activity": 0.0009030158730158731
}