{
  "bolusiob": 0, 
  "iob": -0.02442530530972769, 
  "activity": 0.0024414813580246916
}