{
  "bolusiob": 0, 
  "iob": -0.17288724650000004, 
  "activity": -0.0007811640211640214
}