{
  "bolusiob": 0, 
  "iob": 0.15895067096145835, 
  "activity": 0.00442900352733686
}