{
  "bolusiob": 0, 
  "iob": 0.09959402908277781, 
  "activity": -0.0006971781305114635
}