{
  "bolusiob": 0.009039519053333455, 
  "iob": 2.998158073928889, 
  "activity": 0.06948077601410935
}