{
  "bolusiob": 0, 
  "iob": 0.7502098516300001, 
  "activity": 0.006322469135802468
}