{
  "bolusiob": 0, 
  "iob": 0.10570990636444444, 
  "activity": 0.00018485008818342169
}