{
  "bolusiob": 0.1647844155733333, 
  "iob": 2.259673054866667, 
  "activity": 0.04548917107583774
}