{
  "bolusiob": 0, 
  "iob": -0.5491896347131946, 
  "activity": -0.0038216666666666677
}