{
  "bolusiob": 0, 
  "iob": -0.2478769710538889, 
  "activity": -0.0014245590828924157
}