{
  "bolusiob": 0.08456275000000003, 
  "iob": 0.5967280030441667, 
  "activity": 0.006395246913580246
}