{
  "bolusiob": 0, 
  "iob": -0.16448090825944445, 
  "activity": -0.0024846737213403873
}