{
  "bolusiob": 0, 
  "iob": 0.08581111121257626, 
  "activity": -0.0009788976190476183
}