{
  "bolusiob": 0.2433797445733334, 
  "iob": 1.1195166946822224, 
  "activity": 0.015042857142857143
}