{
  "bolusiob": 0, 
  "iob": -0.2991184353555556, 
  "activity": -0.002776164021164021
}