{
  "bolusiob": 0.08480233365333323, 
  "iob": 2.4169597443555557, 
  "activity": 0.0557042680776014
}