{
  "bolusiob": 0, 
  "iob": 0.17346474732188896, 
  "activity": 0.008001922398589063
}