{
  "bolusiob": 0, 
  "iob": 0.5760033941244442, 
  "activity": 0.010234038800705465
}