{
  "bolusiob": 0, 
  "iob": 0.148536809258, 
  "activity": 0.0032837037037037027
}