{
  "bolusiob": 0, 
  "iob": -0.20052195806333337, 
  "activity": -0.0049232980599647255
}