{
  "bolusiob": 0, 
  "iob": -0.16483662529836043, 
  "activity": -0.0033538976190476185
}