{
  "bolusiob": 0.0017162916666666472, 
  "iob": 0.31975422528080644, 
  "activity": 0.011621939858906524
}