{
  "bolusiob": 0, 
  "iob": -7.7898166666035e-07, 
  "activity": -2.0282186948852174e-06
}