{
  "bolusiob": 0, 
  "iob": -0.07284720981833331, 
  "activity": -0.0012168077601410934
}