{
  "bolusiob": 0, 
  "iob": 0.2236948985128488, 
  "activity": 0.0012815433333333332
}