{
  "bolusiob": 0, 
  "iob": 1.1289808986523366, 
  "activity": 0.019200555679012344
}