{
  "bolusiob": 0, 
  "iob": -0.13343643126055557, 
  "activity": -0.002052142857142857
}