{
  "bolusiob": 0, 
  "iob": -0.21711120988458338, 
  "activity": -0.0013878395061728396
}