{
  "bolusiob": 5.504000000000619e-06, 
  "iob": 0.7662977527226057, 
  "activity": 0.00875166677248677
}