{
  "bolusiob": 0, 
  "iob": -0.14578739435444443, 
  "activity": 0.00044641975308642036
}