{
  "bolusiob": 0, 
  "iob": 0.9487405584661113, 
  "activity": 0.008516895943562608
}