{
  "bolusiob": 0.0006530560000001185, 
  "iob": 0.47908331952666666, 
  "activity": 0.012677372134038797
}