{
  "bolusiob": 0, 
  "iob": 0.01950728002261256, 
  "activity": 0.0008774573192239855
}