{
  "bolusiob": 0.6002320204800001, 
  "iob": 1.4195550602899094, 
  "activity": 0.010903763192239856
}