{
  "bolusiob": 0, 
  "iob": 0.29621790480700005, 
  "activity": 0.0027634391534391532
}