{
  "bolusiob": 0.0045480226133332025, 
  "iob": 1.6227164620005556, 
  "activity": 0.041938941798941795
}