{
  "bolusiob": 0, 
  "iob": 0.17776375209284884, 
  "activity": 0.002207469259259259
}