{
  "bolusiob": 0, 
  "iob": 0.1599923349954814, 
  "activity": 0.003986507671957672
}