{
  "bolusiob": 0, 
  "iob": -0.0065864835200000055, 
  "activity": -0.000912010582010582
}