{
  "bolusiob": 0, 
  "iob": -0.055414666669027786, 
  "activity": 0.003109021164021164
}