{
  "bolusiob": 0, 
  "iob": 0.3009434134553206, 
  "activity": 4.297215167548517e-05
}