{
  "bolusiob": 0.004783228559999886, 
  "iob": 1.3496534829944447, 
  "activity": 0.025194426807760142
}