{
  "bolusiob": 0.04310530399999999, 
  "iob": 0.768496366340139, 
  "activity": 0.006104999999999999
}