{
  "bolusiob": 0, 
  "iob": 0.31689124702246707, 
  "activity": 0.0009215876543209877
}