{
  "bolusiob": 0, 
  "iob": 0.08846051817333334, 
  "activity": 0.0031432098765432083
}