{
  "bolusiob": 0, 
  "iob": 0.5021214058473611, 
  "activity": 0.002140449735449736
}