{
  "bolusiob": 0, 
  "iob": 0.09715035718055555, 
  "activity": 0.0002535185185185185
}