{
  "bolusiob": 0, 
  "iob": 1.2955173189233335, 
  "activity": 0.03610601410934744
}