{
  "bolusiob": 0, 
  "iob": 0.15014446921183844, 
  "activity": 0.003211269805996473
}