{
  "bolusiob": 0, 
  "iob": 0.7978330703384297, 
  "activity": 0.008948914991181656
}