{
  "bolusiob": 0, 
  "iob": 0.33321138735361117, 
  "activity": 0.008565555555555554
}