{
  "bolusiob": 0, 
  "iob": 0.09173551903217138, 
  "activity": 0.0030269838624338618
}