{
  "bolusiob": 0, 
  "iob": 0.04620556728708334, 
  "activity": 0.0002221252204585536
}