{
  "bolusiob": 0, 
  "iob": -0.11531971551111111, 
  "activity": -0.0011012345679012343
}