{
  "bolusiob": 0, 
  "iob": 0.08230693425713514, 
  "activity": 0.0017714228747795406
}