{
  "bolusiob": 0, 
  "iob": -0.07148684470963887, 
  "activity": -0.003839268077601409
}