{
  "bolusiob": 0.5817803203199999, 
  "iob": 1.4020676110836114, 
  "activity": 0.014755211640211638
}