{
  "bolusiob": 0, 
  "iob": -0.1217341338761111, 
  "activity": -0.0002957495590828922
}