{
  "bolusiob": 0.4045088725200001, 
  "iob": 1.1182153230497336, 
  "activity": 0.012509223809523807
}