{
  "bolusiob": 0.08844279929333325, 
  "iob": 0.989008952717833, 
  "activity": 0.019486010229276894
}