{
  "bolusiob": 0, 
  "iob": -0.028455569767155534, 
  "activity": -0.0025937830687830675
}