{
  "bolusiob": 0, 
  "iob": 0.0643005386761111, 
  "activity": 0.0010490211640211636
}