{
  "bolusiob": 0, 
  "iob": 0.0816649368040278, 
  "activity": 0.0036300793650793643
}