{
  "bolusiob": 0, 
  "iob": 0.3277101507977899, 
  "activity": 0.004300873262786596
}