{
  "bolusiob": 0, 
  "iob": 0.10369353137555556, 
  "activity": 0.0013243209876543209
}