{
  "bolusiob": 0, 
  "iob": -0.0304083918998607, 
  "activity": -0.0019307408289241622
}