{
  "bolusiob": 0, 
  "iob": 0.08612368970111112, 
  "activity": 0.0014305291005291005
}