{
  "bolusiob": 0, 
  "iob": 0.07797107215334931, 
  "activity": 0.0019129276014109345
}