{
  "bolusiob": 0, 
  "iob": -0.09989474923218748, 
  "activity": -0.00011454144620811335
}