{
  "bolusiob": 0, 
  "iob": -0.6380526656535632, 
  "activity": -0.007189532751322752
}