{
  "bolusiob": 0, 
  "iob": 0.04294445533812502, 
  "activity": 0.0020048941798941795
}