{
  "bolusiob": 1.43516844544, 
  "iob": 2.400606427181111, 
  "activity": 0.013076190476190476
}