{
  "bolusiob": 0, 
  "iob": 0.2850411746716667, 
  "activity": 0.0009546560846560848
}