{
  "bolusiob": 0, 
  "iob": 5.913600000018171e-07, 
  "activity": 2.1164021164019923e-06
}