{
  "bolusiob": 0.007617791999999924, 
  "iob": 0.7398383586142848, 
  "activity": 0.015672206084656082
}