{
  "bolusiob": 0, 
  "iob": -0.07088484844443887, 
  "activity": -0.002181719700176366
}