{
  "bolusiob": 0.06981817663999963, 
  "iob": 3.620711714360556, 
  "activity": 0.08347252204585537
}