{
  "bolusiob": 1.4679873328355557, 
  "iob": 1.830502052198889, 
  "activity": 0.017028677248677248
}