{
  "bolusiob": 0, 
  "iob": 0.40430048229055565, 
  "activity": 0.014262760141093475
}