{
  "bolusiob": 0, 
  "iob": 0.2707438113241036, 
  "activity": 5.537084656084602e-05
}