{
  "bolusiob": 0, 
  "iob": 0.4266607531111111, 
  "activity": 0.0030936507936507934
}