{
  "bolusiob": 0.03153290711999999, 
  "iob": 0.5236181732441667, 
  "activity": 0.007584382716049381
}