{
  "bolusiob": 0.21555178943999992, 
  "iob": 1.5847725335977776, 
  "activity": 0.025337777777777775
}