{
  "bolusiob": 0, 
  "iob": -0.14175505444888892, 
  "activity": -0.000545432098765432
}