{
  "bolusiob": 0, 
  "iob": 0.4226466938584222, 
  "activity": 0.005444232927689593
}