{
  "bolusiob": 0, 
  "iob": 0.023398102894791686, 
  "activity": 0.0006717372134038798
}