{
  "bolusiob": 0, 
  "iob": 0.16294908087666668, 
  "activity": -3.8659611992945474e-05
}