{
  "bolusiob": 0.06777974546666671, 
  "iob": 0.9576119089010063, 
  "activity": 0.015172730599647261
}