{
  "bolusiob": 1.10154834724, 
  "iob": 2.643062509753056, 
  "activity": 0.02157234567901234
}