{
  "bolusiob": 0, 
  "iob": -0.39907893933500005, 
  "activity": -0.0037658730158730155
}