{
  "bolusiob": 2.42731485744, 
  "iob": 2.9950231068356943, 
  "activity": 0.010376507936507936
}