{
  "bolusiob": 0, 
  "iob": 0.12927236431, 
  "activity": 0.0016001410934744264
}