{
  "bolusiob": 0, 
  "iob": 0.6625614779233376, 
  "activity": 0.008812910299823635
}