{
  "bolusiob": 0, 
  "iob": 0.3050174745325138, 
  "activity": 0.003716798835978835
}