{
  "bolusiob": 0, 
  "iob": 0.6786492997293058, 
  "activity": 0.007326296296296295
}