{
  "bolusiob": 0, 
  "iob": 0.1653745471863889, 
  "activity": 0.001396111111111111
}