{
  "bolusiob": 0, 
  "iob": 0.4270842663747295, 
  "activity": 0.001416667037037037
}