{
  "bolusiob": 0, 
  "iob": -0.3792782248638889, 
  "activity": -0.003945714285714285
}