{
  "bolusiob": 0, 
  "iob": -0.05875978984577778, 
  "activity": 0.0013014814814814816
}