{
  "bolusiob": 0, 
  "iob": 0.25940304798215597, 
  "activity": -0.0007913929453262792
}