{
  "bolusiob": 0, 
  "iob": 0.17929435729944448, 
  "activity": 0.005065343915343915
}