{
  "bolusiob": 1.6077908186311112, 
  "iob": 3.1203930754609726, 
  "activity": 0.03691697530864198
}