{
  "bolusiob": 0, 
  "iob": 0.4425549321733334, 
  "activity": 0.007176913580246914
}