{
  "bolusiob": 0, 
  "iob": 0.49861777101361116, 
  "activity": 0.0033367901234567896
}