{
  "bolusiob": 0, 
  "iob": 0.2263831535889733, 
  "activity": 0.0011718519753086418
}