{
  "bolusiob": 0, 
  "iob": 0.03528444336559171, 
  "activity": 0.00011246019400352706
}