{
  "bolusiob": 0, 
  "iob": 0.43260819201794165, 
  "activity": 0.0038095594003527333
}