{
  "bolusiob": 0, 
  "iob": 0.6381888241339754, 
  "activity": 0.01047045865961199
}