{
  "bolusiob": 0, 
  "iob": 0.07921883774555558, 
  "activity": 0.001356957671957672
}