{
  "bolusiob": 1.28162386656, 
  "iob": 2.3257422249844444, 
  "activity": 0.014917777777777775
}