{
  "bolusiob": 0.015775403799999865, 
  "iob": 1.0294993345066672, 
  "activity": 0.026274567901234565
}