{
  "bolusiob": 0.028048750253333334, 
  "iob": 1.1547878414522226, 
  "activity": 0.019299223985890658
}