{
  "bolusiob": 0, 
  "iob": -0.11593123556277779, 
  "activity": 0.0014679717813051135
}