{
  "bolusiob": 0, 
  "iob": 0.2815773716126664, 
  "activity": 0.0002751586772486771
}