{
  "bolusiob": 0.8572860877866665, 
  "iob": 2.9870027830055554, 
  "activity": 0.03653259259259258
}