{
  "bolusiob": 0, 
  "iob": 0.16336072563333331, 
  "activity": 0.0030596119929453248
}