{
  "bolusiob": 0, 
  "iob": 0.09985859109959247, 
  "activity": 0.001959073809523809
}