{
  "bolusiob": 0, 
  "iob": 0.250067294689462, 
  "activity": 0.005646234603174602
}