{
  "bolusiob": 0, 
  "iob": 0.23737952238263893, 
  "activity": 0.0030769047619047625
}