{
  "bolusiob": 0, 
  "iob": 0.022600168133333057, 
  "activity": 0.005015167548500877
}