{
  "bolusiob": 0, 
  "iob": 0.06404918070277776, 
  "activity": 0.0009538447971781301
}