{
  "bolusiob": 0.08480679108000014, 
  "iob": 0.7255721549938459, 
  "activity": 0.01444954726631393
}