{
  "bolusiob": 0, 
  "iob": 0.22030322455333332, 
  "activity": 0.00968326278659612
}