{
  "bolusiob": 0, 
  "iob": 0.6743465590058334, 
  "activity": 0.007753788359788358
}