{
  "bolusiob": 0, 
  "iob": 0.6820333555633336, 
  "activity": 0.021305643738977073
}