{
  "bolusiob": 0, 
  "iob": 0.18319998955041672, 
  "activity": 0.00480668430335097
}