{
  "bolusiob": 0, 
  "iob": 0.2422147847838889, 
  "activity": 0.0014487213403880069
}