{
  "bolusiob": 0, 
  "iob": 0.3906667820669154, 
  "activity": 0.004840467619047619
}