{
  "bolusiob": 0, 
  "iob": 0.021892539517222212, 
  "activity": 0.0006786948853615518
}