{
  "bolusiob": 0, 
  "iob": 0.8955534825873378, 
  "activity": 0.013989700299823632
}