{
  "bolusiob": 0, 
  "iob": -0.0789332726933333, 
  "activity": -0.001028536155202822
}