{
  "bolusiob": 0, 
  "iob": 0.41338988288342804, 
  "activity": 0.005645331234567901
}