{
  "bolusiob": 0, 
  "iob": 0.13460561980673325, 
  "activity": 0.0011259260493827155
}