{
  "bolusiob": 0, 
  "iob": 0.19585135088829328, 
  "activity": 0.001651975432098765
}