{
  "bolusiob": 0, 
  "iob": 0.21885746511208334, 
  "activity": 0.002347134038800707
}