{
  "bolusiob": 0, 
  "iob": 0.36041303243843464, 
  "activity": 0.007682823350970017
}