{
  "bolusiob": 0.2982188705066667, 
  "iob": 0.5907157157455556, 
  "activity": 0.006130617283950616
}