{
  "bolusiob": 0, 
  "iob": 0.43005772996821423, 
  "activity": 0.003265150088183421
}