{
  "bolusiob": 0, 
  "iob": 0.14925295177472686, 
  "activity": 0.000223880176366843
}