{
  "bolusiob": 0, 
  "iob": 0.11315206151797444, 
  "activity": 0.00193657848324515
}