{
  "bolusiob": 0, 
  "iob": 0.0013740113599999993, 
  "activity": 0.00013439153439153434
}