{
  "bolusiob": 0, 
  "iob": 0.16555229918875414, 
  "activity": 0.00536375582010582
}