{
  "bolusiob": 0, 
  "iob": 0.5836863764294432, 
  "activity": 0.007598104179894177
}