{
  "bolusiob": 0, 
  "iob": 0.16386755825833335, 
  "activity": 0.0015123456790123453
}