{
  "bolusiob": 0.30021657152, 
  "iob": 1.5910906618829292, 
  "activity": 0.021989999911816577
}