{
  "bolusiob": 0, 
  "iob": 0.12189313537555554, 
  "activity": 0.0009909876543209876
}