{
  "bolusiob": 0, 
  "iob": 0.6731672180031725, 
  "activity": 0.009416446067019402
}