{
  "bolusiob": 0, 
  "iob": -0.08991275430666666, 
  "activity": -0.0021628924162257488
}