{
  "bolusiob": 0, 
  "iob": -0.17872202449077487, 
  "activity": -0.0026342768077601405
}