{
  "bolusiob": 0, 
  "iob": 0.4951184077287501, 
  "activity": 0.007863977072310405
}