{
  "bolusiob": 0, 
  "iob": -0.525991276566389, 
  "activity": -0.005306058201058201
}