{
  "bolusiob": 0, 
  "iob": 0.013936409069047355, 
  "activity": -0.002534911728395061
}