{
  "bolusiob": 0, 
  "iob": 0.2322428822063066, 
  "activity": 0.0009866667901234567
}