{
  "bolusiob": 0, 
  "iob": 0.5227291482518459, 
  "activity": 0.004100714109347442
}