{
  "bolusiob": 0, 
  "iob": 0.26597650894444447, 
  "activity": 0.002999559082892416
}