{
  "bolusiob": 0, 
  "iob": 0.0007670790970833341, 
  "activity": 0.0001496913580246913
}