{
  "bolusiob": 0, 
  "iob": 0.458534279752, 
  "activity": 0.0028307583774250453
}