{
  "bolusiob": 0, 
  "iob": 0.7835668563226547, 
  "activity": 0.009242019259259259
}