{
  "bolusiob": 0, 
  "iob": -0.08172333909154544, 
  "activity": -0.0021362699647266316
}