{
  "bolusiob": 0, 
  "iob": 0.33572133666519444, 
  "activity": 0.004922372134038801
}