{
  "bolusiob": 0, 
  "iob": 1.0622037237822224, 
  "activity": 0.018890917107583765
}