{
  "bolusiob": 0, 
  "iob": -0.46967654203444453, 
  "activity": -0.0043102821869488534
}