{
  "bolusiob": 2.3745622741511108, 
  "iob": 3.7534890702669887, 
  "activity": 0.032059993527336857
}