{
  "bolusiob": 0, 
  "iob": 0.20118946320333336, 
  "activity": 0.002555202821869488
}