{
  "bolusiob": 0, 
  "iob": 0.5837359278533334, 
  "activity": 0.01348733686067019
}