{
  "bolusiob": 0, 
  "iob": 1.1019314716133333, 
  "activity": 0.03192627865961199
}