{
  "bolusiob": 0, 
  "iob": 0.621776227765, 
  "activity": 0.01122396825396825
}