{
  "bolusiob": 1.1416763949066668, 
  "iob": 2.448375391151523, 
  "activity": 0.02125617275132275
}