{
  "bolusiob": 0, 
  "iob": 0.06969181906479166, 
  "activity": 0.0010460229276895942
}