{
  "bolusiob": 0, 
  "iob": 0.016911599137777747, 
  "activity": 9.114638447971793e-05
}