{
  "bolusiob": 0, 
  "iob": 0.03185646622666655, 
  "activity": 0.00867245149911816
}