{
  "bolusiob": 0, 
  "iob": 0.4993668692755558, 
  "activity": 0.02183562610229276
}