{
  "bolusiob": 0, 
  "iob": 0.7833657701888048, 
  "activity": 0.006516913492063492
}