{
  "bolusiob": 0, 
  "iob": 0.24319097356999997, 
  "activity": 0.004768518518518517
}