{
  "bolusiob": 0, 
  "iob": -0.11229786187111108, 
  "activity": 0.010096843033509696
}