{
  "bolusiob": 0.8113664426666667, 
  "iob": 1.4344469655097036, 
  "activity": 0.019302601322751318
}