{
  "bolusiob": 0, 
  "iob": 0.06631606771880684, 
  "activity": 0.0010887478835978834
}