{
  "bolusiob": 0.6084337309333333, 
  "iob": 2.8289981794931114, 
  "activity": 0.056057848324514985
}