{
  "bolusiob": 0.8936615001600002, 
  "iob": 2.279359063957223, 
  "activity": 0.023647460317460317
}