{
  "bolusiob": 0, 
  "iob": 0.6133995771098614, 
  "activity": 0.013348474426807758
}