{
  "bolusiob": 0.1550766838, 
  "iob": 1.442681951532222, 
  "activity": 0.02791788359788359
}