{
  "bolusiob": 0, 
  "iob": 0.14701851086277778, 
  "activity": 0.0013183509700176368
}