{
  "bolusiob": 0, 
  "iob": 0.4122682743599999, 
  "activity": 0.01077855379188712
}