{
  "bolusiob": 0, 
  "iob": -0.03295307373555555, 
  "activity": 0.0012115873015873014
}