{
  "bolusiob": 0, 
  "iob": 0.6430571425477235, 
  "activity": 0.016840755467372133
}