{
  "bolusiob": 0, 
  "iob": -0.09328761840222223, 
  "activity": -0.00032777777777777775
}