{
  "bolusiob": 0, 
  "iob": -0.4265181141636516, 
  "activity": -0.008288465520282185
}