{
  "bolusiob": 0, 
  "iob": 0.4460901772832084, 
  "activity": 0.0044565171252204565
}