{
  "bolusiob": 1.6687486967111114, 
  "iob": 3.006043334020938, 
  "activity": 0.031388922910052908
}