{
  "bolusiob": 0.9983820928, 
  "iob": 1.6174419582650001, 
  "activity": 0.005843924162257493
}