{
  "bolusiob": 0, 
  "iob": 0.299542239890139, 
  "activity": 0.0035044620811287472
}