{
  "bolusiob": 0.27039021738666663, 
  "iob": 1.0823744459744442, 
  "activity": 0.014740370370370365
}