{
  "bolusiob": 0, 
  "iob": -0.08626289717499999, 
  "activity": 0.0008228218694885361
}