{
  "bolusiob": 0, 
  "iob": 0.1794357085, 
  "activity": 0.0016740564373897704
}