{
  "bolusiob": 0, 
  "iob": -0.12961649202944445, 
  "activity": -0.0021882892416225748
}