{
  "bolusiob": 0, 
  "iob": -0.3753900447144444, 
  "activity": -0.0007341005291005291
}