{
  "bolusiob": 0, 
  "iob": 0.046863264197305576, 
  "activity": 0.0041567460317460305
}