{
  "bolusiob": 0.0221621370666667, 
  "iob": 0.3566934042777778, 
  "activity": 0.008679188712522047
}