{
  "bolusiob": 0, 
  "iob": 0.5335929578777778, 
  "activity": 0.012944250440917108
}