{
  "bolusiob": 0, 
  "iob": -0.12506177530333334, 
  "activity": 0.0015805820105820104
}