{
  "bolusiob": 0, 
  "iob": 0.1728775805887425, 
  "activity": 0.004803306701940034
}