{
  "bolusiob": 0.5434174984533333, 
  "iob": 0.8950350220703304, 
  "activity": 0.003160335308641973
}