{
  "bolusiob": 0, 
  "iob": 0.06829336900444445, 
  "activity": 3.966490299823626e-05
}