{
  "bolusiob": 0, 
  "iob": 0.14043069724578292, 
  "activity": 0.0024428484126984124
}