{
  "bolusiob": 0, 
  "iob": -0.19794628314019444, 
  "activity": -0.0011635714285714283
}