{
  "bolusiob": 0, 
  "iob": -0.2397974442851118, 
  "activity": -2.7989506172839665e-05
}