{
  "bolusiob": 1.2888118476800001, 
  "iob": 1.8438718764924444, 
  "activity": 0.008041728395061728
}