{
  "bolusiob": 0, 
  "iob": -0.3261756502813688, 
  "activity": -0.0012507055908289242
}