{
  "bolusiob": 0, 
  "iob": 0.2078235223686111, 
  "activity": 0.002600352733686067
}