{
  "bolusiob": 0, 
  "iob": -0.12037523468722222, 
  "activity": 0.0008820811287477947
}