{
  "bolusiob": 0, 
  "iob": -0.12396260011111113, 
  "activity": -7.014109347442687e-05
}