{
  "bolusiob": 0, 
  "iob": -0.14386893789444444, 
  "activity": 0.0008602998236331571
}