{
  "bolusiob": 0, 
  "iob": 0.12446288133509734, 
  "activity": -0.0016153173721340387
}