{
  "bolusiob": 0, 
  "iob": 0.10229319045444443, 
  "activity": 0.002288447971781305
}