{
  "bolusiob": 0, 
  "iob": 0.09451964768611112, 
  "activity": -0.0007433686067019401
}