{
  "bolusiob": 0, 
  "iob": 0.07764189151111112, 
  "activity": 0.0002220811287477956
}