{
  "bolusiob": 0, 
  "iob": 0.21560980577777786, 
  "activity": 0.006718589065255733
}