{
  "bolusiob": 0, 
  "iob": 0.057676633368888876, 
  "activity": 0.000954356261022927
}