{
  "bolusiob": 0, 
  "iob": 0.034890651160000015, 
  "activity": -0.0014918165784832448
}