{
  "bolusiob": 0, 
  "iob": 0.2930589981266667, 
  "activity": 0.004542707231040563
}