{
  "bolusiob": 0.22538985890666657, 
  "iob": 1.4652706505422222, 
  "activity": 0.021997283950617282
}