{
  "bolusiob": 0, 
  "iob": -0.5901435700937501, 
  "activity": -0.0058894091710758375
}