{
  "bolusiob": 0, 
  "iob": -0.08422547105888886, 
  "activity": 0.0017033245149911818
}