{
  "bolusiob": 0, 
  "iob": -0.13420699236022227, 
  "activity": 0.0006043915343915344
}