{
  "bolusiob": 0, 
  "iob": -0.07859599929408334, 
  "activity": -0.0023739241622574947
}