{
  "bolusiob": 0, 
  "iob": -0.02149989095555556, 
  "activity": -0.000848148148148148
}