{
  "bolusiob": 0, 
  "iob": -0.7062304097912926, 
  "activity": -0.008858624250440915
}