{
  "bolusiob": 0, 
  "iob": 0.15431107352666668, 
  "activity": 0.0002849735449735448
}