{
  "bolusiob": 0, 
  "iob": 0.410432518475, 
  "activity": 0.0065842328042328025
}