{
  "bolusiob": 0, 
  "iob": -0.10874256133222221, 
  "activity": 0.0020402821869488527
}