{
  "bolusiob": 0, 
  "iob": 1.0075138041372227, 
  "activity": 0.0168141975308642
}