{
  "bolusiob": 0, 
  "iob": 0.16603358138444452, 
  "activity": 0.005526384479717813
}