{
  "bolusiob": 0, 
  "iob": 0.34937882296777767, 
  "activity": 0.0061313492063492
}