{
  "bolusiob": 0, 
  "iob": -0.015839827369347234, 
  "activity": -0.0011946825396825392
}