{
  "bolusiob": 1.9661722617600002, 
  "iob": 2.91242596347, 
  "activity": 0.016699082892416214
}