{
  "bolusiob": 0, 
  "iob": 0.4690264229055556, 
  "activity": 0.002359356261022927
}