{
  "bolusiob": 0, 
  "iob": 0.33286680411483677, 
  "activity": 0.004485714391534391
}