{
  "bolusiob": 0.23820454199999988, 
  "iob": 2.0610898711022223, 
  "activity": 0.03722566137566137
}