{
  "bolusiob": 1.9740685783644445, 
  "iob": 4.083585263924445, 
  "activity": 0.0372210934744268
}