{
  "bolusiob": 0, 
  "iob": 0.9712802900238888, 
  "activity": 0.019934241622574955
}