{
  "bolusiob": 0, 
  "iob": -0.045371811143526286, 
  "activity": 0.00032121684303350925
}