{
  "bolusiob": 0, 
  "iob": 0.031037896527777775, 
  "activity": 0.0017577777777777776
}