{
  "bolusiob": 0, 
  "iob": 0.06215596488208336, 
  "activity": 0.00018712522045855363
}