{
  "bolusiob": 0, 
  "iob": -0.1560665688034723, 
  "activity": -0.005156957671957673
}