{
  "bolusiob": 0, 
  "iob": 0.02894241911222223, 
  "activity": 0.0013075485008818336
}