{
  "bolusiob": 0.2792020750933334, 
  "iob": 1.8008212771707706, 
  "activity": 0.02875657839506172
}