{
  "bolusiob": 0, 
  "iob": 0.5387683710222223, 
  "activity": 0.00797753086419753
}