{
  "bolusiob": 0, 
  "iob": 0.08383745300222223, 
  "activity": 0.0008587037037037035
}