{
  "bolusiob": 0, 
  "iob": 0.5318477013661421, 
  "activity": 0.0048745328747795405
}