{
  "bolusiob": 0.4832379812, 
  "iob": 1.3829671164394446, 
  "activity": 0.019479770723104053
}