{
  "bolusiob": 0, 
  "iob": -0.04635507415388894, 
  "activity": -0.001324391534391535
}