{
  "bolusiob": 0, 
  "iob": 0.11148508082944444, 
  "activity": 0.002210564373897706
}