{
  "bolusiob": 0, 
  "iob": 0.4745887354263333, 
  "activity": 0.0039515343915343904
}