{
  "bolusiob": 0, 
  "iob": 0.09218625100222222, 
  "activity": 0.0007634656084656084
}