{
  "bolusiob": 0, 
  "iob": 0.0026559622676804095, 
  "activity": 0.00010652548500881837
}