{
  "bolusiob": 0, 
  "iob": 0.5884987937240278, 
  "activity": 0.0026882804232804224
}