{
  "bolusiob": 0, 
  "iob": 0.5242971238181241, 
  "activity": 0.0044223195943562605
}