{
  "bolusiob": 0, 
  "iob": 0.30491075596500006, 
  "activity": 0.0031986243386243375
}