{
  "bolusiob": 0, 
  "iob": -0.15830504400513892, 
  "activity": -0.005465917107583774
}