{
  "bolusiob": 0, 
  "iob": -0.18133206028444446, 
  "activity": -0.001616437389770723
}