{
  "bolusiob": 0, 
  "iob": 0.0038989965825555473, 
  "activity": 0.0010582010582010585
}