{
  "bolusiob": 0, 
  "iob": -0.05192106046166664, 
  "activity": 0.0031435361552028217
}