{
  "bolusiob": 0, 
  "iob": 0.09651636155507043, 
  "activity": 0.00023843024691358033
}