{
  "bolusiob": 0, 
  "iob": 0.16284234885166665, 
  "activity": 0.00421390652557319
}