{
  "bolusiob": 0, 
  "iob": 0.47006364283268937, 
  "activity": 0.003944247795414461
}