{
  "bolusiob": 0, 
  "iob": 0.5986789226413026, 
  "activity": 0.005523236155202821
}