{
  "bolusiob": 0.8925955621866667, 
  "iob": 2.549520015516528, 
  "activity": 0.03764939153439153
}