{
  "bolusiob": 0, 
  "iob": 0.5575881406506171, 
  "activity": 0.004988430476190476
}