{
  "bolusiob": 0, 
  "iob": 0.06289401936256944, 
  "activity": 0.0012205731922398581
}