{
  "bolusiob": 0, 
  "iob": 0.37245082968022225, 
  "activity": 0.003788121693121693
}