{
  "bolusiob": 0, 
  "iob": -0.17014742762633328, 
  "activity": 0.0009219135626102291
}