{
  "bolusiob": 0, 
  "iob": 0.05963700547492581, 
  "activity": 0.002176798677248677
}