{
  "bolusiob": 0, 
  "iob": 0.29024711813994425, 
  "activity": 0.0014280689770723102
}