{
  "bolusiob": 0, 
  "iob": 0.9407835395552775, 
  "activity": 0.015877610229276896
}