{
  "bolusiob": 0, 
  "iob": 0.08814481534277778, 
  "activity": 0.0008109259259259259
}