{
  "bolusiob": 0, 
  "iob": -0.3640649386801389, 
  "activity": 0.0013664638447971789
}