{
  "bolusiob": 0, 
  "iob": 0.24602318486500008, 
  "activity": 0.005349382716049384
}