{
  "bolusiob": 0, 
  "iob": 0.04970368344708335, 
  "activity": 0.002082231040564374
}