{
  "bolusiob": 0, 
  "iob": -0.10611157096833335, 
  "activity": -0.001715
}