{
  "bolusiob": 0, 
  "iob": 0.37382869860638884, 
  "activity": 0.007220079365079363
}