{
  "bolusiob": 0, 
  "iob": 0.4379098138274859, 
  "activity": 0.007934194814814815
}