{
  "bolusiob": 0, 
  "iob": 0.2554182841052884, 
  "activity": 0.004025872786596119
}