{
  "bolusiob": 5.321069217777778, 
  "iob": 6.3875997594027165, 
  "activity": 0.018207654444444443
}