{
  "bolusiob": 0, 
  "iob": 0.5678983409739587, 
  "activity": 0.004589506402116402
}