{
  "bolusiob": 0, 
  "iob": -0.06943369352430556, 
  "activity": -0.0004385802469135799
}