{
  "bolusiob": 0.2182610717511111, 
  "iob": 0.6685517328533334, 
  "activity": 0.007961481481481479
}