{
  "bolusiob": 0, 
  "iob": 0.05314022309333333, 
  "activity": 0.0008953791887125215
}