{
  "bolusiob": 0.7053929284266667, 
  "iob": 1.0683327761066668, 
  "activity": 0.006411851851851851
}