{
  "bolusiob": 0, 
  "iob": -0.39739231632712146, 
  "activity": -0.007788465520282186
}