{
  "bolusiob": 0, 
  "iob": 0.34830213050264464, 
  "activity": 0.023311516631393296
}