{
  "bolusiob": 0, 
  "iob": 0.060670667163888886, 
  "activity": -0.0008999999999999998
}