{
  "bolusiob": 0, 
  "iob": 0.07716439354982499, 
  "activity": -0.0010060142151675478
}