{
  "bolusiob": 0, 
  "iob": 0.778897415167108, 
  "activity": 0.006559285590828922
}