{
  "bolusiob": 0.53958420608, 
  "iob": 1.2015329504670145, 
  "activity": 0.011963351199294531
}