{
  "bolusiob": 0.36057854064000006, 
  "iob": 0.9456372081599999, 
  "activity": 0.009075555555555552
}