{
  "bolusiob": 0, 
  "iob": 0.34290253969097234, 
  "activity": 0.006286516754850084
}