{
  "bolusiob": 0, 
  "iob": 0.7476304376418391, 
  "activity": 0.008569841128747794
}