{
  "bolusiob": 0, 
  "iob": 0.18107239373312498, 
  "activity": 0.005589285714285713
}