{
  "bolusiob": 0, 
  "iob": 0.06556918763666669, 
  "activity": 0.0013567901234567904
}