{
  "bolusiob": 2.1296017924622226, 
  "iob": 2.979500523770523, 
  "activity": 0.014127072222222219
}