{
  "bolusiob": 0, 
  "iob": 0.5086550829075556, 
  "activity": 0.0031241798941798933
}