{
  "bolusiob": 0, 
  "iob": 0.24267720846222224, 
  "activity": 0.0005775308641975308
}