{
  "bolusiob": 0.0015252925600000022, 
  "iob": 0.7009689690833333, 
  "activity": 0.008841798941798942
}