{
  "bolusiob": 0, 
  "iob": 0.2167229708792709, 
  "activity": 0.004335608465608465
}