{
  "bolusiob": 0, 
  "iob": 0.021932575821304715, 
  "activity": 0.0017961196649029986
}