{
  "bolusiob": 0, 
  "iob": 0.013338573752083333, 
  "activity": 0.000465299823633157
}