{
  "bolusiob": 0, 
  "iob": 0.8929519743870835, 
  "activity": 0.014451393298059962
}