{
  "bolusiob": 0, 
  "iob": -0.026667163078234836, 
  "activity": 0.00012294541446208104
}