{
  "bolusiob": 0, 
  "iob": 0.15302154080222224, 
  "activity": 0.0013843915343915343
}