{
  "bolusiob": 0, 
  "iob": 0.3657899909470711, 
  "activity": 0.004909281128747793
}