{
  "bolusiob": 0, 
  "iob": 0.46991575445572004, 
  "activity": 0.004909418112874779
}