{
  "bolusiob": 0, 
  "iob": 0.2163346733201244, 
  "activity": 0.0014673458024691357
}