{
  "bolusiob": 0.8560957660533333, 
  "iob": 1.5795102199148945, 
  "activity": 0.010509277266313932
}