{
  "bolusiob": 0, 
  "iob": 0.8378204248234817, 
  "activity": 0.00917921495590829
}