{
  "bolusiob": 0, 
  "iob": 0.05362545238333334, 
  "activity": 0.0017051146384479713
}