{
  "bolusiob": 0, 
  "iob": 0.48882840235, 
  "activity": 0.0026016754850088186
}