{
  "bolusiob": 0, 
  "iob": 0.40102477592515068, 
  "activity": 0.0019956176543209875
}