{
  "bolusiob": 0, 
  "iob": 0.6460498660133334, 
  "activity": 0.01622522045855379
}