{
  "bolusiob": 0, 
  "iob": -0.16881499906222225, 
  "activity": 0.0015548500881834213
}