{
  "bolusiob": 0, 
  "iob": -0.0988769030093472, 
  "activity": -0.0035113315696649037
}