{
  "bolusiob": 0, 
  "iob": 0.5404359519049988, 
  "activity": 0.009405987777777774
}