{
  "bolusiob": 0, 
  "iob": 0.2989146936991106, 
  "activity": 0.0036685006525573184
}