{
  "bolusiob": 0, 
  "iob": 0.31838291797828705, 
  "activity": 0.00510991172839506
}