{
  "bolusiob": 0, 
  "iob": 0.19227162741798412, 
  "activity": 0.005917459523809523
}