{
  "bolusiob": 0.99079356860000045, 
  "iob": 3.9338199934000002, 
  "activity": 0.04852222222222221
}