{
  "bolusiob": 0, 
  "iob": -0.21898492226611113, 
  "activity": -0.003072231040564373
}