{
  "bolusiob": 0, 
  "iob": 0.03548751285333333, 
  "activity": 0.0006995767195767193
}