{
  "bolusiob": 1.4066451419022223, 
  "iob": 2.2844728384468973, 
  "activity": 0.015697760052910053
}