{
  "bolusiob": 0, 
  "iob": 0.31948844251277775, 
  "activity": 0.005410978835978833
}