{
  "bolusiob": 0, 
  "iob": -0.036221679365515298, 
  "activity": 3.5802204585538107e-05
}