{
  "bolusiob": -0.00015568149333342605, 
  "iob": 0.2907306542933334, 
  "activity": 0.006750617283950616
}