{
  "bolusiob": 0.6310450960000004, 
  "iob": 2.482087336220964, 
  "activity": 0.029522345802469128
}