{
  "bolusiob": 0, 
  "iob": -0.0419398348198611, 
  "activity": 0.0010942592592592594
}