{
  "bolusiob": 0, 
  "iob": -0.16509259354597222, 
  "activity": -0.0004412345679012343
}