{
  "bolusiob": 0, 
  "iob": -0.08742337152222222, 
  "activity": -0.00047543209876543206
}