{
  "bolusiob": 0.46890084288000006, 
  "iob": 2.659373285831111, 
  "activity": 0.040198518518518515
}