{
  "bolusiob": 0, 
  "iob": 0.4685938472487285, 
  "activity": 0.004531331940035272
}