{
  "bolusiob": 0, 
  "iob": 0.017578660738194307, 
  "activity": -0.0013952645502645507
}