{
  "bolusiob": 0, 
  "iob": 0.6294461819324444, 
  "activity": 0.004046261022927689
}