{
  "bolusiob": 0, 
  "iob": -0.044499918781666675, 
  "activity": -0.0015205467372134034
}