{
  "bolusiob": 0, 
  "iob": -0.21078182425533337, 
  "activity": -0.005424894179894177
}