{
  "bolusiob": 0, 
  "iob": 0.10601597164222223, 
  "activity": 0.0005444179894179893
}