{
  "bolusiob": 0.02782147775999997, 
  "iob": 1.373460065275, 
  "activity": 0.02682753086419753
}