{
  "bolusiob": 0, 
  "iob": 0.4414721308344445, 
  "activity": 0.00283879188712522
}