{
  "bolusiob": 0, 
  "iob": -0.03683007231111111, 
  "activity": 0.00027700176366843006
}