{
  "bolusiob": 0, 
  "iob": 0.9964796361166666, 
  "activity": 0.023554603174603162
}