{
  "bolusiob": 0, 
  "iob": 0.48007796807349823, 
  "activity": 0.010420767319223983
}