{
  "bolusiob": 0.5076868250000001, 
  "iob": 2.5054384774039145, 
  "activity": 0.03471622548500882
}