{
  "bolusiob": 0, 
  "iob": 0.220873113085, 
  "activity": 0.003348148148148148
}