{
  "bolusiob": 0, 
  "iob": 0.016799922671212615, 
  "activity": 0.00024008809523809514
}