{
  "bolusiob": 0, 
  "iob": -0.046306806965631934, 
  "activity": -0.0008793253968253966
}