{
  "bolusiob": 0, 
  "iob": -0.172995135865, 
  "activity": -0.0020902733686067017
}