{
  "bolusiob": 0.8963603755199999, 
  "iob": 1.5364085014667892, 
  "activity": 0.007264206172839505
}