{
  "bolusiob": 0.8455710135644446, 
  "iob": 1.4912582453255556, 
  "activity": 0.03713313932980597
}