{
  "bolusiob": 0, 
  "iob": -0.04230100404430555, 
  "activity": -0.0023853880070546733
}