{
  "bolusiob": 0, 
  "iob": 0.7562498215681943, 
  "activity": 0.007182998236331566
}