{
  "bolusiob": 0, 
  "iob": 0.16541878126777781, 
  "activity": 0.004945449735449735
}