{
  "bolusiob": 0, 
  "iob": 0.09111632614277779, 
  "activity": 0.0004759876543209876
}