{
  "bolusiob": 0, 
  "iob": 0.7199374756505554, 
  "activity": 0.0200763139329806
}