{
  "bolusiob": 0, 
  "iob": 0.11228267878541669, 
  "activity": 0.0031397266313932986
}