{
  "bolusiob": 0, 
  "iob": -0.05831426076666667, 
  "activity": 3.913580246913583e-05
}