{
  "bolusiob": 0.82529595008, 
  "iob": 1.4268158684959644, 
  "activity": 0.010309841640211643
}