{
  "bolusiob": 0, 
  "iob": 0.5380152526786807, 
  "activity": 0.011876022927689592
}