{
  "bolusiob": 0, 
  "iob": -0.04352767062222226, 
  "activity": -0.0015007936507936514
}