{
  "bolusiob": 0, 
  "iob": 0.13759364101133326, 
  "activity": 0.00714569664902998
}