{
  "bolusiob": 8.046856879662222, 
  "iob": 8.473602078065555, 
  "activity": 0.019025326278659608
}