{
  "bolusiob": 0, 
  "iob": 0.08603585714555556, 
  "activity": 0.0012512257495590827
}