{
  "bolusiob": 0, 
  "iob": 0.03894559353187375, 
  "activity": -0.0018765609347442677
}