{
  "bolusiob": 0, 
  "iob": 0.43124886864799605, 
  "activity": 0.009733483368606704
}