{
  "bolusiob": 1.2947896275200002, 
  "iob": 3.5477005301241116, 
  "activity": 0.035880282186948845
}