{
  "bolusiob": 0, 
  "iob": -0.06632959635999999, 
  "activity": -0.0006091534391534392
}