{
  "bolusiob": 0, 
  "iob": 0.2885980344673599, 
  "activity": 0.004680961446208112
}