{
  "bolusiob": 0, 
  "iob": -0.032532251144965274, 
  "activity": 0.0019811728395061727
}