{
  "bolusiob": 0, 
  "iob": 0.54743402583867, 
  "activity": 0.00730037931216931
}