{
  "bolusiob": 0, 
  "iob": 0.455752114122, 
  "activity": 0.004959273368606703
}