{
  "bolusiob": 0, 
  "iob": -0.18448058898722225, 
  "activity": -0.0020533774250440914
}