{
  "bolusiob": 0, 
  "iob": 0.14752800152055554, 
  "activity": 0.0016688624338624324
}