{
  "bolusiob": 0, 
  "iob": 0.024092164790015483, 
  "activity": 0.0005928309523809524
}