{
  "bolusiob": 0, 
  "iob": 0.08842556380075708, 
  "activity": 0.0029051145502645495
}