{
  "bolusiob": 0, 
  "iob": 0.16356684116000003, 
  "activity": -0.00018985008818342292
}