{
  "bolusiob": 0, 
  "iob": -0.026993710746527767, 
  "activity": -0.0007346825396825394
}