{
  "bolusiob": 0, 
  "iob": 0.009378428589479133, 
  "activity": 0.0015734126984126983
}