{
  "bolusiob": 0, 
  "iob": -0.013990159369999994, 
  "activity": 0.0015283597883597878
}