{
  "bolusiob": 3.023453117013334, 
  "iob": 5.163525745837695, 
  "activity": 0.036273412698412694
}