{
  "bolusiob": 0, 
  "iob": 0.1214910848807476, 
  "activity": 0.0001884747795414458
}