{
  "bolusiob": 0, 
  "iob": 0.34021450519867086, 
  "activity": 0.005561904585537917
}