{
  "bolusiob": 0, 
  "iob": -0.4098621038633334, 
  "activity": -0.0018408730158730158
}