{
  "bolusiob": 0, 
  "iob": 0.13712601289888893, 
  "activity": 0.0014399823633156961
}