{
  "bolusiob": 0, 
  "iob": 0.5910514821299999, 
  "activity": 0.014454003527336855
}