{
  "bolusiob": 0, 
  "iob": 0.18180766679424482, 
  "activity": 0.0006973721693121695
}