{
  "bolusiob": 0.9147832143466668, 
  "iob": 1.5356473874527206, 
  "activity": 0.011505273738977067
}