{
  "bolusiob": 0, 
  "iob": 0.18519813424722226, 
  "activity": 0.006083606701940035
}