{
  "bolusiob": 0, 
  "iob": -0.10566298586666668, 
  "activity": -0.0010783774250440917
}