{
  "bolusiob": 0, 
  "iob": 0.47613328122513887, 
  "activity": 0.008013236331569664
}