{
  "bolusiob": 0, 
  "iob": 0.13040332928174464, 
  "activity": 0.0014005464726631388
}