{
  "bolusiob": 0, 
  "iob": 0.36314786210855554, 
  "activity": 0.005898021164021163
}