{
  "bolusiob": 0, 
  "iob": 0.0011501629704166669, 
  "activity": -0.000886005291005291
}