{
  "bolusiob": 0, 
  "iob": 0.8425731359077628, 
  "activity": 0.009075899118165781
}