{
  "bolusiob": 0, 
  "iob": 0.008745768327500004, 
  "activity": 0.0002215343915343915
}