{
  "bolusiob": 0, 
  "iob": 0.24070739663986113, 
  "activity": 0.0028250352733686064
}