{
  "bolusiob": 0, 
  "iob": 0.5521376581327907, 
  "activity": 0.004437134409171074
}