{
  "bolusiob": 0, 
  "iob": 0.4308105957307022, 
  "activity": 0.004969411181657848
}