{
  "bolusiob": 0, 
  "iob": 0.44340126441133343, 
  "activity": 0.011938518518518517
}