{
  "bolusiob": 0.05343075264, 
  "iob": 0.6770134699644008, 
  "activity": 0.0166028222398589
}