{
  "bolusiob": 0, 
  "iob": -0.24903675708111112, 
  "activity": -0.0008719400352733681
}