{
  "bolusiob": 0.008762291666666644, 
  "iob": 0.37801293390547314, 
  "activity": 0.012645573015873015
}