{
  "bolusiob": 0, 
  "iob": 0.3837568589989326, 
  "activity": 0.0066323189594356255
}