{
  "bolusiob": 0, 
  "iob": 0.08722795814666673, 
  "activity": 0.012512451499118163
}