{
  "bolusiob": 0, 
  "iob": 0.06228649368444449, 
  "activity": 0.0041795943562610224
}