{
  "bolusiob": 0, 
  "iob": -0.1816709392436682, 
  "activity": -0.0034256612874779538
}