{
  "bolusiob": 0, 
  "iob": 0.5472082360486666, 
  "activity": 0.002394973544973545
}