{
  "bolusiob": 0, 
  "iob": 0.24191516469888888, 
  "activity": 0.016800899470899466
}