{
  "bolusiob": 0, 
  "iob": 1.028128224241319, 
  "activity": 0.015248862557319222
}