{
  "bolusiob": 0, 
  "iob": 0.2651158316933333, 
  "activity": 0.0060559082892416224
}