{
  "bolusiob": 0, 
  "iob": -0.3739403952387627, 
  "activity": -0.007247989329805995
}