{
  "bolusiob": 0, 
  "iob": 0.5570059923180926, 
  "activity": 0.00455670185185185
}