{
  "bolusiob": 0, 
  "iob": 0.38817836711930587, 
  "activity": 0.0035779716931216925
}