{
  "bolusiob": 0, 
  "iob": -0.002485251354444752, 
  "activity": 0.006814179894179893
}