{
  "bolusiob": 0, 
  "iob": 0.6367103842309394, 
  "activity": 0.010064983791887125
}