{
  "bolusiob": 0.23503721696000004, 
  "iob": 0.5628695909900001, 
  "activity": 0.005534074074074072
}