{
  "bolusiob": 0, 
  "iob": 0.9708924750955555, 
  "activity": 0.018019770723104046
}