{
  "bolusiob": 0, 
  "iob": 0.32543947889092567, 
  "activity": 0.007774915220458551
}