{
  "bolusiob": 0, 
  "iob": 0.04868937711736112, 
  "activity": -0.00027230158730158743
}