{
  "bolusiob": 0.1945000766400001, 
  "iob": 0.8913764235200001, 
  "activity": 0.010887407407407403
}