{
  "bolusiob": 0, 
  "iob": 0.27122075617861385, 
  "activity": 0.0046336330687830685
}