{
  "bolusiob": 0, 
  "iob": 0.2648972835229167, 
  "activity": 0.0019637389770723107
}