{
  "bolusiob": 0, 
  "iob": 0.4598360514970834, 
  "activity": 0.002928703703703703
}