{
  "bolusiob": 0.20626029166666665, 
  "iob": 0.972223970449945, 
  "activity": 0.014860582257495588
}