{
  "bolusiob": 0.003881863146666697, 
  "iob": 1.0479575979266667, 
  "activity": 0.026013192239858905
}