{
  "bolusiob": 0, 
  "iob": -0.4863888331227777, 
  "activity": 0.002134576719576721
}