{
  "bolusiob": 0, 
  "iob": 0.3124394593285073, 
  "activity": 0.00434731402116402
}