{
  "bolusiob": 0, 
  "iob": 0.26293783244495933, 
  "activity": 0.001984444356261023
}