{
  "bolusiob": 0, 
  "iob": 0.057996628902569444, 
  "activity": 0.0017227248677248665
}