{
  "bolusiob": 0, 
  "iob": 0.02487710249666667, 
  "activity": 0.00271811287477954
}