{
  "bolusiob": 0.003530109440000251, 
  "iob": 1.5304211203566669, 
  "activity": 0.04060440917107583
}