{
  "bolusiob": 0, 
  "iob": 0.35967175123871653, 
  "activity": -2.127841269841213e-05
}