{
  "bolusiob": 0, 
  "iob": 0.14494688974500003, 
  "activity": 0.004395502645502644
}