{
  "bolusiob": 0.258335296, 
  "iob": 0.9862465989656666, 
  "activity": 0.01711772486772486
}