{
  "bolusiob": 0, 
  "iob": 0.42668763044783575, 
  "activity": 0.002330599753086419
}