{
  "bolusiob": 0, 
  "iob": 0.5730461346516668, 
  "activity": 0.005095440917107584
}