{
  "bolusiob": 0, 
  "iob": 0.09868152931000007, 
  "activity": 0.00022777777777777654
}