{
  "bolusiob": 0, 
  "iob": 0.39454219588267153, 
  "activity": 0.005046560758377425
}