{
  "bolusiob": 0.9070363172666667, 
  "iob": 2.2040973072661116, 
  "activity": 0.036496860670194
}