{
  "bolusiob": 0, 
  "iob": 0.1488454342157574, 
  "activity": 0.002835000088183421
}