{
  "bolusiob": 0, 
  "iob": 0.9260740879300002, 
  "activity": 0.0279047619047619
}