{
  "bolusiob": 0, 
  "iob": 0.20508106495090275, 
  "activity": 0.005200202821869488
}