{
  "bolusiob": 0, 
  "iob": 0.26363827030666664, 
  "activity": 0.0016496296296296296
}