{
  "bolusiob": 0, 
  "iob": 0.39444204178897724, 
  "activity": 0.003641357795414461
}