{
  "bolusiob": 0, 
  "iob": -0.06894715933555555, 
  "activity": 0.0019743915343915343
}