{
  "bolusiob": 0, 
  "iob": 0.10346499138874998, 
  "activity": -0.0017134656084656088
}