{
  "bolusiob": 0, 
  "iob": 0.70772471293169, 
  "activity": 0.00827887372134039
}