{
  "bolusiob": 0, 
  "iob": 0.5844343145887501, 
  "activity": 0.008427151675485006
}