{
  "bolusiob": 0, 
  "iob": 0.6629073871862511, 
  "activity": 0.007547425167548501
}