{
  "bolusiob": 0, 
  "iob": -0.17901808446375006, 
  "activity": -0.006736790123456791
}