{
  "bolusiob": 0, 
  "iob": 0.8735028096766667, 
  "activity": 0.007880582010582008
}