{
  "bolusiob": 0, 
  "iob": -0.037503793206666663, 
  "activity": -0.001384832451499118
}