{
  "bolusiob": 0, 
  "iob": 0.015940711688125005, 
  "activity": 0.0009075396825396823
}