{
  "bolusiob": 0, 
  "iob": 0.14951873563493626, 
  "activity": -0.002210502557319224
}