{
  "bolusiob": 0, 
  "iob": 0.5700336738533333, 
  "activity": 0.012885502645502648
}