{
  "bolusiob": 0, 
  "iob": 0.045762276383333356, 
  "activity": 0.0015728395061728392
}