{
  "bolusiob": 0, 
  "iob": -0.0921073500613889, 
  "activity": -6.047619047619068e-05
}