{
  "bolusiob": 0, 
  "iob": 0.016199811900416673, 
  "activity": 0.0006119488536155202
}