{
  "bolusiob": 0, 
  "iob": 0.2790028747072185, 
  "activity": -9.37477072310408e-05
}