{
  "bolusiob": 0, 
  "iob": -0.09327422492133336, 
  "activity": 0.002149506172839506
}