{
  "bolusiob": 0, 
  "iob": 1.257671453809444, 
  "activity": 0.021739171075837737
}