{
  "bolusiob": 0, 
  "iob": 0.009852376327916655, 
  "activity": 0.0002898324514991179
}