{
  "bolusiob": 0, 
  "iob": 0.33979639241073706, 
  "activity": 0.0028441445326278657
}