{
  "bolusiob": 0, 
  "iob": -0.5112182464501389, 
  "activity": -0.0009924955908289243
}