{
  "bolusiob": 0, 
  "iob": 1.365655251802222, 
  "activity": 0.050295326278659604
}