{
  "bolusiob": 0, 
  "iob": 0.2555637908934798, 
  "activity": 0.0067236854497354495
}