{
  "bolusiob": 0, 
  "iob": 0.10785632609166668, 
  "activity": 0.0017141622574955906
}