{
  "bolusiob": 0, 
  "iob": 0.10494434837122803, 
  "activity": 0.0016800879188712523
}