{
  "bolusiob": 0, 
  "iob": -0.15911768440888888, 
  "activity": -0.0012456790123456787
}