{
  "bolusiob": 0, 
  "iob": 0.2341085874341111, 
  "activity": 0.0029149206349206344
}