{
  "bolusiob": 0, 
  "iob": -0.011895916187222227, 
  "activity": -0.0013999294532627863
}