{
  "bolusiob": 0, 
  "iob": 0.7403783961911874, 
  "activity": 0.010314833104056434
}