{
  "bolusiob": 0, 
  "iob": 0.7874471260033337, 
  "activity": 0.022877072310405637
}