{
  "bolusiob": 0, 
  "iob": 0.03787125981041667, 
  "activity": 0.0012772927689594354
}