{
  "bolusiob": 0.14537022517333334, 
  "iob": 1.0873975873364732, 
  "activity": 0.018988884920634913
}