{
  "bolusiob": 0, 
  "iob": 0.02629375625208334, 
  "activity": 0.0005975749559082892
}