{
  "bolusiob": 0, 
  "iob": -0.0046619094400000005, 
  "activity": -0.0004317460317460317
}