{
  "bolusiob": 0, 
  "iob": 0.8913150038188891, 
  "activity": 0.008305537918871252
}