{
  "bolusiob": 0, 
  "iob": -0.146963838975, 
  "activity": 0.00023407407407407443
}