{
  "bolusiob": 0, 
  "iob": -0.14765881272, 
  "activity": -0.00023037037037037036
}