{
  "bolusiob": 0, 
  "iob": 0.3264649361361692, 
  "activity": 0.0036981833333333326
}