{
  "bolusiob": 0, 
  "iob": -0.04533947349111108, 
  "activity": 0.0009505731922398589
}