{
  "bolusiob": 0, 
  "iob": 0.20816500765166668, 
  "activity": 0.0012048853615520285
}