{
  "bolusiob": 0, 
  "iob": 0.7648910837133338, 
  "activity": 0.030774056437389775
}