{
  "bolusiob": 0, 
  "iob": 0.6226637355640007, 
  "activity": 0.004848897654320986
}