{
  "bolusiob": 0, 
  "iob": 0.129457353663, 
  "activity": 0.00538721340388007
}