{
  "bolusiob": 0, 
  "iob": -0.032875726041250004, 
  "activity": -0.001849620811287478
}