{
  "bolusiob": 0, 
  "iob": -0.540392506810139, 
  "activity": -0.002433553791887124
}