{
  "bolusiob": 0, 
  "iob": -0.12292351643763888, 
  "activity": -0.0016801322751322746
}