{
  "bolusiob": 0, 
  "iob": -0.20488438308055557, 
  "activity": -0.0013302028218694878
}