{
  "bolusiob": 0, 
  "iob": 0.024328136083138753, 
  "activity": 0.008468668430335096
}