{
  "bolusiob": 0, 
  "iob": 0.07683411149208325, 
  "activity": -0.0018423721340388019
}