{
  "bolusiob": 0, 
  "iob": 0.10522971296097224, 
  "activity": 0.0013111728395061725
}