{
  "bolusiob": 0, 
  "iob": 0.018670060368749984, 
  "activity": 0.0012363756613756605
}