{
  "bolusiob": 0, 
  "iob": 0.2629852609262845, 
  "activity": 0.004059532733686067
}