{
  "bolusiob": 0, 
  "iob": 0.3503024267493911, 
  "activity": 0.003193827283950617
}