{
  "bolusiob": 0, 
  "iob": 1.4158843958955558, 
  "activity": 0.03169776014109347
}