{
  "bolusiob": 0, 
  "iob": 0.4828967835377954, 
  "activity": 0.004876093721340389
}