{
  "bolusiob": 0, 
  "iob": 0.9377966989738358, 
  "activity": 0.01501608477954144
}