{
  "bolusiob": 0, 
  "iob": 0.5024989127977776, 
  "activity": 0.011379770723104055
}