{
  "bolusiob": 0, 
  "iob": 0.6631759883641302, 
  "activity": 0.006209101269841267
}