{
  "bolusiob": 0, 
  "iob": -0.2239741287156667, 
  "activity": -0.0007459964726631394
}