{
  "bolusiob": 0, 
  "iob": 0.10406053005722224, 
  "activity": -0.00039977072310405605
}