{
  "bolusiob": 0, 
  "iob": -0.188195341350124, 
  "activity": 0.005450961111111109
}