{
  "bolusiob": 0, 
  "iob": 0.6893123305846666, 
  "activity": 0.004809911816578482
}