{
  "bolusiob": 0, 
  "iob": -0.3516383803477778, 
  "activity": -0.004384585537918871
}