{
  "bolusiob": 0, 
  "iob": -0.10540336058097223, 
  "activity": -0.001551349206349206
}