{
  "bolusiob": 0, 
  "iob": -0.5458490306477779, 
  "activity": -0.0028593827160493823
}