{
  "bolusiob": 0, 
  "iob": 0.20458028383972865, 
  "activity": 0.003917068342151675
}