{
  "bolusiob": 0, 
  "iob": 0.83112010793333291, 
  "activity": 0.026143209876543193
}