{
  "bolusiob": 0, 
  "iob": 0.7785462621751388, 
  "activity": 0.010646640211640211
}