{
  "bolusiob": 0, 
  "iob": 0.4182925160536524, 
  "activity": 0.007855167283950616
}