{
  "bolusiob": 0, 
  "iob": -0.06223403878611112, 
  "activity": -0.000808342151675485
}