{
  "bolusiob": 0, 
  "iob": 0.24601540272844993, 
  "activity": 0.002400771164021164
}