{
  "bolusiob": 1.8430770451555556, 
  "iob": 3.1682121580638984, 
  "activity": 0.030860210599647261
}