{
  "bolusiob": 0, 
  "iob": 0.016760384388145696, 
  "activity": -0.00033654345679012376
}