{
  "bolusiob": 0.8188228428799998, 
  "iob": 1.6396616837729423, 
  "activity": 0.010213956878306875
}