{
  "bolusiob": 0, 
  "iob": 0.6991351971781682, 
  "activity": 0.008094421869488538
}