{
  "bolusiob": 2.0842198602311113, 
  "iob": 2.820058387617778, 
  "activity": 0.015829629629629628
}