{
  "bolusiob": 1.9874483305600004, 
  "iob": 2.3236698841733334, 
  "activity": 0.020775802469135796
}