{
  "bolusiob": 0, 
  "iob": 0.3328261435962755, 
  "activity": 0.0034707585008818334
}