{
  "bolusiob": 0, 
  "iob": -0.10788639221171484, 
  "activity": 0.001700396913580247
}