{
  "bolusiob": 0, 
  "iob": 0.1676428314111111, 
  "activity": 0.00461336860670194
}