{
  "bolusiob": 0, 
  "iob": 0.21396085009222224, 
  "activity": 0.0024020370370370367
}