{
  "bolusiob": 0, 
  "iob": 0.08794554674222224, 
  "activity": 0.000468395061728395
}