{
  "bolusiob": 0, 
  "iob": 0.3411924103333334, 
  "activity": 0.001830361552028219
}