{
  "bolusiob": 0, 
  "iob": 0.3728988802031945, 
  "activity": -8.500881834215211e-06
}