{
  "bolusiob": 0, 
  "iob": 0.23729183163597223, 
  "activity": 0.0053635008818342135
}