{
  "bolusiob": 0, 
  "iob": -0.03213396585803931, 
  "activity": -0.003034100440917107
}