{
  "bolusiob": 0, 
  "iob": -0.18625641290222225, 
  "activity": -0.0019480070546737214
}