{
  "bolusiob": 0, 
  "iob": -0.6074182569650001, 
  "activity": -0.004153068783068784
}