{
  "bolusiob": 0.53587941952, 
  "iob": 1.8057308180992626, 
  "activity": 0.01991093465608465
}