{
  "bolusiob": 0, 
  "iob": -0.035324131817070864, 
  "activity": 0.00030458527336860673
}