{
  "bolusiob": 0, 
  "iob": 0.42604461523688836, 
  "activity": 0.0037061020634920616
}