{
  "bolusiob": 0, 
  "iob": 0.5648130096794444, 
  "activity": 0.00709296296296296
}