{
  "bolusiob": 0, 
  "iob": 0.055263044356333335, 
  "activity": 0.0017741622574955903
}