{
  "bolusiob": 0, 
  "iob": 0.0763392275111111, 
  "activity": -0.0007026455026455026
}