{
  "bolusiob": 0.49491571200000006, 
  "iob": 1.2800097950833333, 
  "activity": 0.015061199294532621
}