{
  "bolusiob": 0, 
  "iob": 0.5616572307183334, 
  "activity": 0.003496419753086419
}