{
  "bolusiob": 0, 
  "iob": 0.6090608321683333, 
  "activity": 0.0072077425044091694
}