{
  "bolusiob": 0, 
  "iob": 0.10292310664222223, 
  "activity": 0.0006184920634920635
}