{
  "bolusiob": 0, 
  "iob": -0.06638683529055556, 
  "activity": -0.0012260670194003524
}