{
  "bolusiob": 0, 
  "iob": 0.5022014678611112, 
  "activity": 0.0022349294532627863
}