{
  "bolusiob": 0, 
  "iob": -0.046109976603854186, 
  "activity": 0.0011015255731922394
}