{
  "bolusiob": 0, 
  "iob": 0.32922527078366676, 
  "activity": 0.0018000352733686061
}