{
  "bolusiob": 0.014288174506666728, 
  "iob": 0.3600877182933334, 
  "activity": 0.007491358024691357
}