{
  "bolusiob": 0, 
  "iob": 0.07449041896986111, 
  "activity": 0.002502601410934744
}