{
  "bolusiob": 0, 
  "iob": 0.4510820244102223, 
  "activity": 0.002918765432098765
}