{
  "bolusiob": 0, 
  "iob": 0.9349251123979166, 
  "activity": 0.009534329805996472
}