{
  "bolusiob": 0, 
  "iob": -0.5484804982330556, 
  "activity": -0.005465670194003526
}