{
  "bolusiob": 0, 
  "iob": 0.07859983636777779, 
  "activity": 0.0015046031746031743
}