{
  "bolusiob": 0, 
  "iob": -0.06030231335652779, 
  "activity": -0.0018794620811287475
}