{
  "bolusiob": 0, 
  "iob": 0.1203208449201863, 
  "activity": -0.0008205819223985887
}