{
  "bolusiob": 0.42938243868000009, 
  "iob": 1.9333822408621695, 
  "activity": 0.021966085026455019
}