{
  "bolusiob": 0, 
  "iob": 0.14295085278, 
  "activity": 0.00043666666666666664
}