{
  "bolusiob": 0, 
  "iob": 0.19334251653475518, 
  "activity": 0.002123112962962963
}