{
  "bolusiob": 0, 
  "iob": -0.036079784757959726, 
  "activity": 0.00015432072310405678
}