{
  "bolusiob": 0, 
  "iob": 0.44911366087741145, 
  "activity": 0.004230135978835978
}