{
  "bolusiob": -0.0004674900266668613, 
  "iob": 2.6273362362855552, 
  "activity": 0.06574243386243385
}