{
  "bolusiob": 0.7269844909066667, 
  "iob": 2.2118503912001897, 
  "activity": 0.024439241534391535
}