{
  "bolusiob": 0, 
  "iob": 0.2658347175833334, 
  "activity": 0.004623236331569664
}