{
  "bolusiob": 0, 
  "iob": 0.5948329802305552, 
  "activity": 0.008435291005291005
}