{
  "bolusiob": 2.323535184355556, 
  "iob": 2.8925324311088887, 
  "activity": 0.013587883597883592
}