{
  "bolusiob": 0.44548100976, 
  "iob": 1.158997808899147, 
  "activity": 0.0178951733686067
}