{
  "bolusiob": 2.0754231964044441, 
  "iob": 3.4608948160204003, 
  "activity": 0.029638950987654317
}