{
  "bolusiob": 0, 
  "iob": 0.4586621501657778, 
  "activity": 0.003131931216931218
}