{
  "bolusiob": 0, 
  "iob": -0.19424113990640055, 
  "activity": -0.0012706701058201129
}