{
  "bolusiob": 0.8569554153599999, 
  "iob": 2.5291060047180554, 
  "activity": 0.0242384479717813
}