{
  "bolusiob": 0, 
  "iob": -0.0579859935433333, 
  "activity": 0.0019970194003527337
}