{
  "bolusiob": 0.6929084387555556, 
  "iob": 1.5812755190955559, 
  "activity": 0.020975149911816572
}