{
  "bolusiob": 0, 
  "iob": 0.07551227816736111, 
  "activity": 0.0029063844797178125
}