{
  "bolusiob": -3.770833333333057e-05, 
  "iob": 0.26641555510780646, 
  "activity": 0.010636842857142854
}