{
  "bolusiob": 0.008691730000000009, 
  "iob": 0.4801094211800001, 
  "activity": 0.01142962962962963
}