{
  "bolusiob": 0, 
  "iob": -0.08857428067444448, 
  "activity": -0.0006546913580246913
}