{
  "bolusiob": 0, 
  "iob": -0.13738460925611112, 
  "activity": -0.0031694444444444435
}