{
  "bolusiob": 0, 
  "iob": 0.061833030686428286, 
  "activity": 0.0025359959435626096
}