{
  "bolusiob": 0, 
  "iob": -0.008042310174027768, 
  "activity": 0.0010803615520282184
}