{
  "bolusiob": 0, 
  "iob": 0.20902544136593748, 
  "activity": 0.006007645502645501
}