{
  "bolusiob": 0, 
  "iob": -0.18881317477944445, 
  "activity": -0.0022945149911816577
}