{
  "bolusiob": 0, 
  "iob": 0.3041842630177778, 
  "activity": 0.0019039506172839503
}