{
  "bolusiob": 0, 
  "iob": -0.13806651069555556, 
  "activity": 0.00031597883597883614
}