{
  "bolusiob": 0, 
  "iob": 0.36181214587645666, 
  "activity": 0.007834460440917106
}