{
  "bolusiob": 0, 
  "iob": 0.1661288397774559, 
  "activity": 0.0032799823985890644
}