{
  "bolusiob": 0, 
  "iob": 0.6451015497511109, 
  "activity": 0.012572522045855376
}