{
  "bolusiob": 0, 
  "iob": 0.3074422375709432, 
  "activity": 0.0004444182363315704
}