{
  "bolusiob": 0, 
  "iob": 0.6224302950851825, 
  "activity": 0.006702107407407407
}