{
  "bolusiob": 0, 
  "iob": -0.1894923756527778, 
  "activity": -0.00149352733686067
}