{
  "bolusiob": 0, 
  "iob": 0.2653016442626788, 
  "activity": 0.004101296543209876
}