{
  "bolusiob": 0, 
  "iob": 0.5728612020374982, 
  "activity": 0.011607151587301585
}