{
  "bolusiob": 0, 
  "iob": -0.07909238640000002, 
  "activity": -0.0006670899470899471
}