{
  "bolusiob": 0, 
  "iob": 0.6563482920994445, 
  "activity": 0.0067121164021164016
}