{
  "bolusiob": 0, 
  "iob": -0.5843764451282276, 
  "activity": -0.004323307001763668
}