{
  "bolusiob": 0.13051204464000005, 
  "iob": 0.8326597378777778, 
  "activity": 0.011776419753086416
}