{
  "bolusiob": 0, 
  "iob": 0.048259974821010146, 
  "activity": -0.001710431992945326
}