{
  "bolusiob": 0, 
  "iob": 0.059877314595407, 
  "activity": 0.002003053492063492
}