{
  "bolusiob": 0, 
  "iob": 0.1964731819547571, 
  "activity": 0.004561834126984126
}