{
  "bolusiob": 0, 
  "iob": 0.05221773632152778, 
  "activity": 0.00036276014109347426
}