{
  "bolusiob": 0, 
  "iob": -0.1643130090901082, 
  "activity": -0.0019209611111111107
}