{
  "bolusiob": 0, 
  "iob": -0.17220864964257693, 
  "activity": 0.0011557985008818338
}