{
  "bolusiob": 1.5042445679600003, 
  "iob": 5.227167125684445, 
  "activity": 0.06014148148148146
}