{
  "bolusiob": 0, 
  "iob": 0.013534120947083332, 
  "activity": 0.0010240299823633151
}