{
  "bolusiob": 0, 
  "iob": 0.006600305338186223, 
  "activity": -0.0009993120811287472
}