{
  "bolusiob": 0, 
  "iob": 0.7220950269305556, 
  "activity": 0.006813633156966489
}