{
  "bolusiob": 0, 
  "iob": -0.23221890941483106, 
  "activity": -0.0019046032980599649
}