{
  "bolusiob": 0, 
  "iob": 0.7118176908326297, 
  "activity": 0.006158880017636686
}