{
  "bolusiob": 0, 
  "iob": 0.2260206473044445, 
  "activity": 0.002391649029982363
}