{
  "bolusiob": 0, 
  "iob": 0.13007646945083337, 
  "activity": 0.0019882098765432094
}