{
  "bolusiob": 0, 
  "iob": 0.5199291675711112, 
  "activity": 0.001795432098765432
}