{
  "bolusiob": 0.4974042028800001, 
  "iob": 1.1809745657970159, 
  "activity": 0.012037195590828921
}