{
  "bolusiob": 0.02746343400000001, 
  "iob": 0.6425109812874364, 
  "activity": 0.012599365449735446
}