{
  "bolusiob": 1.0674367119600006, 
  "iob": 4.900137261684445, 
  "activity": 0.06540074074074073
}