{
  "bolusiob": 0, 
  "iob": 0.17391614015373705, 
  "activity": -0.0009230335978835985
}