{
  "bolusiob": 0, 
  "iob": 0.1918863164198025, 
  "activity": 0.0031038005291005276
}