{
  "bolusiob": 1.0234628164266666, 
  "iob": 1.1512072175566666, 
  "activity": 0.003806031746031741
}