{
  "bolusiob": 0, 
  "iob": 0.9151217296695909, 
  "activity": 0.008923639241622575
}