{
  "bolusiob": 0, 
  "iob": -0.057845651093330404, 
  "activity": -0.0017592856261022924
}