{
  "bolusiob": 0, 
  "iob": 0.22640964641097266, 
  "activity": 0.0044398588183421515
}