{
  "bolusiob": 0, 
  "iob": -0.003394374619652779, 
  "activity": 0.0005249294532627864
}