{
  "bolusiob": 0, 
  "iob": 0.6846226267645833, 
  "activity": 0.009525229276895945
}