{
  "bolusiob": 0, 
  "iob": -0.08506407798000001, 
  "activity": -0.00036835978835978865
}