{
  "bolusiob": 0, 
  "iob": -0.15425603913200175, 
  "activity": -0.0018001413051146379
}