{
  "bolusiob": 0, 
  "iob": 0.24105959867666668, 
  "activity": 0.001272363315696649
}