{
  "bolusiob": 0, 
  "iob": 0.22602837485864544, 
  "activity": 0.0018677250440917107
}