{
  "bolusiob": 0, 
  "iob": -0.21422655236472227, 
  "activity": -0.0014316137566137569
}