{
  "bolusiob": 0.8055978089600001, 
  "iob": 2.5994255605250003, 
  "activity": 0.03142774250440917
}