{
  "bolusiob": 0, 
  "iob": -0.09211355292791669, 
  "activity": -0.0017760934744268076
}