{
  "bolusiob": 0, 
  "iob": -0.23815761377388892, 
  "activity": -0.0015425925925925924
}