{
  "bolusiob": 0, 
  "iob": 0.21374983264641453, 
  "activity": 0.0006071696825396822
}