{
  "bolusiob": 0, 
  "iob": -0.17608397870692247, 
  "activity": -0.0003823282186948853
}