{
  "bolusiob": 0, 
  "iob": -0.15859036892841596, 
  "activity": -0.0020098499999999992
}