{
  "bolusiob": 0, 
  "iob": 0.17981163416581494, 
  "activity": 0.004209712539682539
}