{
  "bolusiob": 0, 
  "iob": 0.38721469451944435, 
  "activity": 0.011785308641975308
}