{
  "bolusiob": 0, 
  "iob": 0.16980179840034149, 
  "activity": 0.006149170987654319
}