{
  "bolusiob": 0.06935196159999979, 
  "iob": 1.2924916236499997, 
  "activity": 0.027976631393298052
}