{
  "bolusiob": 0, 
  "iob": 0.32145937167424693, 
  "activity": 0.002803906349206349
}