{
  "bolusiob": 0, 
  "iob": -0.07422344730000002, 
  "activity": -0.0007714814814814814
}