{
  "bolusiob": 0, 
  "iob": 0.37797710219333336, 
  "activity": 0.0027576366843033513
}