{
  "bolusiob": 0, 
  "iob": -0.19192416626046932, 
  "activity": -0.0027466842151675484
}