{
  "bolusiob": 0, 
  "iob": 0.009082600752083343, 
  "activity": 0.0004123897707231041
}