{
  "bolusiob": 0, 
  "iob": 0.12424855264444445, 
  "activity": 0.000842363315696649
}