{
  "bolusiob": 0, 
  "iob": -0.41904338058555557, 
  "activity": -0.001276622574955908
}