{
  "bolusiob": 0, 
  "iob": 0.06367954773445034, 
  "activity": -0.00016841308641975304
}