{
  "bolusiob": 0, 
  "iob": 0.2740517262849777, 
  "activity": 0.004708359911816578
}