{
  "bolusiob": 0, 
  "iob": 0.026618183085416663, 
  "activity": -0.0018938536155202821
}