{
  "bolusiob": 0, 
  "iob": 0.12631709605097224, 
  "activity": -0.00023188712522045885
}