{
  "bolusiob": 0.9201158826666667, 
  "iob": 1.5309485605687037, 
  "activity": 0.019815828835978832
}