{
  "bolusiob": 0, 
  "iob": -0.07728683195466668, 
  "activity": -0.0007956261022927692
}