{
  "bolusiob": -0.00017436778666670707, 
  "iob": 0.8061715107361113, 
  "activity": 0.018492275132275127
}