{
  "bolusiob": 0, 
  "iob": 0.015820418471111097, 
  "activity": 0.00021813051146384472
}