{
  "bolusiob": 0.13473874400000002, 
  "iob": 0.6854040455061111, 
  "activity": 0.006250273368606695
}