{
  "bolusiob": 0, 
  "iob": 0.4597107272266821, 
  "activity": 0.003291208359788359
}