{
  "bolusiob": 0, 
  "iob": 1.2802780221916668, 
  "activity": 0.02385007054673722
}