{
  "bolusiob": 0, 
  "iob": 0.22618957938222226, 
  "activity": 0.003422222222222222
}