{
  "bolusiob": 0, 
  "iob": 0.3191468750769087, 
  "activity": 0.00109794557319224
}