{
  "bolusiob": 0.7462643042311112, 
  "iob": 1.4238913949195646, 
  "activity": 0.03348830698412697
}