{
  "bolusiob": 0, 
  "iob": -0.09882020807097225, 
  "activity": -0.0013313492063492063
}