{
  "bolusiob": 0, 
  "iob": -0.23611610286444445, 
  "activity": -0.004639894179894179
}