{
  "bolusiob": 0, 
  "iob": 0.23593131380182172, 
  "activity": 0.0038714107054673708
}