{
  "bolusiob": 0, 
  "iob": -0.1408179106547222, 
  "activity": -0.000258941798941799
}