{
  "bolusiob": 0, 
  "iob": 0.46893227369045487, 
  "activity": 0.007319506084656083
}