{
  "bolusiob": 0, 
  "iob": -0.03882676655763891, 
  "activity": -0.0015371164021164023
}