{
  "bolusiob": 0, 
  "iob": 0.13493928001555555, 
  "activity": 0.0006026278659611993
}