{
  "bolusiob": 0, 
  "iob": -0.12430219703611112, 
  "activity": -1.6507936507936328e-05
}