{
  "bolusiob": 0, 
  "iob": 0.3871370550078361, 
  "activity": 0.004319650811287478
}