{
  "bolusiob": 1.39784382752, 
  "iob": 1.5884734936141869, 
  "activity": 0.0036586152557319214
}