{
  "bolusiob": 0, 
  "iob": 0.048383570711111115, 
  "activity": 0.0007507231040564373
}