{
  "bolusiob": 0, 
  "iob": 0.13343660464152782, 
  "activity": 0.0015242945326278657
}