{
  "bolusiob": 0, 
  "iob": 0.34312906591555553, 
  "activity": 0.0021987654320987657
}