{
  "bolusiob": 0, 
  "iob": -0.4412228804411111, 
  "activity": -0.004021869488536155
}