{
  "bolusiob": 1.1175722996799999, 
  "iob": 2.372876485139999, 
  "activity": 0.016531940035273352
}