{
  "bolusiob": 0, 
  "iob": -0.09238706776277777, 
  "activity": -0.0003709347442680777
}