{
  "bolusiob": 0, 
  "iob": 0.11125714057375, 
  "activity": -0.0015565520282186949
}