{
  "bolusiob": 0.57091602268000008, 
  "iob": 2.0432582721863919, 
  "activity": 0.020419418359788357
}