{
  "bolusiob": 0, 
  "iob": -0.10350373340291665, 
  "activity": 0.00024086419753086425
}