{
  "bolusiob": 0, 
  "iob": 0.4929483334482725, 
  "activity": 0.004056939858906526
}