{
  "bolusiob": 0, 
  "iob": -0.31400532478900156, 
  "activity": -0.0032271074955908287
}