{
  "bolusiob": 0, 
  "iob": 0.10812654756277759, 
  "activity": 0.005414365079365076
}