{
  "bolusiob": 0, 
  "iob": 0.010156619362916723, 
  "activity": 0.003067442680776014
}