{
  "bolusiob": 0, 
  "iob": -0.14045985875222222, 
  "activity": 0.001245970017636685
}