{
  "bolusiob": 0, 
  "iob": -0.4307418890772223, 
  "activity": 0.0009068077601410917
}