{
  "bolusiob": 0.032214301013333294, 
  "iob": 1.2104632894926814, 
  "activity": 0.024152380864197524
}