{
  "bolusiob": 0, 
  "iob": 0.5980581175545061, 
  "activity": 0.00699470537918871
}