{
  "bolusiob": 0, 
  "iob": -0.0026690476327777685, 
  "activity": 0.0010136684303350969
}