{
  "bolusiob": 0, 
  "iob": 0.45008772160411115, 
  "activity": 0.005520370370370371
}