{
  "bolusiob": 0, 
  "iob": 0.5242715931827877, 
  "activity": 0.007128624479717814
}