{
  "bolusiob": 0, 
  "iob": 0.38916368271622326, 
  "activity": 0.003849867848324515
}