{
  "bolusiob": 0, 
  "iob": 0.6892174550902688, 
  "activity": 0.007874144902998235
}