{
  "bolusiob": 0, 
  "iob": 0.0053196000626804015, 
  "activity": 0.00010652548500881832
}