{
  "bolusiob": 0, 
  "iob": 0.03201479531041668, 
  "activity": 0.0011714726631393295
}