{
  "bolusiob": 0, 
  "iob": 0.13905564969619447, 
  "activity": 0.0043045767195767195
}