{
  "bolusiob": 0, 
  "iob": -0.21912842122375004, 
  "activity": -0.0016653615520282182
}