{
  "bolusiob": 0, 
  "iob": 0.28779966444149857, 
  "activity": 0.0034747793650793655
}