{
  "bolusiob": 0, 
  "iob": -0.12836069726194443, 
  "activity": -0.0007749735449735447
}