{
  "bolusiob": 0, 
  "iob": 0.023346998105555548, 
  "activity": 0.0006416754850088186
}