{
  "bolusiob": 0, 
  "iob": 0.008257982293333329, 
  "activity": 0.0001828924162257496
}