{
  "bolusiob": 0, 
  "iob": -0.024989747844444448, 
  "activity": -0.00011730158730158727
}