{
  "bolusiob": 0, 
  "iob": 0.3391941380679896, 
  "activity": 0.009560370476190473
}