{
  "bolusiob": 0, 
  "iob": 0.13729843289111104, 
  "activity": 0.0035526984126984114
}