{
  "bolusiob": 0, 
  "iob": 0.39173744677451294, 
  "activity": 0.0055856992063492055
}