{
  "bolusiob": 0.0015716846133332573, 
  "iob": 0.8341761500004169, 
  "activity": 0.018052954144620804
}