{
  "bolusiob": 0, 
  "iob": 0.5513924816644444, 
  "activity": 0.0033296472663139334
}