{
  "bolusiob": 0, 
  "iob": 0.5025184705772222, 
  "activity": 0.00742642857142857
}