{
  "bolusiob": 0, 
  "iob": 0.4072492845483334, 
  "activity": 0.007059664902998236
}