{
  "bolusiob": 3.3089557786800006, 
  "iob": 6.919589010933332, 
  "activity": 0.06093410934744266
}