{
  "bolusiob": 0, 
  "iob": 0.27866741359111113, 
  "activity": 0.002548994708994708
}