{
  "bolusiob": 0, 
  "iob": -0.05019187438976464, 
  "activity": -0.0038580597178130525
}