{
  "bolusiob": 0, 
  "iob": 0.23006347235717772, 
  "activity": 0.0010975927160493826
}