{
  "bolusiob": 0, 
  "iob": 0.020914216117327352, 
  "activity": 0.002076922486772487
}