{
  "bolusiob": 0, 
  "iob": 0.23881764264861116, 
  "activity": 0.0007647530864197529
}