{
  "bolusiob": 0, 
  "iob": 0.05970342937954271, 
  "activity": 0.010608192151675485
}