{
  "bolusiob": 0, 
  "iob": -0.12156590145111112, 
  "activity": -0.001125873015873016
}