{
  "bolusiob": 0.9434693253688888, 
  "iob": 1.4456210029905556, 
  "activity": 0.009007601410934743
}