{
  "bolusiob": 0, 
  "iob": -0.033755037580385304, 
  "activity": 0.00051574929453262726
}