{
  "bolusiob": 0.06947840157333333, 
  "iob": 0.7596920963380047, 
  "activity": 0.018991658218694873
}