{
  "bolusiob": 0, 
  "iob": 0.6400500197908907, 
  "activity": 0.008036305220458553
}