{
  "bolusiob": 0.24763294506666678, 
  "iob": 1.5553659237511113, 
  "activity": 0.02164839506172839
}