{
  "bolusiob": 0, 
  "iob": -0.14385934406555556, 
  "activity": -0.0011895590828924162
}