{
  "bolusiob": 0, 
  "iob": 0.18774165469430543, 
  "activity": -0.0021729365079365087
}