{
  "bolusiob": 0, 
  "iob": -0.6337839562533334, 
  "activity": -0.00474031746031746
}