{
  "bolusiob": 0, 
  "iob": 1.031757181386203, 
  "activity": 0.020693130423280418
}