{
  "bolusiob": 0, 
  "iob": 0.24140347892444447, 
  "activity": 0.002499788359788359
}