{
  "bolusiob": 0, 
  "iob": 0.6878474433239995, 
  "activity": 0.01249666657848325
}