{
  "bolusiob": 0, 
  "iob": 0.26971079531430553, 
  "activity": 0.0031725661375661377
}