{
  "bolusiob": 0, 
  "iob": -0.027771993356111118, 
  "activity": -0.000429206349206349
}