{
  "bolusiob": 0, 
  "iob": 0.08707525930802085, 
  "activity": 0.002151261022927689
}