{
  "bolusiob": 0, 
  "iob": 0.23241237705333334, 
  "activity": 0.0008688888888888888
}