{
  "bolusiob": 3.3298332800577777, 
  "iob": 4.9050856764482678, 
  "activity": 0.0360353877425044
}