{
  "bolusiob": 0.05963483257333331, 
  "iob": 0.8693292086822224, 
  "activity": 0.01749238095238095
}