{
  "bolusiob": 0, 
  "iob": 0.2980598387934038, 
  "activity": 0.004169858818342151
}