{
  "bolusiob": 0, 
  "iob": -0.585668850009861, 
  "activity": -0.007386093474426808
}