{
  "bolusiob": 0, 
  "iob": 0.6059428495165157, 
  "activity": 0.006465458377425044
}