{
  "bolusiob": 0, 
  "iob": 0.2605450316144445, 
  "activity": 0.004382107583774249
}