{
  "bolusiob": 0, 
  "iob": -0.031070731520271393, 
  "activity": 0.0006617685185185181
}