{
  "bolusiob": 0, 
  "iob": -0.16736623338332324, 
  "activity": -0.001095705590828924
}