{
  "bolusiob": 0, 
  "iob": -0.038385938891111138, 
  "activity": 0.00011329805996472662
}