{
  "bolusiob": 0, 
  "iob": 0.027113230736750045, 
  "activity": 0.003945409171075837
}