{
  "bolusiob": 0, 
  "iob": 0.39574560576638285, 
  "activity": 0.002418889259259259
}