{
  "bolusiob": 0, 
  "iob": -0.06318557939930555, 
  "activity": -0.0017383686067019397
}