{
  "bolusiob": 0.42454759526666697, 
  "iob": 3.3835270022888899, 
  "activity": 0.056724691358024673
}