{
  "bolusiob": 0.5938625736800001, 
  "iob": 1.4871145878900929, 
  "activity": 0.013864409417989413
}