{
  "bolusiob": 0, 
  "iob": 0.2437100002473231, 
  "activity": 0.009094568007054674
}