{
  "bolusiob": 0.6903381124533334, 
  "iob": 3.0841759103863327, 
  "activity": 0.04274416225749558
}