{
  "bolusiob": 0, 
  "iob": -0.13648906869555555, 
  "activity": 0.0007498412698412698
}