{
  "bolusiob": 0, 
  "iob": -0.04778362940750514, 
  "activity": 0.0016069840388007052
}