{
  "bolusiob": 0, 
  "iob": 0.004382248358888882, 
  "activity": 0.00040658730158730155
}