{
  "bolusiob": 0, 
  "iob": 0.19487786611218041, 
  "activity": 0.0004952644620811285
}