{
  "bolusiob": 0, 
  "iob": 0.012677606293333343, 
  "activity": 0.001565432098765431
}