{
  "bolusiob": 0, 
  "iob": 0.3247287445384033, 
  "activity": 0.007436657971781303
}