{
  "bolusiob": 0, 
  "iob": 0.4018746337965654, 
  "activity": 0.0036972401058201045
}