{
  "bolusiob": 0, 
  "iob": 0.026005462355218986, 
  "activity": 0.0016273455555555556
}