{
  "bolusiob": 0, 
  "iob": -0.1664087747291509, 
  "activity": 0.0016868515873015868
}