{
  "bolusiob": 0, 
  "iob": 0.3841344446385278, 
  "activity": 0.004587134038800705
}