{
  "bolusiob": 0, 
  "iob": -0.09557824229163739, 
  "activity": -0.00013608474426807777
}