{
  "bolusiob": 0, 
  "iob": 0.30874867810958817, 
  "activity": 0.0035558023809523806
}