{
  "bolusiob": 0, 
  "iob": 0.065464351301772861, 
  "activity": 0.0025907852028218691
}