{
  "bolusiob": 0, 
  "iob": 0.18078422583474138, 
  "activity": 0.0016044089065255732
}