{
  "bolusiob": 0, 
  "iob": -0.16840217800790813, 
  "activity": -0.0005478453262786596
}