{
  "bolusiob": 0, 
  "iob": -0.07078412793777777, 
  "activity": -0.000994074074074074
}