{
  "bolusiob": 0, 
  "iob": 0.7601168778033337, 
  "activity": 0.016762839506172834
}