{
  "bolusiob": 0, 
  "iob": 0.02333301777888889, 
  "activity": 0.0011223633156966484
}