{
  "bolusiob": 0.051186277319999966, 
  "iob": 0.8510648839127637, 
  "activity": 0.016414710493827162
}