{
  "bolusiob": 0, 
  "iob": 0.706272083618889, 
  "activity": 0.020865661375661378
}