{
  "bolusiob": 0, 
  "iob": -0.11842831018695296, 
  "activity": -0.0029160756966490294
}