{
  "bolusiob": 0, 
  "iob": 0.36640879528845366, 
  "activity": 0.005933148306878307
}