{
  "bolusiob": 0.2328522436533333, 
  "iob": 1.5787451496455556, 
  "activity": 0.02760728395061728
}