{
  "bolusiob": 0.9349124719466666, 
  "iob": 2.334789071376111, 
  "activity": 0.03772068783068783
}