{
  "bolusiob": 0, 
  "iob": 1.0316440955284931, 
  "activity": 0.019838112998236325
}