{
  "bolusiob": 0, 
  "iob": 0.32304473494208336, 
  "activity": 0.001838915343915344
}