{
  "bolusiob": 0, 
  "iob": 0.08642178473694445, 
  "activity": 0.0020370899470899466
}