{
  "bolusiob": 0, 
  "iob": -0.07164991028611115, 
  "activity": -0.003156093474426807
}