{
  "bolusiob": 0, 
  "iob": -0.19058631093329859, 
  "activity": -0.0020226014109347443
}