{
  "bolusiob": 0, 
  "iob": -0.19238279099444444, 
  "activity": -0.0018586067019400346
}