{
  "bolusiob": 0, 
  "iob": -0.17604989682444447, 
  "activity": -0.0020469312169312166
}