{
  "bolusiob": 0.8097225903466667, 
  "iob": 1.4774017954242762, 
  "activity": 0.010431746402116394
}