{
  "bolusiob": 0, 
  "iob": 0.9233861147905558, 
  "activity": 0.015207671957671953
}