{
  "bolusiob": 0, 
  "iob": 0.6289250469814066, 
  "activity": 0.007424109982363312
}