{
  "bolusiob": 0.6753017938488889, 
  "iob": 1.20588837782, 
  "activity": 0.012420405643738974
}