{
  "bolusiob": 0, 
  "iob": -0.005445376290555564, 
  "activity": -0.0010161728395061728
}