{
  "bolusiob": 1.0800326465422223, 
  "iob": 2.405584847824584, 
  "activity": 0.024994153439153427
}