{
  "bolusiob": 0, 
  "iob": -0.17114042056097817, 
  "activity": -0.00032388880070546703
}