{
  "bolusiob": 0, 
  "iob": 0.9969189865951589, 
  "activity": 0.017642142980599646
}