{
  "bolusiob": 0.40156992682666676, 
  "iob": 1.6430745501916668, 
  "activity": 0.018213165784832445
}