{
  "bolusiob": 0.041596267093333285, 
  "iob": 1.3434839667437708, 
  "activity": 0.029998059876543207
}