{
  "bolusiob": 0, 
  "iob": 0.42705237617086655, 
  "activity": 0.002636666790123457
}