{
  "bolusiob": 0, 
  "iob": -0.4257305235383333, 
  "activity": 0.0034121075837742518
}