{
  "bolusiob": 0, 
  "iob": 0.009955950293333338, 
  "activity": 0.00012998236331569673
}