{
  "bolusiob": 0, 
  "iob": 0.12313761553388891, 
  "activity": 0.0013633686067019402
}