{
  "bolusiob": 0, 
  "iob": 0.24939103174444444, 
  "activity": 0.0005757142857142856
}