{
  "bolusiob": 0, 
  "iob": 0.13434962620722235, 
  "activity": 0.004826463844797179
}