{
  "bolusiob": 6.379580980142222, 
  "iob": 6.9484328278088885, 
  "activity": 0.021683844797178123
}