{
  "bolusiob": 0, 
  "iob": -0.11691938847666669, 
  "activity": 0.0018236860670193995
}