{
  "bolusiob": 0, 
  "iob": -0.058098132384444445, 
  "activity": -0.0008190299823633156
}