{
  "bolusiob": 0, 
  "iob": -0.12328784942777779, 
  "activity": -0.0016347001763668432
}