{
  "bolusiob": 0, 
  "iob": 0.008772527995638928, 
  "activity": 0.0036492962962962963
}