{
  "bolusiob": 0, 
  "iob": -0.13239259145111112, 
  "activity": 0.0010909523809523808
}