{
  "bolusiob": 0, 
  "iob": -0.2165530153386111, 
  "activity": -0.0014031128747795407
}