{
  "bolusiob": 0, 
  "iob": 1.4466852819333333, 
  "activity": 0.039117283950617275
}