{
  "bolusiob": 0.08241897216, 
  "iob": 0.7264051302062499, 
  "activity": 0.005764700176366842
}