{
  "bolusiob": 0, 
  "iob": -0.07952487427408333, 
  "activity": -0.001546640211640211
}