{
  "bolusiob": 0, 
  "iob": -0.04616486889177405, 
  "activity": 0.00016172830687830665
}