{
  "bolusiob": 0, 
  "iob": 0.16300925485986123, 
  "activity": 0.004874435626102293
}