{
  "bolusiob": 0, 
  "iob": 0.05289555592812501, 
  "activity": 0.002241402116402116
}