{
  "bolusiob": 4.115627428226667, 
  "iob": 7.272353718415555, 
  "activity": 0.055013562610229265
}