{
  "bolusiob": 0, 
  "iob": 0.41473943445697464, 
  "activity": 0.004508280158730158
}