{
  "bolusiob": 0, 
  "iob": 0.6443197618849211, 
  "activity": 0.006418695626102292
}