{
  "bolusiob": 0, 
  "iob": 0.6557874800107779, 
  "activity": 0.007019823633156966
}