{
  "bolusiob": 0, 
  "iob": -0.7302461444515334, 
  "activity": -0.008281252328042327
}