{
  "bolusiob": 0, 
  "iob": 0.09958264900222222, 
  "activity": 0.0006682275132275131
}