{
  "bolusiob": 0.03574393599999998, 
  "iob": 0.6121581369382666, 
  "activity": 0.015320864197530865
}