{
  "bolusiob": 3.7390776667022223, 
  "iob": 4.321547709992583, 
  "activity": 0.01572022045855379
}