{
  "bolusiob": 0, 
  "iob": 0.3348845011894443, 
  "activity": 0.007466843033509697
}