{
  "bolusiob": 0, 
  "iob": 0.04290249556312501, 
  "activity": 0.0013985449735449732
}