{
  "bolusiob": 1.2984442623822223, 
  "iob": 1.47723197067375, 
  "activity": 0.0016094708994708992
}