{
  "bolusiob": 0, 
  "iob": 0.04461539492611111, 
  "activity": 0.0007611992945326278
}