{
  "bolusiob": 0, 
  "iob": 0.6246044321811112, 
  "activity": 0.006942204585537918
}