{
  "bolusiob": 0, 
  "iob": -0.011593927523888964, 
  "activity": 0.011644215167548502
}