{
  "bolusiob": 0, 
  "iob": -0.0001536507200000037, 
  "activity": -5.714285714285699e-05
}