{
  "bolusiob": 0, 
  "iob": 0.29921289864843814, 
  "activity": 0.003404111693121693
}