{
  "bolusiob": 0, 
  "iob": -0.13020812900397846, 
  "activity": -0.0018332805114638453
}