{
  "bolusiob": 0, 
  "iob": 0.6631981861231158, 
  "activity": 0.006295079559082893
}