{
  "bolusiob": 0, 
  "iob": -0.011776250568472202, 
  "activity": -0.0007181040564373895
}