{
  "bolusiob": 0, 
  "iob": 0.5369268996094197, 
  "activity": 0.010244091816578479
}