{
  "bolusiob": 0, 
  "iob": 0.3194887949466665, 
  "activity": 0.010910970017636681
}