{
  "bolusiob": 0, 
  "iob": 0.4777389406147604, 
  "activity": 0.008047151869488534
}