{
  "bolusiob": 0.6194158986800002, 
  "iob": 4.920450829457221, 
  "activity": 0.08641661375661375
}