{
  "bolusiob": 0, 
  "iob": 0.11296983444746705, 
  "activity": -0.005719444091710756
}