{
  "bolusiob": 0, 
  "iob": 0.7031174495681914, 
  "activity": 0.008841093333333333
}