{
  "bolusiob": 0, 
  "iob": 0.3963646299331466, 
  "activity": 0.005272963086419752
}