{
  "bolusiob": 0, 
  "iob": 0.23211744369944648, 
  "activity": 0.0009301501587301586
}