{
  "bolusiob": 0, 
  "iob": -0.18759488931944446, 
  "activity": -9.33333333333335e-05
}