{
  "bolusiob": 0, 
  "iob": 0.31453213704250216, 
  "activity": 0.0036805997707231044
}