{
  "bolusiob": 0, 
  "iob": 0.22955777424811113, 
  "activity": 0.004921040564373898
}