{
  "bolusiob": 0, 
  "iob": 0.002053307054999992, 
  "activity": 0.00018915343915343905
}