{
  "bolusiob": 0, 
  "iob": -0.6710635363411165, 
  "activity": -0.006416569788359789
}