{
  "bolusiob": 0.5955010722133334, 
  "iob": 1.4760792817400001, 
  "activity": 0.014702680776014108
}