{
  "bolusiob": 0, 
  "iob": 1.005292486733787, 
  "activity": 0.017379224109347443
}