{
  "bolusiob": 0, 
  "iob": -0.5607548315962928, 
  "activity": -0.008692663051146384
}