{
  "bolusiob": 0, 
  "iob": -0.043770718957859604, 
  "activity": 0.0004944090828924157
}