{
  "bolusiob": 0.6965571984800002, 
  "iob": 2.4515957216022217, 
  "activity": 0.023730255731922396
}