{
  "bolusiob": 0, 
  "iob": 0.07370203866800001, 
  "activity": 0.0020058201058201055
}