{
  "bolusiob": 0, 
  "iob": -0.40078340353375, 
  "activity": -0.004555987654320987
}