{
  "bolusiob": 0, 
  "iob": 0.1919136087931804, 
  "activity": 0.0005929716931216929
}