{
  "bolusiob": 0, 
  "iob": 0.14575092350666666, 
  "activity": 0.0011782451499118163
}