{
  "bolusiob": 0, 
  "iob": 0.9306381371134039, 
  "activity": 0.014549250934744264
}