{
  "bolusiob": 0, 
  "iob": -0.46246434090944455, 
  "activity": -0.005902433862433861
}