{
  "bolusiob": 0, 
  "iob": 0.267042484195, 
  "activity": 0.0047111640211640205
}