{
  "bolusiob": 0, 
  "iob": -0.030667393478333305, 
  "activity": 0.0007953791887125224
}