{
  "bolusiob": 0, 
  "iob": 0.317094503407897, 
  "activity": 0.0070620281305114625
}