{
  "bolusiob": 0, 
  "iob": 0.020533740114733405, 
  "activity": -0.00028247504409171066
}