{
  "bolusiob": 0, 
  "iob": 0.18815376164222225, 
  "activity": 0.00225015873015873
}