{
  "bolusiob": 0, 
  "iob": 0.30391207573934376, 
  "activity": 0.002889153350970017
}