{
  "bolusiob": 2.470952632391111, 
  "iob": 5.650593121505889, 
  "activity": 0.06260396825396825
}