{
  "bolusiob": 0, 
  "iob": 0.09029485414364231, 
  "activity": 0.00038706640211640206
}