{
  "bolusiob": 1.58560595968, 
  "iob": 1.9581177501731388, 
  "activity": 0.001872619047619047
}