{
  "bolusiob": 0, 
  "iob": -0.041291301464774034, 
  "activity": 0.0006908288359788355
}