{
  "bolusiob": 0, 
  "iob": 0.08993889995111111, 
  "activity": 0.0013657495590828923
}