{
  "bolusiob": 0, 
  "iob": -0.046096122038264666, 
  "activity": 0.00206421504409171
}