{
  "bolusiob": 0, 
  "iob": 0.15921421290726961, 
  "activity": -0.0019441180776014113
}