{
  "bolusiob": 0, 
  "iob": 0.6187724009548612, 
  "activity": 0.010103994708994707
}