{
  "bolusiob": 0, 
  "iob": 0.700737669863889, 
  "activity": 0.008448342151675484
}