{
  "bolusiob": 0, 
  "iob": 0.7079338128044445, 
  "activity": 0.0136631746031746
}