{
  "bolusiob": 0, 
  "iob": -0.36704343053319444, 
  "activity": -0.0028206966490299814
}