{
  "bolusiob": 0, 
  "iob": -0.14724065581333334, 
  "activity": -0.00027185185185185184
}