{
  "bolusiob": 0, 
  "iob": 0.0771806781175694, 
  "activity": 0.0024964991181657833
}