{
  "bolusiob": 1.8712865919999999, 
  "iob": 2.5003287816088888, 
  "activity": 0.022622010582010587
}