{
  "bolusiob": 0, 
  "iob": 0.3195881244220001, 
  "activity": 0.004525052910052909
}