{
  "bolusiob": 0, 
  "iob": 0.4995467013234445, 
  "activity": 0.004354585537918871
}