{
  "bolusiob": 0, 
  "iob": 0.3510068129434317, 
  "activity": -0.0007232183245149903
}