{
  "bolusiob": 0, 
  "iob": 0.5680504738456548, 
  "activity": 0.005107769118165784
}