{
  "bolusiob": 0, 
  "iob": -0.0021711920013333177, 
  "activity": 0.0012157848324514994
}