{
  "bolusiob": 0.3615852115200001, 
  "iob": 1.3063812415838891, 
  "activity": 0.013698835978835975
}