{
  "bolusiob": 0, 
  "iob": -0.41790755900166665, 
  "activity": -0.0035277777777777772
}