{
  "bolusiob": 0, 
  "iob": 0.8629657801429332, 
  "activity": 0.014236190599647262
}