{
  "bolusiob": 0, 
  "iob": 0.15042772503112156, 
  "activity": 0.0039308041446208105
}