{
  "bolusiob": 0, 
  "iob": 0.24955008623111116, 
  "activity": 0.0021804497354497346
}