{
  "bolusiob": 0, 
  "iob": 0.12083366027000002, 
  "activity": 0.00019428571428571487
}