{
  "bolusiob": 0, 
  "iob": 0.96180488793333341, 
  "activity": 0.028756966490299806
}