{
  "bolusiob": 0, 
  "iob": -0.18671455309958335, 
  "activity": -0.0010691005291005291
}