{
  "bolusiob": 0, 
  "iob": -0.16452397046857478, 
  "activity": -0.0007753585537918869
}