{
  "bolusiob": 0, 
  "iob": 0.3003224730500491, 
  "activity": 0.0015448237389770723
}