{
  "bolusiob": 2.200650872986667, 
  "iob": 5.3111818256920005, 
  "activity": 0.0680847971781305
}