{
  "bolusiob": 0, 
  "iob": 0.029121211649027767, 
  "activity": -0.0020283509700176365
}