{
  "bolusiob": 0, 
  "iob": -0.3923857803822223, 
  "activity": -0.002234268077601411
}