{
  "bolusiob": 0, 
  "iob": 0.11621038537618626, 
  "activity": -0.0009346559964726631
}