{
  "bolusiob": 0, 
  "iob": -0.04983643136, 
  "activity": -3.407407407407407e-05
}