{
  "bolusiob": 0.12053635, 
  "iob": 0.6287067957108333, 
  "activity": 0.005802654320987652
}