{
  "bolusiob": 0, 
  "iob": 0.5078037079844445, 
  "activity": 0.005129409171075838
}