{
  "bolusiob": 0, 
  "iob": 0.7431897622561114, 
  "activity": 0.026447777777777768
}