{
  "bolusiob": 0.09566645535999996, 
  "iob": 1.5457676120798616, 
  "activity": 0.021090820105820095
}