{
  "bolusiob": 0, 
  "iob": 0.31102913266333343, 
  "activity": 0.016107760141093472
}