{
  "bolusiob": 0, 
  "iob": -0.14782892056111108, 
  "activity": 0.0007915167548500885
}