{
  "bolusiob": 0, 
  "iob": 0.045336729470348565, 
  "activity": 0.0017362640211640214
}