{
  "bolusiob": 0.11294490431999993, 
  "iob": 0.8217506819338891, 
  "activity": 0.016571569664902995
}