{
  "bolusiob": 0, 
  "iob": 0.09803243314222222, 
  "activity": 0.00018049382716049382
}