{
  "bolusiob": 0.0014423974399997653, 
  "iob": 1.194051067308889, 
  "activity": 0.022433350970017644
}