{
  "bolusiob": 0, 
  "iob": -0.2062943003325455, 
  "activity": -0.0007116226984126981
}