{
  "bolusiob": 0, 
  "iob": -0.07966737078166668, 
  "activity": -0.0021554673721340387
}