{
  "bolusiob": 0, 
  "iob": 0.02345259790388889, 
  "activity": -0.00027835978835978815
}