{
  "bolusiob": 0, 
  "iob": 0.7950170624916668, 
  "activity": 0.025297266313932976
}