{
  "bolusiob": 0, 
  "iob": -0.3827508555188889, 
  "activity": -0.00506342151675485
}