{
  "bolusiob": 0, 
  "iob": 0.08526690143611113, 
  "activity": 0.0006236419753086419
}