{
  "bolusiob": 0, 
  "iob": 0.3153109736050001, 
  "activity": 0.0008521869488536155
}