{
  "bolusiob": 0, 
  "iob": -0.4780512017683333, 
  "activity": -0.0004593827160493828
}