{
  "bolusiob": 0, 
  "iob": 0.15550090755444448, 
  "activity": 0.004775308641975309
}