{
  "bolusiob": 0.024442442879999925, 
  "iob": 0.8175291389245494, 
  "activity": 0.016399811022927688
}