{
  "bolusiob": 0, 
  "iob": -0.07384138818986112, 
  "activity": -0.0025770723104056436
}