{
  "bolusiob": 0.50744859648, 
  "iob": 0.8766356994603864, 
  "activity": 0.0037047444797178117
}