{
  "bolusiob": 0, 
  "iob": -0.04680182195066544, 
  "activity": -0.0014653704938271603
}