{
  "bolusiob": 0, 
  "iob": 0.31134079826866656, 
  "activity": 0.001077531111111111
}