{
  "bolusiob": 0, 
  "iob": 0.32284726403041664, 
  "activity": -0.000384021164021164
}