{
  "bolusiob": 0, 
  "iob": -0.012398449981527782, 
  "activity": 0.0026241093474426804
}