{
  "bolusiob": 0, 
  "iob": -0.04729336411333331, 
  "activity": 0.0025978835978835977
}