{
  "bolusiob": 0, 
  "iob": -0.43255091899500003, 
  "activity": -0.004743245149911817
}