{
  "bolusiob": 0, 
  "iob": 0.3394049274307176, 
  "activity": 0.00373569684303351
}