{
  "bolusiob": 0, 
  "iob": 0.07455254934277777, 
  "activity": 0.0009537830687830687
}