{
  "bolusiob": 0, 
  "iob": 0.12711226229333336, 
  "activity": 0.004528395061728394
}