{
  "bolusiob": 0, 
  "iob": 0.5132729478312315, 
  "activity": 0.005568527495590828
}