{
  "bolusiob": 0, 
  "iob": 0.5790931608464946, 
  "activity": 0.01389475052910053
}