{
  "bolusiob": 0, 
  "iob": -0.04191101353777777, 
  "activity": -0.001454567901234568
}