{
  "bolusiob": 0, 
  "iob": 0.00042660798166666014, 
  "activity": 8.139329805996465e-05
}