{
  "bolusiob": 0.5277315523199999, 
  "iob": 1.253925086156944, 
  "activity": 0.014816428571428565
}