{
  "bolusiob": 1.9810223021155555, 
  "iob": 3.3256065202866192, 
  "activity": 0.030248283192239853
}