{
  "bolusiob": 0.7740631851199999, 
  "iob": 1.8589544456504772, 
  "activity": 0.03132954164021163
}