{
  "bolusiob": 7.133483832124445, 
  "iob": 8.193978144651112, 
  "activity": 0.0309947619047619
}