{
  "bolusiob": 0, 
  "iob": 0.3380970644317546, 
  "activity": 0.005296234673721339
}