{
  "bolusiob": 0, 
  "iob": -0.018560494799583327, 
  "activity": -0.0005953174603174604
}