{
  "bolusiob": 0, 
  "iob": 0.25944028556311116, 
  "activity": -0.0005357583774250447
}