{
  "bolusiob": 0, 
  "iob": 0.6056758041306931, 
  "activity": 0.01083721340388007
}