{
  "bolusiob": 5.0674533333183724e-05, 
  "iob": 0.4058489369666667, 
  "activity": 0.009536155202821868
}