{
  "bolusiob": 0, 
  "iob": -0.2593923890761112, 
  "activity": -0.00474800705467372
}