{
  "bolusiob": 0, 
  "iob": -0.22720972099375003, 
  "activity": -0.0004760052910052908
}