{
  "bolusiob": 0, 
  "iob": 0.7538907530789714, 
  "activity": 0.00865170167548501
}