{
  "bolusiob": 0, 
  "iob": 0.006375355180680407, 
  "activity": 0.0001116048500881835
}