{
  "bolusiob": 0, 
  "iob": 0.7162009470011113, 
  "activity": 0.01867848324514991
}