{
  "bolusiob": 0, 
  "iob": -0.09604469183111113, 
  "activity": -0.00025308641975308637
}