{
  "bolusiob": 0, 
  "iob": 0.02670440929875, 
  "activity": 0.0010660052910052907
}