{
  "bolusiob": 0.08762876202666668, 
  "iob": 0.8543222961980674, 
  "activity": 0.02137716086419753
}