{
  "bolusiob": 1.1423791361955555, 
  "iob": 1.6011520080444446, 
  "activity": 0.008995802469135797
}