{
  "bolusiob": 0, 
  "iob": -0.03387877180013889, 
  "activity": -0.00035556437389770707
}