{
  "bolusiob": 0, 
  "iob": 0.09138547018749851, 
  "activity": 0.001860820194003527
}