{
  "bolusiob": 0, 
  "iob": -0.19414160924994597, 
  "activity": -0.0030123014991181654
}