{
  "bolusiob": 0, 
  "iob": -0.37623460538388914, 
  "activity": 0.002856014109347441
}