{
  "bolusiob": 0, 
  "iob": -0.0006121231044444271, 
  "activity": 0.00033657848324515036
}