{
  "bolusiob": 0, 
  "iob": 0.28872980630166667, 
  "activity": 0.013204682539682539
}