{
  "bolusiob": 0, 
  "iob": 0.02954659091833333, 
  "activity": 0.002770881834215167
}