{
  "bolusiob": 0, 
  "iob": 0.18097532938722224, 
  "activity": 0.0037839947089947086
}