{
  "bolusiob": 0, 
  "iob": 0.7131204290886779, 
  "activity": 0.0074478906525573185
}