{
  "bolusiob": 0, 
  "iob": -0.1477712726671875, 
  "activity": -0.0004233950617283948
}