{
  "bolusiob": 0.47772788488000006, 
  "iob": 1.3796672293696433, 
  "activity": 0.015785282186948853
}