{
  "bolusiob": 0, 
  "iob": 0.6325910234777778, 
  "activity": 0.021339541446208105
}