{
  "bolusiob": 0.03262330250666665, 
  "iob": 0.3979067645155556, 
  "activity": 0.007660246913580244
}