{
  "bolusiob": 0, 
  "iob": 0.31882079574708333, 
  "activity": 0.0027561463844797177
}