{
  "bolusiob": 0.04493738837333306, 
  "iob": 1.48891181706, 
  "activity": 0.03295873015873016
}