{
  "bolusiob": 0, 
  "iob": -0.21610599008389042, 
  "activity": -0.0034273544091710756
}