{
  "bolusiob": 0, 
  "iob": 0.3337420774445834, 
  "activity": 0.0031440740740740734
}