{
  "bolusiob": 0, 
  "iob": 0.10911264569000001, 
  "activity": 0.0004316666666666667
}