{
  "bolusiob": 0, 
  "iob": -0.5706838757054168, 
  "activity": -0.007489805996472663
}