{
  "bolusiob": 0, 
  "iob": 0.5062697414214647, 
  "activity": 0.004605132310405644
}