{
  "bolusiob": 0, 
  "iob": 0.6383076613488889, 
  "activity": 0.013186155202821867
}