{
  "bolusiob": 0.96216408832, 
  "iob": 1.5095092196433333, 
  "activity": 0.015634532627865957
}