{
  "bolusiob": 0, 
  "iob": 0.04964168749017083, 
  "activity": 0.001957759964726631
}