{
  "bolusiob": 0, 
  "iob": 0.4964253320297778, 
  "activity": 0.0024290828924162264
}