{
  "bolusiob": 0, 
  "iob": -0.10508661382055554, 
  "activity": 0.0003181657848324521
}