{
  "bolusiob": 0, 
  "iob": 0.28258451924541667, 
  "activity": 0.0025644003527336857
}