{
  "bolusiob": 0, 
  "iob": -0.5626790092533334, 
  "activity": -0.006752892416225748
}