{
  "bolusiob": 0, 
  "iob": 1.0409850412271688, 
  "activity": 0.018404003650793647
}