{
  "bolusiob": 0, 
  "iob": 0.6747405702181005, 
  "activity": 0.016751902116402116
}