{
  "bolusiob": 0, 
  "iob": 0.4668924698318611, 
  "activity": 0.003177151675485008
}