{
  "bolusiob": 0, 
  "iob": 0.595788890603654, 
  "activity": 0.008404743915343914
}