{
  "bolusiob": 0, 
  "iob": -0.3865886823159594, 
  "activity": -0.008011763580246913
}