{
  "bolusiob": 0, 
  "iob": 0.14100036640966376, 
  "activity": 0.002330767107583774
}