{
  "bolusiob": 0, 
  "iob": -0.034372913396515312, 
  "activity": -0.00020229303350970037
}