{
  "bolusiob": 0, 
  "iob": 0.2762944506, 
  "activity": 0.001676657848324515
}