{
  "bolusiob": 0, 
  "iob": -0.5482097003164834, 
  "activity": -0.004538562610229277
}