{
  "bolusiob": 2.581685333297778, 
  "iob": 3.1112161808522227, 
  "activity": 0.02001070546737213
}