{
  "bolusiob": 0, 
  "iob": 0.050914005015000034, 
  "activity": 0.003995723104056437
}