{
  "bolusiob": 0, 
  "iob": 0.028211452312916635, 
  "activity": -0.0017293209876543217
}