{
  "bolusiob": 0, 
  "iob": -0.21538552766233335, 
  "activity": -0.0009054320987654323
}