{
  "bolusiob": 0, 
  "iob": 0.39160287313325365, 
  "activity": 0.00493231938271605
}