{
  "bolusiob": 0, 
  "iob": -0.22533056865808845, 
  "activity": 0.0006249444444444439
}