{
  "bolusiob": 0, 
  "iob": 0.18158874694666666, 
  "activity": 0.005687072310405642
}