{
  "bolusiob": 0, 
  "iob": 0.45969918978111113, 
  "activity": 0.0028936596119929435
}