{
  "bolusiob": 0, 
  "iob": -0.20059052864732774, 
  "activity": -0.001940511587301587
}