{
  "bolusiob": 0, 
  "iob": -0.1905709227059722, 
  "activity": 0.00033462081128747805
}