{
  "bolusiob": 0, 
  "iob": 0.7855708997255557, 
  "activity": 0.013807892416225745
}