{
  "bolusiob": 0, 
  "iob": 0.24736178482180468, 
  "activity": 0.0013124251499118163
}