{
  "bolusiob": 0, 
  "iob": 0.11993825854852216, 
  "activity": 0.0019571698589065253
}