{
  "bolusiob": 0, 
  "iob": -0.2875839637707785, 
  "activity": -0.0004433863315696656
}