{
  "bolusiob": 0, 
  "iob": 0.4792029618166548, 
  "activity": 0.0044674956261022926
}