{
  "bolusiob": 0, 
  "iob": -0.23831130231033334, 
  "activity": -0.002073747795414461
}