{
  "bolusiob": 0, 
  "iob": -0.10438133791054688, 
  "activity": -0.004382539435626102
}