{
  "bolusiob": 0, 
  "iob": 0.2822539932769683, 
  "activity": 0.0018151322927689591
}