{
  "bolusiob": 0, 
  "iob": -0.22487243623166664, 
  "activity": 0.0012011375661375662
}