{
  "bolusiob": 0, 
  "iob": 0.5628481410231214, 
  "activity": 0.007082447883597881
}