{
  "bolusiob": 0, 
  "iob": 0.21400687764222226, 
  "activity": 0.002565820105820105
}