{
  "bolusiob": 0.10698065644000003, 
  "iob": 0.7052983004288886, 
  "activity": 0.00596768077601411
}