{
  "bolusiob": 1.4904801280000002, 
  "iob": 2.3126958268586177, 
  "activity": 0.015146684215167546
}