{
  "bolusiob": 0, 
  "iob": 0.2718870783066667, 
  "activity": 0.0014274074074074074
}