{
  "bolusiob": 0, 
  "iob": 0.012777904502083333, 
  "activity": 0.0023495679012345678
}