{
  "bolusiob": 0, 
  "iob": 0.5321768591697916, 
  "activity": 0.01113210758377425
}