{
  "bolusiob": 0.0010712527999999222, 
  "iob": 0.8560221539311111, 
  "activity": 0.024610617283950618
}