{
  "bolusiob": 0, 
  "iob": -0.06667668338863818, 
  "activity": -0.0018779981481481477
}