{
  "bolusiob": 0, 
  "iob": 0.036439656063125006, 
  "activity": 0.0012927248677248675
}