{
  "bolusiob": 0, 
  "iob": 0.58818434106223, 
  "activity": 0.009798007072310403
}