{
  "bolusiob": 0, 
  "iob": -0.03650076648252633, 
  "activity": 0.0002844440564373881
}