{
  "bolusiob": 0, 
  "iob": 0.2582621930270043, 
  "activity": 0.0023756087125220452
}