{
  "bolusiob": 0, 
  "iob": -0.4371964471179556, 
  "activity": -0.0037921957671957674
}