{
  "bolusiob": 0, 
  "iob": -0.020481844769126272, 
  "activity": -0.001937301675485009
}