{
  "bolusiob": 0, 
  "iob": 0.36086358665875, 
  "activity": 0.0012395238095238093
}