{
  "bolusiob": 1.5979335301688888, 
  "iob": 1.6634282508466667, 
  "activity": 0.0033285185185185175
}