{
  "bolusiob": 0, 
  "iob": 0.2228331051207676, 
  "activity": 0.005439779576719576
}