{
  "bolusiob": 0, 
  "iob": 0.16102903410238423, 
  "activity": 0.0004089949029982363
}