{
  "bolusiob": 1.4792236163022219, 
  "iob": 2.3042929334855553, 
  "activity": 0.018030440917107572
}