{
  "bolusiob": 0, 
  "iob": 0.6147641255905557, 
  "activity": 0.01329864197530863
}