{
  "bolusiob": 0, 
  "iob": -0.020734633999999995, 
  "activity": -0.0009888888888888885
}