{
  "bolusiob": 2.242939256302222, 
  "iob": 3.532436624331977, 
  "activity": 0.022104568271604938
}