{
  "bolusiob": 0.01284248253333331, 
  "iob": 0.9550830723099503, 
  "activity": 0.014772724779541438
}