{
  "bolusiob": 0, 
  "iob": 0.3148467876263335, 
  "activity": 0.007440194003527336
}