{
  "bolusiob": 0, 
  "iob": 0.07539957067888886, 
  "activity": -0.0011387125220458554
}