{
  "bolusiob": 0.09041904266666662, 
  "iob": 1.7095884506361112, 
  "activity": 0.037508165784832445
}