{
  "bolusiob": 0, 
  "iob": 0.0688715583877778, 
  "activity": -0.0018238800705467366
}