{
  "bolusiob": 0, 
  "iob": -0.1825868244861111, 
  "activity": -0.0006559964726631394
}