{
  "bolusiob": 0.6343644243200001, 
  "iob": 1.3560551756433332, 
  "activity": 0.015253580246913576
}