{
  "bolusiob": 0, 
  "iob": 0.17424292629333338, 
  "activity": 0.005269135802469136
}