{
  "bolusiob": 0.05916448661333327, 
  "iob": 0.6840106858499999, 
  "activity": 0.017357830687830686
}