{
  "bolusiob": 0, 
  "iob": -0.09694503218944445, 
  "activity": -0.0008036507936507934
}