{
  "bolusiob": 0, 
  "iob": 0.34718444239999996, 
  "activity": 0.004533333333333333
}