{
  "bolusiob": 0, 
  "iob": 0.6082403994250001, 
  "activity": 0.007321234567901227
}