{
  "bolusiob": 0, 
  "iob": 0.1475180545466667, 
  "activity": 0.0002511111111111111
}