{
  "bolusiob": 1.4853467993955558, 
  "iob": 2.0580145920488886, 
  "activity": 0.016130582010581998
}