{
  "bolusiob": 0, 
  "iob": 0.025525249789791666, 
  "activity": 0.0011188271604938272
}