{
  "bolusiob": 0, 
  "iob": 0.0007633200011110813, 
  "activity": -0.0013025044091710758
}