{
  "bolusiob": 0, 
  "iob": -0.03521060336444435, 
  "activity": 0.003777671957671951
}