{
  "bolusiob": 0, 
  "iob": 0.27211123299150786, 
  "activity": -0.001196922522045855
}