{
  "bolusiob": 0, 
  "iob": 0.44649140968047574, 
  "activity": 0.0072920634038800706
}