{
  "bolusiob": 0, 
  "iob": -0.2708331926429167, 
  "activity": -0.0038932363315696654
}