{
  "bolusiob": 0, 
  "iob": 0.30419668623166674, 
  "activity": 0.004334435626102292
}