{
  "bolusiob": 0, 
  "iob": 0.08956778831645834, 
  "activity": 0.0028801675485008813
}