{
  "bolusiob": 0, 
  "iob": 0.33087378127862177, 
  "activity": 0.003622486543209876
}