{
  "bolusiob": 0, 
  "iob": 0.012359758965555571, 
  "activity": 0.0007415255731922398
}