{
  "bolusiob": 0, 
  "iob": 0.010571869050216245, 
  "activity": 0.002061278747795414
}