{
  "bolusiob": 0, 
  "iob": 0.17739555372652777, 
  "activity": 0.002256331569664903
}