{
  "bolusiob": 0, 
  "iob": 0.5888126822500002, 
  "activity": 0.01445389770723104
}