{
  "bolusiob": 0, 
  "iob": -0.039749020181838485, 
  "activity": 0.0017233861552028214
}