{
  "bolusiob": 0, 
  "iob": 0.13595035576938932, 
  "activity": -0.000598924250440917
}