{
  "bolusiob": 0, 
  "iob": 0.14105938764222226, 
  "activity": 0.001292601410934741
}