{
  "bolusiob": 0.22056929452000001, 
  "iob": 1.645778063162222, 
  "activity": 0.021286049382716055
}