{
  "bolusiob": 0, 
  "iob": 0.1866648129376266, 
  "activity": 0.0018371606172839505
}