{
  "bolusiob": 1.3676850479644447, 
  "iob": 2.928039668836528, 
  "activity": 0.03832589947089946
}