{
  "bolusiob": 0, 
  "iob": 0.009725666383333349, 
  "activity": -0.0019719929453262783
}