{
  "bolusiob": 0, 
  "iob": 0.6001691320279999, 
  "activity": 0.0036821869488536155
}