{
  "bolusiob": 0, 
  "iob": 0.37324320082833334, 
  "activity": 0.0017987566137566133
}