{
  "bolusiob": 0, 
  "iob": 0.3437612594313382, 
  "activity": 0.005088888800705466
}