{
  "bolusiob": 0, 
  "iob": 0.16061584801916673, 
  "activity": 0.004510493827160493
}