{
  "bolusiob": 0.2641330824000002, 
  "iob": 2.480580317988889, 
  "activity": 0.048886084656084655
}