{
  "bolusiob": 0, 
  "iob": -0.12232175178712151, 
  "activity": 0.0006822223104056439
}