{
  "bolusiob": 0.4350766214400002, 
  "iob": 1.8319159013616668, 
  "activity": 0.022718730158730157
}