{
  "bolusiob": 0, 
  "iob": 0.02622120484708334, 
  "activity": 0.000771384479717813
}