{
  "bolusiob": 0, 
  "iob": 0.4011527800008477, 
  "activity": 0.00815826643738977
}