{
  "bolusiob": 0.7065771388799998, 
  "iob": 1.5353898393763101, 
  "activity": 0.014907504409171076
}