{
  "bolusiob": 0, 
  "iob": -0.2823912159256977, 
  "activity": -0.000801675608465609
}