{
  "bolusiob": 0, 
  "iob": 0.16759146940111114, 
  "activity": 0.0009691887125220459
}