{
  "bolusiob": 0, 
  "iob": -0.010014461351433135, 
  "activity": -0.00064513738977072291
}