{
  "bolusiob": 0, 
  "iob": 0.07709871247277778, 
  "activity": 0.0008255731922398584
}