{
  "bolusiob": 0.48443191767999993, 
  "iob": 1.3464984998815586, 
  "activity": 0.014197548747795411
}