{
  "bolusiob": 0, 
  "iob": 0.023434669242038506, 
  "activity": -1.5714197530864338e-05
}