{
  "bolusiob": 0, 
  "iob": -0.13660609579597222, 
  "activity": 0.0004865784832451504
}