{
  "bolusiob": 3.61327899008, 
  "iob": 3.9187901713233333, 
  "activity": 0.012847865961199292
}