{
  "bolusiob": 0, 
  "iob": 0.06698079276680557, 
  "activity": -0.0007534479717813048
}