{
  "bolusiob": 0, 
  "iob": 0.21628910678915059, 
  "activity": 0.0024320197707231044
}