{
  "bolusiob": 0, 
  "iob": 0.01881434517787929, 
  "activity": 0.0018364196649029983
}