{
  "bolusiob": 0, 
  "iob": -0.1513296675277778, 
  "activity": -0.0021679982363315693
}