{
  "bolusiob": 0, 
  "iob": -0.23631733023791668, 
  "activity": -0.0056366402116402115
}