{
  "bolusiob": 0, 
  "iob": 0.22683479764222222, 
  "activity": 0.002576402116402116
}