{
  "bolusiob": 0, 
  "iob": -0.6856829234898582, 
  "activity": -0.007812222275132274
}