{
  "bolusiob": 0, 
  "iob": 0.902397936528, 
  "activity": 0.012266031746031747
}