{
  "bolusiob": 1.380998699128889, 
  "iob": 2.55469879300219, 
  "activity": 0.019575749470899472
}