{
  "bolusiob": 0, 
  "iob": 0.0002864254604166672, 
  "activity": 9.713403880070537e-05
}