{
  "bolusiob": 0, 
  "iob": 0.12143117164333335, 
  "activity": 0.0015683950617283947
}