{
  "bolusiob": 0, 
  "iob": 0.3806586057820833, 
  "activity": 0.002419162257495591
}