{
  "bolusiob": 0, 
  "iob": 0.026468867536021807, 
  "activity": -0.002497751234567901
}