{
  "bolusiob": 0, 
  "iob": 0.1285504338258333, 
  "activity": 0.0028299647266313926
}