{
  "bolusiob": 0, 
  "iob": 0.4447655819766667, 
  "activity": 0.007039215167548498
}