{
  "bolusiob": 0.7910916222799997, 
  "iob": 2.394341698216641, 
  "activity": 0.03599800696649029
}