{
  "bolusiob": 4.038357705955556, 
  "iob": 4.401259727977028, 
  "activity": 0.012321366843033508
}