{
  "bolusiob": 0, 
  "iob": 0.16605914776005898, 
  "activity": -0.0014866226984126985
}