{
  "bolusiob": 0, 
  "iob": 0.15634800696087, 
  "activity": 0.0012088654673721338
}