{
  "bolusiob": -0.00038360490666660145, 
  "iob": 1.0190683340857705, 
  "activity": 0.026578853527336854
}