{
  "bolusiob": 0, 
  "iob": 0.5160844378651389, 
  "activity": 0.010041243386243383
}