{
  "bolusiob": 0, 
  "iob": 0.8714222534747221, 
  "activity": 0.010505493827160494
}