{
  "bolusiob": 0, 
  "iob": -0.18327430278347223, 
  "activity": -0.0046581922398589055
}