{
  "bolusiob": 0, 
  "iob": 0.3355137018576403, 
  "activity": 0.002774117989417989
}