{
  "bolusiob": 0, 
  "iob": -0.5210262507255556, 
  "activity": -0.0014030864197530884
}