{
  "bolusiob": 0, 
  "iob": 0.05876134938444445, 
  "activity": 0.0010971164021164018
}