{
  "bolusiob": 0, 
  "iob": -0.07572208055555554, 
  "activity": -0.0008086419753086419
}