{
  "bolusiob": 0, 
  "iob": -0.2758706478648687, 
  "activity": 0.00010755220458553723
}