{
  "bolusiob": 1.185976064, 
  "iob": 1.4787387872217177, 
  "activity": 0.004163086543209875
}