{
  "bolusiob": 0.6655280076800002, 
  "iob": 1.6060594064985114, 
  "activity": 0.014120017636684301
}