{
  "bolusiob": 0, 
  "iob": 0.26688575298418105, 
  "activity": 0.004384580687830688
}