{
  "bolusiob": 0, 
  "iob": 0.14188722844347224, 
  "activity": 0.0013759523809523807
}