{
  "bolusiob": 0, 
  "iob": 0.5771159418113437, 
  "activity": 0.007141604850088183
}