{
  "bolusiob": 0.9831216128, 
  "iob": 1.582955327691667, 
  "activity": 0.006893765432098765
}