{
  "bolusiob": 0, 
  "iob": -0.12944838279555557, 
  "activity": -0.0020781305114638436
}