{
  "bolusiob": 0, 
  "iob": 0.7902292987902281, 
  "activity": 0.008473835714285715
}