{
  "bolusiob": 0, 
  "iob": -0.038551814332083344, 
  "activity": 0.0003556349206349202
}