{
  "bolusiob": 0, 
  "iob": 0.33937090836375, 
  "activity": 0.0030226895943562607
}