{
  "bolusiob": 0, 
  "iob": 0.5421696048406944, 
  "activity": 0.00940722222222222
}