{
  "bolusiob": 0, 
  "iob": 0.19663549268586358, 
  "activity": 0.004703571164021163
}