{
  "bolusiob": 0, 
  "iob": 1.021202997014944, 
  "activity": 0.02115375680776014
}