{
  "bolusiob": 0, 
  "iob": -0.029217306502222234, 
  "activity": -0.0014026807760141092
}