{
  "bolusiob": 0, 
  "iob": -0.18455813483291675, 
  "activity": 0.0022127954144620793
}