{
  "bolusiob": 0, 
  "iob": -0.6483420841009595, 
  "activity": -0.008914250352733686
}