{
  "bolusiob": 0, 
  "iob": 0.8967351969519078, 
  "activity": 0.00996428582010582
}