{
  "bolusiob": 0, 
  "iob": -0.004633177827133312, 
  "activity": -0.00048325776014109337
}