{
  "bolusiob": 0, 
  "iob": 0.3888992761158334, 
  "activity": 0.004258589065255731
}