{
  "bolusiob": 0, 
  "iob": 0.42275675115333333, 
  "activity": 0.01799051146384479
}