{
  "bolusiob": 0, 
  "iob": -0.16510011385968185, 
  "activity": -0.0010930688712522036
}