{
  "bolusiob": 0.025815503999999857, 
  "iob": 0.8333140033672223, 
  "activity": 0.01702310405643739
}