{
  "bolusiob": 0, 
  "iob": 0.22711662975944444, 
  "activity": 0.0010977865961199296
}