{
  "bolusiob": 0, 
  "iob": 0.27751234371011824, 
  "activity": 0.0008491006701940035
}