{
  "bolusiob": 0, 
  "iob": 0.29655006015222224, 
  "activity": 0.0017886772486772485
}