{
  "bolusiob": 0, 
  "iob": 0.582382561431111, 
  "activity": 0.0037992239858906517
}