{
  "bolusiob": 0, 
  "iob": 0.4598055964532036, 
  "activity": 0.004448641710758376
}