{
  "bolusiob": 0, 
  "iob": 0.6449744074277778, 
  "activity": 0.007577495590828923
}