{
  "bolusiob": 0, 
  "iob": 1.0231055067765749, 
  "activity": 0.009796609876543209
}