{
  "bolusiob": 0, 
  "iob": 0.7019846188550002, 
  "activity": 0.0115629188712522
}