{
  "bolusiob": 0, 
  "iob": 0.2549192107725556, 
  "activity": 0.004910493827160495
}