{
  "bolusiob": 0, 
  "iob": 0.6793993189911112, 
  "activity": 0.01754409171075837
}