{
  "bolusiob": 0, 
  "iob": 0.19605357530000006, 
  "activity": 0.004693245149911816
}