{
  "bolusiob": 0, 
  "iob": 0.2600496021905556, 
  "activity": 0.002266067019400353
}