{
  "bolusiob": 0, 
  "iob": 0.062343670542222222, 
  "activity": -5.8765432098765362e-05
}