{
  "bolusiob": 0.5703496294400001, 
  "iob": 1.8238948989961112, 
  "activity": 0.016788862433862434
}