{
  "bolusiob": 0.6312962091200001, 
  "iob": 1.261625460990027, 
  "activity": 0.011350317830687828
}