{
  "bolusiob": 0, 
  "iob": 0.04352169115231373, 
  "activity": 0.0019376983245149876
}