{
  "bolusiob": 0, 
  "iob": 0.2645784852144445, 
  "activity": 0.005497363315696648
}