{
  "bolusiob": 0, 
<<<<<<< HEAD
  "iob": 0.5731069628926581, 
  "activity": 0.006548553827160494
=======
  "iob": -0.08718863458777779, 
  "activity": -0.0010266313932980598
>>>>>>> 3bcd6ed24ef5def59fda4a0dd96fd723189dd422
}