{
  "bolusiob": 0, 
  "iob": -0.09163939499111111, 
  "activity": -0.0003641975308641975
}