{
  "bolusiob": 0.9664759624, 
  "iob": 2.1059391178366664, 
  "activity": 0.026685890652557314
}