{
  "bolusiob": 0, 
  "iob": 0.5282101599783332, 
  "activity": 0.01694182539682539
}