{
  "bolusiob": 0.30220289792000005, 
  "iob": 1.4541614814683332, 
  "activity": 0.015482186948853614
}