{
  "bolusiob": 0, 
  "iob": 0.1635026886693437, 
  "activity": 0.005345687742504408
}