{
  "bolusiob": 0, 
  "iob": 0.16694388400843488, 
  "activity": 0.0019685537037037034
}