{
  "bolusiob": 0.019203168600000486, 
  "iob": 2.5124077346500004, 
  "activity": 0.055552910052910048
}