{
  "bolusiob": 0, 
  "iob": -0.3094314617327777, 
  "activity": -0.004646119929453262
}