{
  "bolusiob": 0, 
  "iob": 0.5720343155168387, 
  "activity": 0.007882830811287475
}