{
  "bolusiob": 0, 
  "iob": 0.19562967529333336, 
  "activity": 0.00022236331569664905
}