{
  "bolusiob": 0, 
  "iob": 0.21784130736481813, 
  "activity": 0.0010126808112874777
}