{
  "bolusiob": 0, 
  "iob": -0.13713601685868188, 
  "activity": 0.005772317777777777
}