{
  "bolusiob": 0, 
  "iob": -0.5249849873101389, 
  "activity": -0.0030788447971781307
}