{
  "bolusiob": 0, 
  "iob": -0.22802656795664064, 
  "activity": -0.0011274605291005293
}