{
  "bolusiob": 0, 
  "iob": 0.5509450514233334, 
  "activity": 0.007247389770723104
}