{
  "bolusiob": 0, 
  "iob": 0.8375030542716668, 
  "activity": 0.026519753086419746
}