{
  "bolusiob": 0, 
  "iob": 0.04983467401777778, 
  "activity": 3.432098765432099e-05
}