{
  "bolusiob": 0, 
  "iob": -0.052556181536111114, 
  "activity": -0.00043114638447971774
}