{
  "bolusiob": 0, 
  "iob": 0.37307476327841677, 
  "activity": 0.000532310811287478
}