{
  "bolusiob": 0, 
  "iob": -0.423684343313489, 
  "activity": -0.003191375661375661
}