{
  "bolusiob": 0, 
  "iob": 0.0328856573911111, 
  "activity": -0.0008696296296296294
}