{
  "bolusiob": 0, 
  "iob": 0.17237769278416665, 
  "activity": 0.0012474691358024693
}