{
  "bolusiob": 0, 
  "iob": -0.3790663885222223, 
  "activity": -0.002624567901234568
}