{
  "bolusiob": 0, 
  "iob": 1.021739627248004, 
  "activity": 0.00945660229276896
}