{
  "bolusiob": 1.0543537490488888, 
  "iob": 1.552892833226667, 
  "activity": 0.009622222222222221
}