{
  "bolusiob": 0, 
  "iob": 0.1235674773884666, 
  "activity": 0.001105784955908289
}