{
  "bolusiob": 0, 
  "iob": 0.9912999287565011, 
  "activity": 0.01856760432098765
}