{
  "bolusiob": 0, 
  "iob": 0.1386456332804882, 
  "activity": 0.0006543120811287477
}