{
  "bolusiob": 0, 
  "iob": 0.020115902885555564, 
  "activity": 0.0012838624338624336
}