{
  "bolusiob": 0, 
  "iob": 0.15525842933, 
  "activity": 0.0020840564373897706
}