{
  "bolusiob": 0, 
  "iob": -0.31311153496152777, 
  "activity": -0.0025587918871252204
}