{
  "bolusiob": 0, 
  "iob": 0.033397424852222211, 
  "activity": 0.0036133156966490286
}