{
  "bolusiob": 0, 
  "iob": 0.04676506134333336, 
  "activity": 0.0011977072310405646
}