{
  "bolusiob": 0, 
  "iob": 0.23421844975197748, 
  "activity": 0.007926807583774249
}