{
  "bolusiob": 0, 
  "iob": -0.031155902750515298, 
  "activity": -0.00036102319223985899
}