{
  "bolusiob": 0, 
  "iob": -0.05812420166628472, 
  "activity": 8.563932980599633e-05
}