{
  "bolusiob": 0, 
  "iob": 0.10207137973388888, 
  "activity": -0.0006159788359788357
}