{
  "bolusiob": -0.0002772794266669099, 
  "iob": 0.6755951366500001, 
  "activity": 0.01537074074074074
}