{
  "bolusiob": 0, 
  "iob": -0.16261001012444445, 
  "activity": -0.0011517989417989419
}