{
  "bolusiob": 0.4552165802666668, 
  "iob": 1.699778639247778, 
  "activity": 0.027320105820105814
}