{
  "bolusiob": 0, 
  "iob": 0.4443967432717537, 
  "activity": 0.003669150440917107
}