{
  "bolusiob": 0, 
  "iob": 0.10872151331111113, 
  "activity": 0.0004708377425044092
}