{
  "bolusiob": 1.109895904, 
  "iob": 1.403343979886607, 
  "activity": 0.005084797301587301
}