{
  "bolusiob": 0.12981312708000003, 
  "iob": 0.7980008609325029, 
  "activity": 0.01410102283950617
}