{
  "bolusiob": 0, 
  "iob": -0.07520315182222224, 
  "activity": -0.0006948853615520283
}