{
  "bolusiob": 0, 
  "iob": -0.17927309068444447, 
  "activity": -0.0003474250440917109
}