{
  "bolusiob": 0, 
  "iob": 0.6897883466311112, 
  "activity": 0.010349241622574957
}