{
  "bolusiob": 0.26636558528000004, 
  "iob": 0.6567861237333333, 
  "activity": 0.004029629629629629
}