{
  "bolusiob": 0, 
  "iob": 0.8355144225627666, 
  "activity": 0.00701599647266314
}