{
  "bolusiob": 0.33624891256, 
  "iob": 1.572440820177778, 
  "activity": 0.02037506172839506
}