{
  "bolusiob": 0, 
  "iob": 0.32962774486500007, 
  "activity": 0.006109779541446207
}