{
  "bolusiob": 4.934683588226667, 
  "iob": 7.547440073082223, 
  "activity": 0.049018853615520275
}