{
  "bolusiob": 0, 
  "iob": 0.01788857971444443, 
  "activity": -0.00011188712522045848
}