{
  "bolusiob": 0, 
  "iob": -0.13398556977111112, 
  "activity": -0.0006579012345679011
}