{
  "bolusiob": 0, 
  "iob": 0.9682766349078222, 
  "activity": 0.017107848447971776
}