{
  "bolusiob": 6.713018492515555, 
  "iob": 7.056529868743889, 
  "activity": 0.016995820105820104
}