{
  "bolusiob": 0, 
  "iob": -0.15074221209611116, 
  "activity": -0.002241834215167547
}