{
  "bolusiob": 0, 
  "iob": 0.22323947450597226, 
  "activity": 0.0009179894179894185
}