{
  "bolusiob": 0, 
  "iob": 0.3589810483142223, 
  "activity": 0.004762169312169311
}