{
  "bolusiob": 0, 
  "iob": 0.40635658789036594, 
  "activity": 0.0035013050264550254
}