{
  "bolusiob": 0, 
  "iob": 0.5001084035402779, 
  "activity": 0.0010892239858906522
}