{
  "bolusiob": 0, 
  "iob": -0.028192964509083332, 
  "activity": 0.001141155202821869
}