{
  "bolusiob": 0, 
  "iob": 0.7593865396266669, 
  "activity": 0.019418342151675483
}