{
  "bolusiob": 0, 
  "iob": 0.6386366989633333, 
  "activity": 0.011581481481481477
}