{
  "bolusiob": 0, 
  "iob": 0.6058577541352224, 
  "activity": 0.00597636684303351
}