{
  "bolusiob": -0.00033540885333334104, 
  "iob": 1.0845104712731428, 
  "activity": 0.02183648139329806
}