{
  "bolusiob": 0, 
  "iob": 0.4782451923361376, 
  "activity": 0.0067708114109347435
}