{
  "bolusiob": 0, 
  "iob": -0.02148019388847218, 
  "activity": -0.0006351763668430332
}