{
  "bolusiob": 0, 
  "iob": 0.6632574174690161, 
  "activity": 0.00606346111111111
}