{
  "bolusiob": 0.09103618178666667, 
  "iob": 1.1170203310604168, 
  "activity": 0.018642089947089945
}