{
  "bolusiob": 0, 
  "iob": 0.27691051490107044, 
  "activity": 0.00422784823633157
}