{
  "bolusiob": 0.06896701781333335, 
  "iob": 1.0499514790472224, 
  "activity": 0.02126294532627866
}