{
  "bolusiob": 0, 
  "iob": 0.25578858174936114, 
  "activity": 0.0011053703703703703
}