{
  "bolusiob": 0.18355531332000002, 
  "iob": 0.8677635956027995, 
  "activity": 0.01371944435626102
}