{
  "bolusiob": 0, 
  "iob": 0.10634165110855545, 
  "activity": 0.006247813051146382
}