{
  "bolusiob": 0, 
  "iob": 0.4202946002834988, 
  "activity": 0.003766040687830687
}