{
  "bolusiob": 0, 
  "iob": -0.20110512343055553, 
  "activity": -0.005235608465608464
}