{
  "bolusiob": 0, 
  "iob": 0.024645184188279733, 
  "activity": 0.007306558289241621
}