{
  "bolusiob": 0, 
  "iob": 0.008444499789791657, 
  "activity": 0.0006955467372134036
}