{
  "bolusiob": 0, 
  "iob": 0.06256387493833332, 
  "activity": -0.0017851851851851852
}