{
  "bolusiob": 0, 
  "iob": -0.22748239311652776, 
  "activity": -0.0015698059964726636
}