{
  "bolusiob": 0, 
  "iob": 0.49825249203, 
  "activity": 0.0048988624338624324
}