{
  "bolusiob": 0, 
  "iob": 0.5692675939679093, 
  "activity": 0.005862989241622574
}