{
  "bolusiob": 0, 
  "iob": 0.019520165993472192, 
  "activity": -0.0016642945326278665
}