{
  "bolusiob": 0, 
  "iob": 0.3920644902464445, 
  "activity": 0.004616940035273368
}