{
  "bolusiob": 0, 
  "iob": -0.5564365706773611, 
  "activity": -0.0036969753086419743
}