{
  "bolusiob": 0, 
  "iob": 0.6036829589875652, 
  "activity": 0.005530899770723104
}