{
  "bolusiob": 0, 
  "iob": -0.25920183237663197, 
  "activity": -0.0015093562610229271
}