{
  "bolusiob": 0, 
  "iob": 0.6768139832133336, 
  "activity": 0.018564708994708988
}