{
  "bolusiob": 0, 
  "iob": 0.41977176065700006, 
  "activity": 0.0019044797178130511
}