{
  "bolusiob": 0, 
  "iob": -0.1273290007177711, 
  "activity": -0.0016249116049382713
}