{
  "bolusiob": 0, 
  "iob": 0.1996146247265278, 
  "activity": 0.0021187654320987655
}