{
  "bolusiob": 0, 
  "iob": 0.07929040068277778, 
  "activity": 0.0009064814814814814
}