{
  "bolusiob": 0, 
  "iob": 0.2810728010555556, 
  "activity": 0.0030794532627865957
}