{
  "bolusiob": 0, 
  "iob": 0.3353475698924755, 
  "activity": 0.004732072557319222
}