{
  "bolusiob": 0, 
  "iob": 0.7810436530391112, 
  "activity": 0.012088610229276892
}