{
  "bolusiob": 0, 
  "iob": 0.858046823877929, 
  "activity": 0.015598095361552027
}