{
  "bolusiob": 0, 
  "iob": 0.01598394056333334, 
  "activity": 0.00023633156966490314
}