{
  "bolusiob": 0, 
  "iob": 0.14781808666222215, 
  "activity": 0.004085784832451498
}