{
  "bolusiob": 0, 
  "iob": 0.8404756130261725, 
  "activity": 0.008376243245149911
}