{
  "bolusiob": 0, 
  "iob": 0.49551194378678104, 
  "activity": 0.009046746155202819
}