{
  "bolusiob": 0, 
  "iob": 0.26274235293492587, 
  "activity": 0.0036887210758377426
}