{
  "bolusiob": 1.0197962216, 
  "iob": 2.009793445826667, 
  "activity": 0.013169629629629625
}