{
  "bolusiob": 0, 
  "iob": 0.3463212864533333, 
  "activity": 0.0009537566137566136
}