{
  "bolusiob": 1.166420493368889, 
  "iob": 2.1198322057339203, 
  "activity": 0.016626402028218697
}