{
  "bolusiob": 0, 
  "iob": 0.16213197791555556, 
  "activity": 0.00016306878306878315
}