{
  "bolusiob": 0, 
  "iob": 0.35520986205110566, 
  "activity": 0.004215119400352734
}