{
  "bolusiob": 0, 
  "iob": 0.6101203591895118, 
  "activity": 0.007238712892416225
}