{
  "bolusiob": 0, 
  "iob": 0.22832962641166665, 
  "activity": 0.0002312874779541447
}