{
  "bolusiob": 0, 
  "iob": 0.08103397340444445, 
  "activity": -0.0022792151675485013
}