{
  "bolusiob": 0, 
  "iob": -0.210260450454, 
  "activity": -0.0010249206349206349
}