{
  "bolusiob": 0.8910785820533333, 
  "iob": 1.5318186963357825, 
  "activity": 0.010812786966490295
}