{
  "bolusiob": 0, 
  "iob": 0.444741674391099, 
  "activity": 0.004999858888888888
}