{
  "bolusiob": 0, 
  "iob": 0.17300636392454585, 
  "activity": 0.0015763842151675486
}