{
  "bolusiob": 0, 
  "iob": -0.1292724298701082, 
  "activity": -0.0022698323633156955
}