{
  "bolusiob": 0, 
  "iob": 0.14123076346192662, 
  "activity": 0.0016206526807760137
}