{
  "bolusiob": 0, 
  "iob": 0.08130754455005085, 
  "activity": 0.0024328922398589065
}