{
  "bolusiob": 0, 
  "iob": 0.4623431597820001, 
  "activity": 0.004791931216931217
}