{
  "bolusiob": 0, 
  "iob": -0.15476302219777488, 
  "activity": -0.0019103791005291
}