{
  "bolusiob": 0, 
  "iob": 0.5501588831066666, 
  "activity": 0.007424268077601409
}