{
  "bolusiob": 0, 
  "iob": -0.28654965660144455, 
  "activity": -0.001533492063492064
}