{
  "bolusiob": 0.09110492526666666, 
  "iob": 0.5029244049627777, 
  "activity": 0.012214902998236334
}