{
  "bolusiob": 0, 
  "iob": 0.20420054521263886, 
  "activity": 0.001517574955908289
}