{
  "bolusiob": 0, 
  "iob": 3.0202417777770718e-05, 
  "activity": -0.0008058553791887124
}