{
  "bolusiob": 0, 
  "iob": 0.1509132548256714, 
  "activity": 0.008556830617283948
}