{
  "bolusiob": 0, 
  "iob": 0.18321134920055532, 
  "activity": 0.0035940388007054684
}