{
  "bolusiob": 0, 
  "iob": 0.030173070293333337, 
  "activity": 0.0023061728395061716
}