{
  "bolusiob": 0, 
  "iob": -0.10578066240277778, 
  "activity": -0.00294447971781305
}