{
  "bolusiob": 0, 
  "iob": -0.13859340208333337, 
  "activity": -0.0005688977072310404
}