{
  "bolusiob": 0, 
  "iob": 0.8456134382764342, 
  "activity": 0.010282839611992944
}