{
  "bolusiob": 0.09709724860000013, 
  "iob": 2.7901695046500006, 
  "activity": 0.058462962962962953
}