{
  "bolusiob": 0, 
  "iob": -0.13569798233977487, 
  "activity": -0.0019137300705467366
}