{
  "bolusiob": 0, 
  "iob": 0.10247800427611115, 
  "activity": -0.00016049382716049358
}