{
  "bolusiob": 0, 
  "iob": 0.9834600654236727, 
  "activity": 0.019594894091710755
}