{
  "bolusiob": 0.4006206794133333, 
  "iob": 2.7225922911355553, 
  "activity": 0.050857142857142844
}