{
  "bolusiob": 0.018745168000000034, 
  "iob": 1.569968712610685, 
  "activity": 0.036244056172839496
}