{
  "bolusiob": 0, 
  "iob": 0.11589934618722222, 
  "activity": 0.0008513668430335095
}