{
  "bolusiob": 0, 
  "iob": 0.05077381932347223, 
  "activity": 0.002729435626102292
}