{
  "bolusiob": 0, 
  "iob": 0.23975874267, 
  "activity": 0.002587019400352733
}