{
  "bolusiob": 0, 
  "iob": 0.09676920452, 
  "activity": 0.00025407407407407404
}