{
  "bolusiob": 0, 
  "iob": -0.20684189851611112, 
  "activity": -0.0006057142857142855
}