{
  "bolusiob": 0, 
  "iob": -0.20955006073936114, 
  "activity": -0.0004902910052910057
}