{
  "bolusiob": 1.5658102502222224, 
  "iob": 3.3019209205532696, 
  "activity": 0.02748598379188711
}