{
  "bolusiob": 0, 
  "iob": -0.13432109042355556, 
  "activity": -0.0003516931216931221
}