{
  "bolusiob": 0, 
  "iob": -0.21784291919266818, 
  "activity": -0.0030055731040564367
}