{
  "bolusiob": 0, 
  "iob": -0.08858653729581617, 
  "activity": 0.002117151463844797
}