{
  "bolusiob": 0.2829220906666667, 
  "iob": 0.7026655606961107, 
  "activity": 0.009616058201058193
}