{
  "bolusiob": 0, 
  "iob": 0.14562556583555555, 
  "activity": 0.001469611992945326
}