{
  "bolusiob": 0, 
  "iob": 1.1170707546277778, 
  "activity": 0.0229458553791887
}