{
  "bolusiob": 0, 
  "iob": -0.09661530364111112, 
  "activity": 0.00010970899470899473
}