{
  "bolusiob": 0.8633165022799998, 
  "iob": 2.57433197277564, 
  "activity": 0.03715144611992944
}