{
  "bolusiob": 0, 
  "iob": 0.7715326594878387, 
  "activity": 0.008919991375661377
}