{
  "bolusiob": 0, 
  "iob": -0.01561691039484446, 
  "activity": -0.0025632186948853614
}