{
  "bolusiob": 0.05830048067999995, 
  "iob": 0.8273569603383331, 
  "activity": 0.01837294532627865
}