{
  "bolusiob": 1.8366724362666667, 
  "iob": 3.3559429779020835, 
  "activity": 0.03526565255731922
}