{
  "bolusiob": 0, 
  "iob": 0.421840830976889, 
  "activity": 0.0056680246913580245
}