{
  "bolusiob": 3.2782090222933333, 
  "iob": 3.1276671762938886, 
  "activity": -0.001985167548500882
}