{
  "bolusiob": 0, 
  "iob": 0.019301709847083338, 
  "activity": 0.0006655643738977072
}