{
  "bolusiob": 0, 
  "iob": 0.11879576227875711, 
  "activity": 0.0034363314814814814
}