{
  "bolusiob": 0, 
  "iob": 0.6376660631818406, 
  "activity": 0.010425352751322751
}