{
  "bolusiob": 0, 
  "iob": 0.012609803971111111, 
  "activity": -5.4938271604938208e-05
}