{
  "bolusiob": 0, 
  "iob": 0.07892027391, 
  "activity": 0.00021846560846560856
}