{
  "bolusiob": 0, 
  "iob": 0.3643314044931111, 
  "activity": 0.002419947089947089
}