{
  "bolusiob": 0, 
  "iob": -0.6277556775230656, 
  "activity": -0.007460837865961199
}