{
  "bolusiob": 0, 
  "iob": 0.4635003050074584, 
  "activity": 0.004199982733686067
}