{
  "bolusiob": 0, 
  "iob": 0.04243652407888889, 
  "activity": 0.0010538007054673722
}