{
  "bolusiob": 0, 
  "iob": -0.20328561084944444, 
  "activity": -0.0007115343915343912
}