{
  "bolusiob": 0, 
  "iob": 0.1328172962344445, 
  "activity": 0.0030193650793650787
}