{
  "bolusiob": 0, 
  "iob": -0.05580878722833332, 
  "activity": -0.001306119929453263
}