{
  "bolusiob": 0, 
  "iob": 0.4055246006320892, 
  "activity": 0.008648475643738975
}