{
  "bolusiob": 0, 
  "iob": 0.11659946637055559, 
  "activity": -0.00030902116402116398
}