{
  "bolusiob": 0, 
  "iob": -0.2768500276322223, 
  "activity": -0.005406525573192239
}