{
  "bolusiob": 0, 
  "iob": 0.3312390658283333, 
  "activity": 0.0016790476190476195
}