{
  "bolusiob": 0, 
  "iob": 0.03088051927388899, 
  "activity": 0.002744523809523808
}