{
  "bolusiob": 0.64646544752, 
  "iob": 1.6050821761463887, 
  "activity": 0.013765176366843025
}