{
  "bolusiob": 1.1971015953066666, 
  "iob": 2.0508813777766437, 
  "activity": 0.022116675396825394
}