{
  "bolusiob": 0, 
  "iob": 0.5767474484166668, 
  "activity": 0.023343033509700177
}