{
  "bolusiob": 0, 
  "iob": 0.15124501716757252, 
  "activity": 0.0014118692239858907
}