{
  "bolusiob": 0, 
  "iob": 0.04669629967777779, 
  "activity": 0.00039850088183421533
}