{
  "bolusiob": 0, 
  "iob": 0.8838712659754313, 
  "activity": 0.014891957795414464
}