{
  "bolusiob": 0.10809569664000002, 
  "iob": 0.9119088103370002, 
  "activity": 0.023799577072310396
}