{
  "bolusiob": 0, 
  "iob": -0.1530181633922977, 
  "activity": -0.002051084779541446
}