{
  "bolusiob": 0.3538445297733337, 
  "iob": 4.481441191565557, 
  "activity": 0.08751105820105817
}