{
  "bolusiob": 0, 
  "iob": 0.05897847479250001, 
  "activity": 0.0016928571428571424
}