{
  "netbasalinsulin": 0.34999999999999998, 
  "activity": 0.0327, 
  "basaliob": 0.376, 
  "hightempinsulin": 0.40000000000000002, 
  "bolussnooze": 0, 
  "iob": 1.196
}