{
  "bolusiob": 0, 
  "iob": 0.28473982008, 
  "activity": 0.0012046031746031744
}