{
  "bolusiob": 0, 
  "iob": 0.38203203470055613, 
  "activity": 0.002751111481481481
}