{
  "bolusiob": 0, 
  "iob": 0.3698529224, 
  "activity": 0.004162962962962963
}