{
  "bolusiob": 0, 
  "iob": 0.11279496452999999, 
  "activity": -0.00024317460317460323
}