{
  "bolusiob": 0, 
  "iob": 0.10540180458555534, 
  "activity": 0.01243322751322751
}