{
  "bolusiob": 0, 
  "iob": 0.19121042782077252, 
  "activity": 0.0037838268959435625
}