{
  "bolusiob": 0, 
  "iob": 0.2354848709715278, 
  "activity": 0.003178968253968254
}