{
  "bolusiob": 0, 
  "iob": 0.5070770276455555, 
  "activity": 0.007468024691358022
}