{
  "bolusiob": 0, 
  "iob": -0.3642615933445315, 
  "activity": -0.0016595589947089942
}