{
  "bolusiob": 0, 
  "iob": 0.19770639988611116, 
  "activity": 0.002460987654320988
}