{
  "bolusiob": 0, 
  "iob": 0.9443276740667705, 
  "activity": 0.024918694797178134
}