{
  "bolusiob": 0, 
  "iob": -0.05689186083354168, 
  "activity": 0.00027861552028218676
}