{
  "bolusiob": 0, 
  "iob": 0.032220858038749856, 
  "activity": 0.0008776455026455014
}