{
  "bolusiob": 0, 
  "iob": 0.40030619785677785, 
  "activity": 0.005138289241622575
}