{
  "bolusiob": 0, 
  "iob": 0.17457851337052596, 
  "activity": 0.00431816569664903
}