{
  "bolusiob": 0, 
  "iob": 0.171341746758, 
  "activity": 0.0025396825396825397
}