{
  "bolusiob": 0, 
  "iob": 0.41736837584722225, 
  "activity": 0.00865268959435626
}