{
  "bolusiob": 0, 
  "iob": 0.15820223817464604, 
  "activity": -0.0007167722222222224
}