{
  "bolusiob": 0, 
  "iob": 0.33346315933388887, 
  "activity": 0.01541285714285714
}