{
  "bolusiob": 0, 
  "iob": 0.18442324535165042, 
  "activity": 0.0008076630511463845
}