{
  "bolusiob": 0, 
  "iob": 0.18651255645666667, 
  "activity": -0.00048315696649029984
}