{
  "bolusiob": 0.6848378026666667, 
  "iob": 1.3404300136573704, 
  "activity": 0.018807539594356257
}