{
  "bolusiob": 0, 
  "iob": 0.5976237816205118, 
  "activity": 0.005010308589065255
}