{
  "bolusiob": 0, 
  "iob": 1.0321625782062125, 
  "activity": 0.016079620934744264
}