{
  "bolusiob": 0, 
  "iob": 0.552151926638889, 
  "activity": 0.007050970017636684
}