{
  "bolusiob": 0, 
  "iob": 0.07843490915722223, 
  "activity": 0.0007606525573192237
}