{
  "bolusiob": 0, 
  "iob": -0.23885490765041673, 
  "activity": -0.0003805820105820105
}