{
  "bolusiob": 0, 
  "iob": -0.4229206240801404, 
  "activity": -0.006469670723104055
}