{
  "bolusiob": 0, 
  "iob": 0.09521907939456598, 
  "activity": 0.00025779532627865964
}