{
  "bolusiob": 0, 
  "iob": 0.002463917020000015, 
  "activity": 0.0011253086419753086
}