{
  "bolusiob": 0, 
  "iob": -0.12061666754291667, 
  "activity": 0.003032619047619047
}