{
  "bolusiob": 0, 
  "iob": -0.09973761747777779, 
  "activity": -0.0009983597883597881
}