{
  "bolusiob": 0, 
  "iob": 0.031336278836105166, 
  "activity": 0.002014065343915344
}