{
  "bolusiob": 0, 
  "iob": 0.40218551372823313, 
  "activity": 0.0019031307583774247
}