{
  "bolusiob": 0, 
  "iob": 0.046161173213333344, 
  "activity": -0.00026081128747795405
}