{
  "bolusiob": 0, 
  "iob": 0.1950654651587113, 
  "activity": 0.0028574956966490295
}