{
  "bolusiob": 0, 
  "iob": 0.3745271276968889, 
  "activity": 0.0026764991181657846
}