{
  "bolusiob": 0.14116472223999996, 
  "iob": 0.9103232628940737, 
  "activity": 0.023870846472663132
}