{
  "bolusiob": 0, 
  "iob": 0.13447153501972223, 
  "activity": 0.0018938888888888887
}