{
  "bolusiob": 1.5945849040000002, 
  "iob": 2.6519868835002405, 
  "activity": 0.017825026366843036
}