{
  "bolusiob": 0.9219970190933335, 
  "iob": 2.383502480014548, 
  "activity": 0.022895467283950616
}