{
  "bolusiob": 0, 
  "iob": 1.5321320641833336, 
  "activity": 0.041748500881834211
}