{
  "bolusiob": 0.1350540776, 
  "iob": 1.790807737577067, 
  "activity": 0.04935139329805996
}