{
  "bolusiob": 0, 
  "iob": 0.30224609237499994, 
  "activity": 0.006585308641975309
}