{
  "bolusiob": 0, 
  "iob": 0.6702020446507833, 
  "activity": 0.009477530917107584
}