{
  "bolusiob": 0.4338030986666666, 
  "iob": 2.263035009191667, 
  "activity": 0.03435345679012345
}