{
  "bolusiob": 0, 
  "iob": 0.2896394787544033, 
  "activity": 0.007018668553791885
}