{
  "bolusiob": 0, 
  "iob": 0.25275887403444447, 
  "activity": 0.0008476719576719577
}