{
  "bolusiob": 0, 
  "iob": 0.39886668809833326, 
  "activity": 0.005119647266313931
}