{
  "bolusiob": 0, 
  "iob": 0.5146511037983335, 
  "activity": 0.007257125220458554
}