{
  "bolusiob": 0, 
  "iob": 0.020460093464444436, 
  "activity": -0.00014453262786596116
}