{
  "bolusiob": 0, 
  "iob": 0.43939156838990856, 
  "activity": 0.003522254585537918
}