{
  "bolusiob": 0, 
  "iob": 0.13408244467, 
  "activity": -0.0007664550264550262
}