{
  "bolusiob": 0, 
  "iob": 0.15749063874638894, 
  "activity": 0.0015472222222222222
}