{
  "bolusiob": 0, 
  "iob": -0.11221854744936112, 
  "activity": 0.0003972045855379188
}