{
  "bolusiob": 0, 
  "iob": 0.05111088370352822, 
  "activity": 0.002147132275132274
}