{
  "bolusiob": 0, 
  "iob": 0.1021868429644445, 
  "activity": 0.00023597883597883617
}