{
  "bolusiob": 0, 
  "iob": 0.6386069146966667, 
  "activity": 0.0071519223985890635
}