{
  "bolusiob": 0, 
  "iob": 0.2959880468975151, 
  "activity": 0.004310123104056437
}