{
  "bolusiob": 0, 
  "iob": 0.533216179897778, 
  "activity": 0.019704991181657843
}