{
  "bolusiob": 0, 
  "iob": -0.285281608865, 
  "activity": 0.006031878306878303
}