{
  "bolusiob": 0, 
  "iob": 0.4185439234906648, 
  "activity": 0.0009089304232804229
}