{
  "bolusiob": 0, 
  "iob": 0.41284349571616435, 
  "activity": 0.00424047631393298
}