{
  "bolusiob": 0.2555264247866667, 
  "iob": 1.0465252701846115, 
  "activity": 0.014929365326278657
}