{
  "bolusiob": 0, 
  "iob": 0.37810199944084844, 
  "activity": 0.0022021785008818347
}