{
  "bolusiob": 0, 
  "iob": 0.2356020827006844, 
  "activity": 0.0009105556790123457
}