{
  "bolusiob": 0, 
  "iob": 0.05243538194999995, 
  "activity": 0.0008603703703703693
}