{
  "bolusiob": 0.31235393368, 
  "iob": 1.1209214793329403, 
  "activity": 0.014997919118165783
}