{
  "bolusiob": 0, 
  "iob": 0.0023809070470138874, 
  "activity": 0.0007365696649029979
}