{
  "bolusiob": 0, 
  "iob": 0.49703483894973394, 
  "activity": 0.004139852786596118
}