{
  "bolusiob": 2.2657475753422225, 
  "iob": 2.580939449168889, 
  "activity": 0.008397283950617283
}