{
  "bolusiob": 0, 
  "iob": -0.005266384286625746, 
  "activity": 0.0018336330335097
}