{
  "bolusiob": 0.2915357608533333, 
  "iob": 1.3543139491438887, 
  "activity": 0.01805747795414462
}