{
  "bolusiob": 0.32939549928000006, 
  "iob": 1.6518538489577779, 
  "activity": 0.0195653086419753
}