{
  "bolusiob": 0, 
  "iob": -0.09707187295550043, 
  "activity": -0.0031458993827160496
}