{
  "bolusiob": 0, 
  "iob": 1.0011992288453238, 
  "activity": 0.027668482980599637
}