{
  "bolusiob": 0, 
  "iob": 0.019097352101204137, 
  "activity": 0.0012425042328042322
}