{
  "bolusiob": 0, 
  "iob": 0.31361386644851114, 
  "activity": 0.004203835978835978
}