{
  "bolusiob": 0, 
  "iob": 0.015379878458242527, 
  "activity": -0.0017723280070546736
}