{
  "bolusiob": 0, 
  "iob": 0.29910035768405663, 
  "activity": 0.004274523932980599
}