{
  "bolusiob": 0, 
  "iob": 0.13726515268430556, 
  "activity": 0.0017167460317460313
}