{
  "bolusiob": 0, 
  "iob": 0.2634957591346666, 
  "activity": 0.00881010582010582
}