{
  "bolusiob": 0, 
  "iob": 0.8641341908778348, 
  "activity": 0.010791772398589064
}