{
  "bolusiob": 0.2531020219733333, 
  "iob": 1.6018937144348608, 
  "activity": 0.019426393298059966
}