{
  "bolusiob": 2.344241069031111, 
  "iob": 4.269691754591111, 
  "activity": 0.03485601410934744
}