{
  "bolusiob": 0, 
  "iob": 0.04786063242777777, 
  "activity": 0.0008902028218694885
}