{
  "bolusiob": 0, 
  "iob": 0.4020612608866667, 
  "activity": 0.0019759259259259257
}