{
  "bolusiob": 0, 
  "iob": 0.27319465486216254, 
  "activity": 0.004678033245149912
}