{
  "bolusiob": 0.8329026114133333, 
  "iob": 1.7396073183172223, 
  "activity": 0.019198148148148145
}