{
  "bolusiob": 0, 
  "iob": -0.23814194864830657, 
  "activity": 2.377412698412659e-05
}