{
  "bolusiob": 0, 
  "iob": 0.3677510634413079, 
  "activity": 0.004746939770723104
}