{
  "bolusiob": 0, 
  "iob": -0.1954560995988889, 
  "activity": -0.00020115520282186947
}