{
  "bolusiob": 0, 
  "iob": 0.551971045235567, 
  "activity": 0.004891842857142857
}