{
  "bolusiob": 0, 
  "iob": 0.04477305179277777, 
  "activity": -0.001048059964726631
}