{
  "bolusiob": 0, 
  "iob": -0.10340703195713043, 
  "activity": -0.0010076492063492062
}