{
  "bolusiob": 1.7250077333333333, 
  "iob": 2.218102733333333, 
  "activity": 0.010518518518518516
}