{
  "bolusiob": 0, 
  "iob": 0.5870136940961109, 
  "activity": 0.009511604938271596
}