{
  "bolusiob": 0, 
  "iob": -0.1263786119823202, 
  "activity": -0.0043935976366843025
}