{
  "bolusiob": 0, 
  "iob": 0.6623035871560936, 
  "activity": 0.0069024869664902995
}