{
  "bolusiob": 0, 
  "iob": 0.8790594030633334, 
  "activity": 0.03249506172839505
}