{
  "bolusiob": 0, 
  "iob": 0.03724082478979167, 
  "activity": 0.0013304673721340385
}