{
  "bolusiob": 0, 
  "iob": 0.12205002642333335, 
  "activity": 0.00405543209876543
}