{
  "bolusiob": 0, 
  "iob": 0.1913172483530704, 
  "activity": 0.001746737125220458
}