{
  "bolusiob": 0, 
  "iob": 0.06203880256874999, 
  "activity": -0.0005964462081128747
}