{
  "bolusiob": 0, 
  "iob": 0.24556982771981875, 
  "activity": 0.0014202912522045857
}