{
  "bolusiob": 0, 
  "iob": -0.016652362282749196, 
  "activity": -0.00068431613756613765
}