{
  "bolusiob": 0, 
  "iob": -0.18300893559836934, 
  "activity": -0.0031504408289241615
}