{
  "bolusiob": 0, 
  "iob": 0.20807135736945773, 
  "activity": 0.0016525309876543209
}