{
  "bolusiob": 0.7765465216000002, 
  "iob": 1.9728075828166667, 
  "activity": 0.026895414462081123
}