{
  "bolusiob": 0, 
  "iob": -0.1841446463472222, 
  "activity": -0.0020763315696649023
}