{
  "bolusiob": 0, 
  "iob": 0.6434426670658966, 
  "activity": 0.006691808447971774
}