{
  "bolusiob": 0, 
  "iob": 0.04864307071222222, 
  "activity": 0.0017853086419753084
}