{
  "bolusiob": 0, 
  "iob": 0.5015278006946547, 
  "activity": 0.004384691393298059
}