{
  "bolusiob": 0.5355715566133333, 
  "iob": 1.5200979433048611, 
  "activity": 0.012523818342151674
}