{
  "bolusiob": 0, 
  "iob": 0.3240611715453334, 
  "activity": 0.004444091710758377
}