{
  "bolusiob": 0, 
  "iob": -0.11095350407112398, 
  "activity": 0.006756111022927686
}