{
  "bolusiob": 0, 
  "iob": 0.01503789093777784, 
  "activity": 0.0012229188712522036
}