{
  "bolusiob": 0, 
  "iob": 0.21880778272541448, 
  "activity": 0.00026494746031746006
}