{
  "bolusiob": 0, 
  "iob": 0.4687530154568056, 
  "activity": 0.009764100529100527
}