{
  "bolusiob": 0, 
  "iob": -0.012677045413676258, 
  "activity": 0.0014451321869488535
}