{
  "bolusiob": 0, 
  "iob": 0.05102521130756945, 
  "activity": 0.00041240740740740723
}