{
  "bolusiob": 0, 
  "iob": -0.2823876044601389, 
  "activity": -0.002171455026455026
}