{
  "bolusiob": 0, 
  "iob": 0.715168866806116, 
  "activity": 0.00808996587301587
}