{
  "bolusiob": 0, 
  "iob": -0.12316809407291668, 
  "activity": -0.001437142857142857
}