{
  "bolusiob": 0, 
  "iob": -0.08862298161021526, 
  "activity": -0.0007529673721340385
}