{
  "bolusiob": 0, 
  "iob": 0.03076754728923612, 
  "activity": 0.0009311904761904759
}