{
  "bolusiob": 0.9752790746800004, 
  "iob": 5.4026306258916685, 
  "activity": 0.08482384479717812
}