{
  "bolusiob": 0, 
  "iob": -0.17765572291566667, 
  "activity": -0.0007248148148148146
}