{
  "bolusiob": 0, 
  "iob": -0.009836942698333316, 
  "activity": -0.0023056966490299815
}