{
  "bolusiob": 0, 
  "iob": 0.027696452695000002, 
  "activity": 0.001558827160493827
}