{
  "bolusiob": 0, 
  "iob": -0.14636373516888893, 
  "activity": -0.0021728924162257492
}