{
  "bolusiob": 0, 
  "iob": 0.061663403022222174, 
  "activity": 0.00042853615520282122
}