{
  "bolusiob": 0, 
  "iob": 1.1998841527744442, 
  "activity": 0.033794215167548491
}