{
  "bolusiob": 0, 
  "iob": -0.15339865039244444, 
  "activity": 0.00205721340388007
}