{
  "bolusiob": 0, 
  "iob": 1.7226267202255556, 
  "activity": 0.044980052910052908
}