{
  "bolusiob": 0, 
  "iob": 0.8790324440051388, 
  "activity": 0.00901512345679012
}