{
  "bolusiob": 0, 
  "iob": 0.2294895342538889, 
  "activity": 3.421516754850057e-05
}