{
  "bolusiob": 0, 
  "iob": -0.40465628836406153, 
  "activity": -0.0019305466490299817
}