{
  "bolusiob": 0, 
  "iob": 0.5559345556506904, 
  "activity": 0.006744232839506171
}