{
  "bolusiob": 0, 
  "iob": 0.2475201153383332, 
  "activity": 0.004411313932980595
}