{
  "bolusiob": 0, 
  "iob": 0.324804626152, 
  "activity": 0.0030013756613756623
}