{
  "bolusiob": 0, 
  "iob": 0.028645183661666705, 
  "activity": -0.0026631569664902987
}