{
  "bolusiob": 0.8634925611200001, 
  "iob": 1.4785382363980264, 
  "activity": 0.009874762275132272
}