{
  "bolusiob": 0, 
  "iob": 0.08700950303594418, 
  "activity": -3.368624338624281e-05
}