{
  "bolusiob": 0, 
  "iob": 0.29063547297111114, 
  "activity": 0.0009875661375661378
}