{
  "bolusiob": 0, 
  "iob": 0.19940549830888893, 
  "activity": 0.0020649735449735445
}