{
  "bolusiob": 0.17836637523111115, 
  "iob": 0.6749075790488891, 
  "activity": 0.008701728395061727
}