{
  "bolusiob": 0.31113700241777775, 
  "iob": 0.6946621174933334, 
  "activity": 0.0065940740740740725
}