{
  "bolusiob": 0, 
  "iob": 0.9754801619152224, 
  "activity": 0.012426402116402115
}