{
  "bolusiob": 0, 
  "iob": 0.4690988183461111, 
  "activity": 0.007569276895943561
}