{
  "bolusiob": 0.40589022144000003, 
  "iob": 1.9455771537223856, 
  "activity": 0.027375767107583767
}