{
  "bolusiob": 0, 
  "iob": -0.04606580053, 
  "activity": 0.0002174867724867726
}