{
  "bolusiob": 0, 
  "iob": 0.35903821824945836, 
  "activity": 0.002613236331569664
}