{
  "bolusiob": 0, 
  "iob": 0.31713571176833344, 
  "activity": 0.012663465608465603
}