{
  "bolusiob": 1.5624672224, 
  "iob": 2.503038275836667, 
  "activity": 0.02605097001763668
}