{
  "bolusiob": 1.1396890026666666, 
  "iob": 1.8358637212723705, 
  "activity": 0.021348280335096996
}