{
  "bolusiob": 0, 
  "iob": 0.32139234232980884, 
  "activity": 0.004868889012345678
}