{
  "bolusiob": 2.0029993700266666, 
  "iob": 2.932399474523889, 
  "activity": 0.01643885361552028
}