{
  "bolusiob": 0.9702584471333335, 
  "iob": 2.453681213793334, 
  "activity": 0.021717777777777784
}