{
  "netbasalinsulin": -0.20000000000000001, 
  "activity": 0.0091999999999999998, 
  "basaliob": -0.104, 
  "hightempinsulin": 0, 
  "bolussnooze": 0, 
  "iob": 0.075999999999999998
}