{
  "bolusiob": 0, 
  "iob": 0.000151672073333331, 
  "activity": 5.485008818342145e-05
}