{
  "bolusiob": 0, 
  "iob": 0.5305942752791113, 
  "activity": 0.0050717636684303345
}