{
  "bolusiob": 0, 
  "iob": 0.04777531739333334, 
  "activity": -0.0007231040564373899
}