{
  "bolusiob": 0, 
  "iob": 0.1685858440316666, 
  "activity": 0.0029147266313932978
}