{
  "bolusiob": 0, 
  "iob": 0.22086761204805552, 
  "activity": 0.002494179894179894
}