{
  "bolusiob": 0, 
  "iob": -0.09534658624074999, 
  "activity": -0.0015012257495590822
}