{
  "bolusiob": 0, 
  "iob": 0.8368571085923613, 
  "activity": 0.006727328042328042
}