{
  "bolusiob": 0, 
  "iob": 0.16238602531727708, 
  "activity": 0.0010817107936507931
}