{
  "bolusiob": 0, 
  "iob": 0.13206411173434376, 
  "activity": 0.0036711639329805993
}