{
  "bolusiob": 0, 
  "iob": -0.23324205197622375, 
  "activity": -0.0033374073192239855
}