{
  "bolusiob": 3.267879687626667, 
  "iob": 6.052741750743889, 
  "activity": 0.045218042328042315
}