{
  "bolusiob": 0, 
  "iob": 0.3043724016626389, 
  "activity": 0.003096710758377424
}