{
  "netbasalinsulin": -0.34999999999999998, 
  "activity": 0.0040000000000000001, 
  "basaliob": -0.23899999999999999, 
  "hightempinsulin": 0, 
  "bolussnooze": 0, 
  "iob": -0.20000000000000001
}