{
  "bolusiob": 0, 
  "iob": 0.6851182248477778, 
  "activity": 0.008279082892416224
}