{
  "bolusiob": 0, 
  "iob": -0.12389560802626462, 
  "activity": -0.00045544991181657897
}