{
  "bolusiob": 0, 
  "iob": 0.34089133534236116, 
  "activity": 0.000490167548500881
}