{
  "bolusiob": 0, 
  "iob": 0.9904803814862799, 
  "activity": 0.016094832574955906
}