{
  "bolusiob": 0, 
  "iob": 0.06677674964000001, 
  "activity": -0.0008514285714285709
}