{
  "bolusiob": 0, 
  "iob": 0.28760785914333326, 
  "activity": 0.005575511463844796
}