{
  "bolusiob": 0, 
  "iob": 0.6306085281041376, 
  "activity": 0.00645564386243386
}