{
  "bolusiob": 0, 
  "iob": 0.04838377564708334, 
  "activity": 0.00022953262786596106
}