{
  "bolusiob": 0, 
  "iob": -0.03476307331986111, 
  "activity": -0.0010413139329805996
}