{
  "bolusiob": 0, 
  "iob": 0.28723580919015473, 
  "activity": 0.006303641710758376
}