{
  "bolusiob": 0.8995365555200001, 
  "iob": 1.574352408853551, 
  "activity": 0.008823421763668425
}