{
  "bolusiob": 0, 
  "iob": 0.14001566895847223, 
  "activity": 0.0026428042328042324
}