{
  "bolusiob": 0.05940023370666667, 
  "iob": 1.4872270971220833, 
  "activity": 0.021562689594356255
}