{
  "bolusiob": 0, 
  "iob": 0.14959443324, 
  "activity": 0.004896296296296294
}