{
  "bolusiob": 0, 
  "iob": 0.13812817228108903, 
  "activity": 0.0014743387301587299
}