{
  "bolusiob": 0, 
  "iob": 0.6866142936820726, 
  "activity": 0.010037915873015873
}