{
  "bolusiob": 0, 
  "iob": 0.8298482292605557, 
  "activity": 0.017258289241622572
}