{
  "bolusiob": 0, 
  "iob": 0.1662460360176389, 
  "activity": 0.0013881834215167547
}