{
  "bolusiob": 0.2333439596666667, 
  "iob": 2.13807130593165, 
  "activity": 0.0375340738095238
}