{
  "bolusiob": 0, 
  "iob": -0.1355324437477778, 
  "activity": -0.0021365961199294532
}