{
  "bolusiob": 0, 
  "iob": 0.3886666175072426, 
  "activity": 0.00441169315696649
}