{
  "bolusiob": 0, 
  "iob": -0.31922722531623116, 
  "activity": -0.0009190514109347446
}