{
  "bolusiob": 0, 
  "iob": 0.4713021533447865, 
  "activity": 0.004012283985890652
}