{
  "bolusiob": 0, 
  "iob": 0.05383923747686337, 
  "activity": 0.0019020105820105823
}