{
  "bolusiob": 0, 
  "iob": -0.18719166745555557, 
  "activity": -0.004480158730158729
}