{
  "bolusiob": 0, 
  "iob": 0.8214157657386113, 
  "activity": 0.010002425044091713
}