{
  "bolusiob": 0, 
  "iob": 0.4655922676355556, 
  "activity": 0.011351428571428568
}