{
  "bolusiob": 0, 
  "iob": 0.3100776479653333, 
  "activity": 0.0028855379188712513
}