{
  "bolusiob": 0, 
  "iob": 0.05335273753611112, 
  "activity": 0.00013740740740740754
}