{
  "bolusiob": 0, 
  "iob": 0.05882527218812501, 
  "activity": 0.0017168518518518518
}