{
  "bolusiob": 0.3425696134666667, 
  "iob": 1.72058805265, 
  "activity": 0.02733663139329806
}