{
  "bolusiob": 1.1031863566800002, 
  "iob": 2.5180207867711113, 
  "activity": 0.021096966490299827
}