{
  "bolusiob": 0, 
  "iob": 0.46287307943598544, 
  "activity": 0.0034326898236331574
}