{
  "bolusiob": 0, 
  "iob": 0.08730003896013867, 
  "activity": 0.005137204585537913
}