{
  "bolusiob": 0, 
  "iob": 0.10141045331013884, 
  "activity": -0.0011891887125220454
}