{
  "bolusiob": 0, 
  "iob": -0.012446449660000004, 
  "activity": -0.0009223456790123455
}