{
  "bolusiob": 1.1909424207644443, 
  "iob": 1.7261110182671229, 
  "activity": 0.007001583333333332
}