{
  "bolusiob": 0, 
  "iob": 0.09383001952076263, 
  "activity": 0.00027888880070546697
}