{
  "bolusiob": 0, 
  "iob": -0.1464387920277778, 
  "activity": -3.683421516754851e-05
}