{
  "bolusiob": 0, 
  "iob": -0.4661834639929166, 
  "activity": -0.0001982098765432098
}