{
  "bolusiob": 0, 
  "iob": -0.19354065880055554, 
  "activity": -0.0020798148148148143
}