{
  "bolusiob": 0, 
  "iob": 0.18673891759333336, 
  "activity": 0.0006937037037037036
}