{
  "bolusiob": 0, 
  "iob": 0.499204884168889, 
  "activity": 0.010661904761904761
}