{
  "bolusiob": 0, 
  "iob": 0.06964612318555555, 
  "activity": -0.0012135273368606703
}