{
  "bolusiob": 0, 
  "iob": 0.33937686919944443, 
  "activity": 0.002490978835978833
}