{
  "bolusiob": 0, 
  "iob": 0.8449879361132117, 
  "activity": 0.011036632045855374
}