{
  "bolusiob": 0.3776857224533334, 
  "iob": 1.1326958520025001, 
  "activity": 0.014372513227513229
}