{
  "bolusiob": 0, 
  "iob": 0.3813199690483334, 
  "activity": 0.007605361552028217
}