{
  "bolusiob": 0, 
  "iob": 0.18825030396027684, 
  "activity": 0.00037171966490299785
}