{
  "bolusiob": 0, 
  "iob": -0.07463259299111114, 
  "activity": -7.169312169312168e-05
}