{
  "bolusiob": 0, 
  "iob": 0.18344193427111116, 
  "activity": 0.008167989417989416
}