{
  "bolusiob": 0, 
  "iob": 0.10034874323898832, 
  "activity": 0.0001431746208112876
}