{
  "bolusiob": 0, 
  "iob": 0.03590016057156961, 
  "activity": 0.0006417373015873021
}