{
  "bolusiob": 1.8586558222222223, 
  "iob": 2.2309490110222217, 
  "activity": 0.01928747795414462
}