{
  "bolusiob": 0, 
  "iob": -0.29797297389875, 
  "activity": -0.001796428571428571
}