{
  "bolusiob": 0, 
  "iob": 0.39769574860722223, 
  "activity": 0.0020360141093474426
}