{
  "bolusiob": 0, 
  "iob": -0.08263636046074999, 
  "activity": 0.0008908730158730156
}