{
  "bolusiob": 0, 
  "iob": 0.22281531539024804, 
  "activity": 0.004441768624338624
}