{
  "bolusiob": 0, 
  "iob": -0.02555950906444445, 
  "activity": -0.0001950793650793651
}