{
  "bolusiob": 0, 
  "iob": 0.14913101529749997, 
  "activity": 0.001693395061728395
}