{
  "bolusiob": 0, 
  "iob": -0.15572352002666667, 
  "activity": -0.004330388007054673
}