{
  "bolusiob": 0, 
  "iob": -0.5743874848948612, 
  "activity": -0.004956552028218698
}