{
  "bolusiob": 0, 
  "iob": -0.12987564895555556, 
  "activity": -0.0021222663139329797
}