{
  "bolusiob": 0, 
  "iob": 0.16244282257666667, 
  "activity": 0.00013854497354497358
}