{
  "bolusiob": 1.3775199630577777, 
  "iob": 1.6172001752387293, 
  "activity": 0.004366569400352733
}