{
  "bolusiob": 0, 
  "iob": 0.5371762971633334, 
  "activity": 0.007181199294532627
}