{
  "bolusiob": 0, 
  "iob": 0.09141248529333335, 
  "activity": 0.0013750440917107585
}