{
  "bolusiob": 0, 
  "iob": -0.3367107726388888, 
  "activity": -0.005495908289241623
}