{
  "bolusiob": 0, 
  "iob": -0.28755590090652783, 
  "activity": -0.0020693033509700176
}