{
  "bolusiob": 0, 
  "iob": 0.21153285954375, 
  "activity": 0.0014553174603174602
}