{
  "bolusiob": 0, 
  "iob": -0.2567331592343055, 
  "activity": -0.0014489506172839504
}