{
  "bolusiob": 0, 
  "iob": -0.03323649937722223, 
  "activity": -0.0013537566137566141
}