{
  "bolusiob": 0, 
  "iob": 0.026717647793333348, 
  "activity": 0.0013013932980599648
}