{
  "bolusiob": 0, 
  "iob": -0.27681700452463887, 
  "activity": -0.0015576895943562607
}