{
  "bolusiob": 0.028736869333333328, 
  "iob": 0.6770994624844444, 
  "activity": 0.008576296296296295
}