{
  "bolusiob": 0.4776210773333336, 
  "iob": 2.2101660871111113, 
  "activity": 0.0294716049382716
}