{
  "bolusiob": 0, 
  "iob": 0.37515728174244445, 
  "activity": 0.004000582134038801
}