{
  "bolusiob": 0, 
  "iob": 0.29142718905111115, 
  "activity": 0.007496278659611992
}