{
  "bolusiob": 0, 
  "iob": 0.10304726269033332, 
  "activity": -0.0009137125220458559
}