{
  "bolusiob": 0, 
  "iob": 0.7631505538691111, 
  "activity": 0.004493439153439153
}