{
  "bolusiob": 0, 
  "iob": 0.4605525683936667, 
  "activity": 0.004871534391534391
}