{
  "bolusiob": 0, 
  "iob": 0.05615492285777779, 
  "activity": -0.0010539506172839504
}