{
  "bolusiob": 0, 
  "iob": -0.048363476003333336, 
  "activity": -0.0011559082892416224
}