{
  "bolusiob": 0, 
  "iob": 0.28615067732911054, 
  "activity": 0.0049413832451499105
}