{
  "bolusiob": 0, 
  "iob": 0.30693789916371156, 
  "activity": -0.0010172042680776016
}