{
  "bolusiob": 0, 
  "iob": 0.019137018595000006, 
  "activity": 0.00015687830687830684
}