{
  "bolusiob": 0, 
  "iob": 0.31026166536444444, 
  "activity": 0.006125352733686066
}