{
  "bolusiob": 0, 
  "iob": -0.2805988257015278, 
  "activity": -0.0009862081128747789
}