{
  "bolusiob": 0, 
  "iob": -0.6017739277340077, 
  "activity": -0.00726616414462081
}