{
  "bolusiob": 0, 
  "iob": 0.5030558106813333, 
  "activity": 0.012854761904761902
}