{
  "bolusiob": 0, 
  "iob": 0.030468234726458328, 
  "activity": 0.0011861992945326276
}