{
  "bolusiob": 0, 
  "iob": 0.607723102690099, 
  "activity": 0.00904497340388007
}