{
  "bolusiob": 0, 
  "iob": 0.47612383925177776, 
  "activity": 0.004690927689594356
}