{
  "bolusiob": 0, 
  "iob": -0.1709743142022407, 
  "activity": -0.0005892543209876547
}