{
  "bolusiob": 0, 
  "iob": 0.3857342641958271, 
  "activity": 0.009072830811287475
}