{
  "bolusiob": 0, 
  "iob": 0.2841149698618615, 
  "activity": 0.004149312081128748
}