{
  "bolusiob": 0, 
  "iob": -0.18865398535977784, 
  "activity": -0.0057412962962962956
}