{
  "bolusiob": 0, 
  "iob": -0.395656966075, 
  "activity": -0.004268227513227512
}