{
  "bolusiob": 0, 
  "iob": 0.08111613891000001, 
  "activity": 0.0021010582010582007
}