{
  "bolusiob": 0, 
  "iob": 0.39149514126164137, 
  "activity": 0.004661102028218694
}