{
  "bolusiob": 0, 
  "iob": 0.5906043754816667, 
  "activity": 0.006641851851851852
}