{
  "bolusiob": 5.936726558737778, 
  "iob": 6.815534839011111, 
  "activity": 0.026418906525573188
}