{
  "bolusiob": 0, 
  "iob": 0.044290350404166665, 
  "activity": 0.0013991181657848322
}