{
  "bolusiob": 0, 
  "iob": -0.06891030153, 
  "activity": -0.001509047619047619
}