{
  "bolusiob": 0, 
  "iob": 0.6332310246311111, 
  "activity": 0.007896119929453261
}