{
  "bolusiob": 0, 
  "iob": -0.23273321777277778, 
  "activity": -0.004705044091710758
}