{
  "bolusiob": 2.55357649988, 
  "iob": 3.7403463137173603, 
  "activity": 0.018368219065255723
}