{
  "bolusiob": 0, 
  "iob": 0.70084196030875, 
  "activity": 0.008474047619047617
}