{
  "bolusiob": 0, 
  "iob": 0.5963572225450001, 
  "activity": 0.0053423192239858905
}