{
  "bolusiob": 0, 
  "iob": 0.5081010253716668, 
  "activity": 0.02427724867724867
}