{
  "bolusiob": 1.0953806263644446, 
  "iob": 1.7007079578166673, 
  "activity": 0.01362229276895943
}