{
  "bolusiob": 0.13970080000000004, 
  "iob": 1.550190289570417, 
  "activity": 0.0205791975308642
}