{
  "bolusiob": 0, 
  "iob": 0.10682602336222768, 
  "activity": -0.0006376982892416225
}