{
  "bolusiob": 0, 
  "iob": 0.5412157770519881, 
  "activity": 0.005367028377425043
}