{
  "bolusiob": 0, 
  "iob": 0.06442977179916665, 
  "activity": 0.0028197001763668426
}