{
  "bolusiob": 0, 
  "iob": -0.4243764591691111, 
  "activity": -0.0006581481481481482
}