{
  "bolusiob": 0.02110029166666666, 
  "iob": 0.49136319468531175, 
  "activity": 0.013664514955908284
}