{
  "bolusiob": 0, 
  "iob": -0.09675520270999999, 
  "activity": -0.0014714638447971776
}