{
  "bolusiob": 0.013104475626666634, 
  "iob": 1.3736146789876393, 
  "activity": 0.021226516754850083
}