{
  "bolusiob": 0, 
  "iob": 0.11571664213111113, 
  "activity": 0.0013360317460317454
}