{
  "bolusiob": 0, 
  "iob": 0.1777355405354167, 
  "activity": 0.001872760141093474
}