{
  "bolusiob": 0, 
  "iob": 0.02676721596145833, 
  "activity": 0.0008044532627865958
}