{
  "bolusiob": 0, 
  "iob": 0.01598117909180554, 
  "activity": 0.0007078218694885358
}