{
  "bolusiob": 0, 
  "iob": -0.05176479576430559, 
  "activity": -0.002162028218694885
}