{
  "bolusiob": 0, 
  "iob": -0.0860239883257778, 
  "activity": 0.00036291005291005273
}