{
  "bolusiob": 0, 
  "iob": -0.028952047427515309, 
  "activity": -0.00044038827160493835
}