{
  "bolusiob": 0, 
  "iob": 0.1626006440894445, 
  "activity": 0.003699902998236331
}