{
  "bolusiob": 0, 
  "iob": -0.0987343342690278, 
  "activity": 3.133156966490285e-05
}