{
  "bolusiob": 0, 
  "iob": 0.043147087658888895, 
  "activity": 0.0017009700176366842
}