{
  "bolusiob": 0, 
  "iob": 0.26005199485222225, 
  "activity": 0.010064435626102288
}