{
  "bolusiob": 0, 
  "iob": 0.3125058227620834, 
  "activity": 0.0015724955908289237
}