{
  "bolusiob": 0, 
  "iob": -0.010536338097222235, 
  "activity": -0.0011436860670194005
}