{
  "bolusiob": 0, 
  "iob": -0.05161230714666664, 
  "activity": -0.00039666666666666626
}