{
  "bolusiob": 0, 
  "iob": 0.1069613373465131, 
  "activity": -0.0027527070370370376
}