{
  "bolusiob": 0.6314846534577779, 
  "iob": 1.3254376579862732, 
  "activity": 0.02991664922398587
}