{
  "bolusiob": 0.39232516512, 
  "iob": 0.5942554409977778, 
  "activity": 0.0029630864197530858
}