{
  "bolusiob": 0, 
  "iob": 0.07117976361000003, 
  "activity": 0.0026993827160493827
}