{
  "bolusiob": 0, 
  "iob": -0.3611666874187805, 
  "activity": -0.007507460229276895
}