{
  "bolusiob": 0, 
  "iob": -0.5028444470256944, 
  "activity": -0.0017082627865961204
}