{
  "bolusiob": 0, 
  "iob": 0.27495195137111117, 
  "activity": 0.006296895943562609
}