{
  "bolusiob": 0, 
  "iob": -0.03126210192833333, 
  "activity": -0.0012529982363315695
}