{
  "bolusiob": 0, 
  "iob": 0.0829214766882271, 
  "activity": -0.0007720459435626096
}