{
  "bolusiob": 0, 
  "iob": 0.10460671419351755, 
  "activity": -0.0006614989241622576
}