{
  "bolusiob": 0, 
  "iob": -0.05249976509833333, 
  "activity": 0.00037835978835978846
}