{
  "bolusiob": 0, 
  "iob": 0.23719150810791995, 
  "activity": 0.0008008643209876543
}