{
  "bolusiob": 0, 
  "iob": 0.351162476985, 
  "activity": 0.004149991181657847
}