{
  "bolusiob": 0, 
  "iob": 0.672969278717823, 
  "activity": 0.008508485502645501
}