{
  "bolusiob": 0, 
  "iob": -0.21012506338041667, 
  "activity": -0.0005372310405643737
}