{
  "bolusiob": 0, 
  "iob": -0.1881531507265563, 
  "activity": 0.0007494531746031748
}