{
  "bolusiob": 0, 
  "iob": -0.08946219657111112, 
  "activity": -0.0010382186948853615
}