{
  "bolusiob": 0, 
  "iob": 0.31386004002444445, 
  "activity": 0.004408024691358024
}