{
  "bolusiob": 0, 
  "iob": -0.022520425835555573, 
  "activity": -0.001339188712522046
}