{
  "bolusiob": 0, 
  "iob": 0.06052484682483674, 
  "activity": -0.0014547532098765428
}