{
  "bolusiob": 0, 
  "iob": 0.0010595553492104177, 
  "activity": 0.00010652548500881826
}