{
  "bolusiob": 0, 
  "iob": -0.0904534337816667, 
  "activity": -0.0023091181657848322
}