{
  "bolusiob": 0, 
  "iob": 0.06321750890180557, 
  "activity": -0.0011378395061728388
}