{
  "bolusiob": 0, 
  "iob": 0.03655598233036677, 
  "activity": 0.001397075220458551
}