{
  "bolusiob": 0, 
  "iob": 0.0015264320837499957, 
  "activity": 0.00020330687830687826
}