{
  "bolusiob": 0, 
  "iob": 0.8996584028533334, 
  "activity": 0.015708289241622573
}