{
  "bolusiob": 0, 
  "iob": 0.2851062239498125, 
  "activity": 0.0030975396825396817
}