{
  "bolusiob": 0, 
  "iob": 0.3491514294296922, 
  "activity": 0.007805106102292769
}