{
  "bolusiob": 0, 
  "iob": 0.6412343716266666, 
  "activity": 0.009736613756613754
}