{
  "bolusiob": 4.235809409742222, 
  "iob": 5.514962225984918, 
  "activity": 0.027664336860670193
}