{
  "bolusiob": 0.5724304953599999, 
  "iob": 1.9447826086816664, 
  "activity": 0.021299682539682535
}