{
  "bolusiob": 0, 
  "iob": 0.052373175368333344, 
  "activity": 0.001960934744268077
}