{
  "bolusiob": 0, 
  "iob": 0.09600350000222223, 
  "activity": 0.0007158465608465607
}