{
  "bolusiob": -0.00011422890666663578, 
  "iob": 0.7502994105313328, 
  "activity": 0.014451428483245142
}