{
  "bolusiob": 1.927501230648889, 
  "iob": 2.824399921144548, 
  "activity": 0.015911745943562604
}