{
  "bolusiob": 0, 
  "iob": -0.11498198062768056, 
  "activity": -0.004145546737213403
}