{
  "bolusiob": 0, 
  "iob": 0.6074837425977963, 
  "activity": 0.004437231410934744
}