{
  "bolusiob": 2.477983168342222, 
  "iob": 3.6955141942460403, 
  "activity": 0.019058712892416223
}