{
  "bolusiob": 0, 
  "iob": -0.03147354778318761, 
  "activity": -0.0003516757319223994
}