{
  "bolusiob": 0, 
  "iob": -0.08672860915555555, 
  "activity": -0.0005866666666666667
}