{
  "bolusiob": 0, 
  "iob": -0.09992306892268549, 
  "activity": -0.0020944503527336854
}