{
  "bolusiob": 3.767070189511111, 
  "iob": 3.983455146041667, 
  "activity": 0.010251604938271605
}