{
  "bolusiob": 0, 
  "iob": -0.13408506414611107, 
  "activity": -0.0008633333333333327
}