{
  "bolusiob": 0, 
  "iob": -0.12700441836555557, 
  "activity": -0.001142063492063492
}