{
  "bolusiob": 0.12337229166666666, 
  "iob": 0.774810892562834, 
  "activity": 0.014689929700176362
}