{
  "bolusiob": 0, 
  "iob": 0.09163095604444445, 
  "activity": 0.0003646913580246913
}