{
  "bolusiob": 2.0821262435555554, 
  "iob": 3.4624869093859134, 
  "activity": 0.023760753527336857
}