{
  "bolusiob": 0, 
  "iob": 0.036831619886666674, 
  "activity": 0.0007823985890652557
}