{
  "bolusiob": 0, 
  "iob": 0.6669885476857675, 
  "activity": 0.0067690882186948855
}