{
  "bolusiob": 0, 
  "iob": -0.07399474764500001, 
  "activity": -0.004018236331569664
}