{
  "bolusiob": 0, 
  "iob": 0.8108729033033334, 
  "activity": 0.01987410934744268
}