{
  "bolusiob": 0, 
  "iob": 0.17893580350472646, 
  "activity": 0.0006593123633156965
}