{
  "bolusiob": 0, 
  "iob": 0.09089813915596025, 
  "activity": 0.0017771425925925922
}