{
  "bolusiob": 0, 
  "iob": -0.08773882693833336, 
  "activity": 0.00023017636684303334
}