{
  "bolusiob": 0.5044336164800001, 
  "iob": 1.360863194184655, 
  "activity": 0.011769069223985887
}