{
  "bolusiob": 0, 
  "iob": 0.017053998300555546, 
  "activity": -1.0352733686067126e-05
}