{
  "bolusiob": 0, 
  "iob": 0.30322977018567976, 
  "activity": 0.0030489772663139323
}