{
  "bolusiob": 0, 
  "iob": -0.2938781578051505, 
  "activity": -0.002852962874779541
}