{
  "bolusiob": 2.0218676076844444, 
  "iob": 3.113988817141111, 
  "activity": 0.025042857142857138
}