{
  "bolusiob": 0, 
  "iob": 0.1558535662427778, 
  "activity": 0.0021073809523809526
}