{
  "bolusiob": 0, 
  "iob": -0.23405381805791667, 
  "activity": -0.0005861640211640211
}