{
  "bolusiob": 0, 
  "iob": -0.16313104318679153, 
  "activity": -0.003125458465608465
}