{
  "bolusiob": 0, 
  "iob": -0.6098536852705033, 
  "activity": -0.004887927813051147
}