{
  "bolusiob": 0, 
  "iob": -0.1769452747816667, 
  "activity": -0.0023891181657848324
}