{
  "bolusiob": 0, 
  "iob": 0.13098206842527738, 
  "activity": -0.0012753173721340384
}