{
  "bolusiob": 0, 
  "iob": -0.10360254540666666, 
  "activity": -0.00020359788359788369
}