{
  "bolusiob": 0, 
  "iob": -0.10422070052465351, 
  "activity": -0.0025927158024691348
}