{
  "bolusiob": 0, 
  "iob": -0.3273511211653334, 
  "activity": -0.0018337389770723106
}