{
  "bolusiob": 0, 
  "iob": 0.09904077090722221, 
  "activity": -0.0008300176366843032
}