{
  "bolusiob": 0, 
  "iob": 0.13648698927, 
  "activity": 0.0001573544973544975
}