{
  "bolusiob": 0, 
  "iob": 1.4496290695333336, 
  "activity": 0.04396119929453263
}