{
  "bolusiob": 0, 
  "iob": 0.13024072517000002, 
  "activity": -0.0009722751322751322
}