{
  "bolusiob": 0.9348948426666666, 
  "iob": 1.1279269506666667, 
  "activity": 0.004637037037037036
}