{
  "bolusiob": 0, 
  "iob": 0.6385997265409722, 
  "activity": 0.01091701058201058
}