{
  "bolusiob": 0, 
  "iob": 0.21944972386277778, 
  "activity": 0.004762416225749559
}