{
  "bolusiob": 0, 
  "iob": 0.2686640226443224, 
  "activity": 0.003212557425044091
}