{
  "bolusiob": 0, 
  "iob": -0.18483203748069443, 
  "activity": 0.002813095238095238
}