{
  "bolusiob": 0.005804001493333289, 
  "iob": 0.751667389985, 
  "activity": 0.016218835978835975
}