{
  "bolusiob": 0, 
  "iob": 0.9002636446314857, 
  "activity": 0.011407178412698412
}