{
  "bolusiob": 0, 
  "iob": 0.018987451056805528, 
  "activity": -0.0003993209876543208
}