{
  "bolusiob": 0, 
  "iob": 0.020096443166666655, 
  "activity": -0.0005107760141093474
}