{
  "bolusiob": 0, 
  "iob": 0.17796552158666623, 
  "activity": 0.012410229276895939
}