{
  "bolusiob": 0, 
  "iob": 0.07832837975444445, 
  "activity": -0.0003926984126984126
}