{
  "bolusiob": 1.3122861142222222, 
  "iob": 2.3198563170522224, 
  "activity": 0.017017195767195761
}