{
  "bolusiob": 0.20132099268, 
  "iob": 1.005283404818333, 
  "activity": 0.018880776014109344
}