{
  "bolusiob": 0, 
  "iob": 0.05215229576166666, 
  "activity": 0.0007493298059964727
}