{
  "bolusiob": 0, 
  "iob": 0.19919139885111117, 
  "activity": 0.007356102292768957
}