{
  "bolusiob": 0, 
  "iob": 0.2781119716177778, 
  "activity": 0.003319541446208112
}