{
  "bolusiob": 0, 
  "iob": -0.5679871471765279, 
  "activity": -0.002686111111111112
}