{
  "bolusiob": 0, 
  "iob": -0.13643045328944448, 
  "activity": 0.00042940035273368615
}