{
  "bolusiob": 0, 
  "iob": 0.09544813829222223, 
  "activity": 0.001698306878306878
}