{
  "bolusiob": 0, 
  "iob": 0.3188382366666667, 
  "activity": 0.008483245149911816
}