{
  "bolusiob": 0, 
  "iob": 0.1039502807188889, 
  "activity": 0.0016884303350970012
}