{
  "bolusiob": 0, 
  "iob": 0.5813268369761122, 
  "activity": 0.005255432328042328
}