{
  "bolusiob": 0.00016643135999980797, 
  "iob": 1.0884967073077783, 
  "activity": 0.023665943562610228
}