{
  "bolusiob": 0, 
  "iob": 0.12073919199476979, 
  "activity": 0.005142168694885361
}