{
  "bolusiob": 0, 
  "iob": 0.12022735414111085, 
  "activity": 0.002909611816578483
}