{
  "bolusiob": 0, 
  "iob": 0.22288528212526706, 
  "activity": 0.001881234479717813
}