{
  "bolusiob": 0, 
  "iob": -0.42899944343633334, 
  "activity": -0.0031708465608465608
}