{
  "bolusiob": 0, 
  "iob": 0.29529701481083337, 
  "activity": 0.002274285714285714
}