{
  "bolusiob": 0, 
  "iob": 0.21931879295333334, 
  "activity": 0.0016199118165784831
}