{
  "bolusiob": 0, 
  "iob": -0.6194106769731944, 
  "activity": -0.005599885361552028
}