{
  "bolusiob": 0, 
  "iob": -0.16137396226333334, 
  "activity": -0.0018992945326278654
}