{
  "bolusiob": 5.72828087432889, 
  "iob": 7.7933175367322205, 
  "activity": 0.04300416225749558
}