{
  "bolusiob": 0, 
  "iob": 0.6651128844715606, 
  "activity": 0.006461929823633157
}