{
  "bolusiob": 0, 
  "iob": -0.49192866161786114, 
  "activity": -0.0037141181657848322
}