{
  "bolusiob": 0, 
  "iob": -0.14165366316708333, 
  "activity": -0.002801825396825397
}