{
  "bolusiob": 0, 
  "iob": 1.5248780014029695, 
  "activity": 0.03348984137566137
}