{
  "bolusiob": 0, 
  "iob": 0.9196001312347222, 
  "activity": 0.01669626984126984
}