{
  "bolusiob": 0, 
  "iob": 0.21726349633499986, 
  "activity": 0.00884902116402116
}