{
  "bolusiob": 0, 
  "iob": -0.663431198580901, 
  "activity": -0.007688950740740739
}