{
  "bolusiob": 0, 
  "iob": 0.22774712980555561, 
  "activity": 0.0015639858906525573
}