{
  "bolusiob": 0, 
  "iob": 0.372328863971111, 
  "activity": 0.008560246913580241
}