{
  "bolusiob": 0, 
  "iob": 0.1582861804417947, 
  "activity": 0.0014417104938271603
}