{
  "bolusiob": 0, 
  "iob": 0.12679320123560042, 
  "activity": 0.0025328746913580243
}