{
  "bolusiob": 0, 
  "iob": -0.04238094592063195, 
  "activity": -0.0007893783068783064
}