{
  "bolusiob": 0, 
  "iob": 0.09695106515111093, 
  "activity": 0.003702469135802468
}