{
  "bolusiob": 0, 
  "iob": -0.3121491054880267, 
  "activity": -0.003081005414462081
}