{
  "bolusiob": 0.8259947941333333, 
  "iob": 2.174576454704445, 
  "activity": 0.025079365079365076
}