{
  "bolusiob": 0, 
  "iob": 0.1316327611642666, 
  "activity": 0.0018764727865961195
}