{
  "bolusiob": 0, 
  "iob": 0.08018877838444435, 
  "activity": 0.0035597707231040544
}