{
  "bolusiob": 0.054996853626666675, 
  "iob": 0.6623506909477778, 
  "activity": 0.00847111111111111
}