{
  "bolusiob": 0, 
  "iob": 0.2346608819888889, 
  "activity": 0.0015155114638447972
}