{
  "bolusiob": 0.1916536826666667, 
  "iob": 1.5514130292793058, 
  "activity": 0.02002739858906525
}