{
  "bolusiob": 0, 
  "iob": 0.23181538678619448, 
  "activity": 0.004135123456790123
}