{
  "bolusiob": 0, 
  "iob": 0.18840404289555557, 
  "activity": 0.005468183421516753
}