{
  "bolusiob": 0, 
  "iob": 0.2630965369961869, 
  "activity": 0.002820608289241622
}