{
  "bolusiob": 0, 
  "iob": 0.8786128444182841, 
  "activity": 0.012924859400352725
}