{
  "bolusiob": 0, 
  "iob": 0.05066699821277777, 
  "activity": -0.0018644885361552026
}