{
  "bolusiob": 0.11707364239999965, 
  "iob": 2.0298174858199998, 
  "activity": 0.043788888888888884
}