{
  "bolusiob": 0, 
  "iob": 0.1540508368911111, 
  "activity": 0.0036150970017636676
}