{
  "bolusiob": 0.6063528099200001, 
  "iob": 1.6744569233155557, 
  "activity": 0.012977848324514991
}