{
  "bolusiob": 0, 
  "iob": -0.5958452411209723, 
  "activity": -0.007593227513227509
}