{
  "bolusiob": 0, 
  "iob": -0.10959004244463888, 
  "activity": -0.001209250440917107
}