{
  "bolusiob": 0, 
  "iob": 0.14644516890776976, 
  "activity": 0.005644814197530864
}