{
  "bolusiob": 0, 
  "iob": 0.6995623748266667, 
  "activity": 0.011264656084656082
}