{
  "bolusiob": 0, 
  "iob": -0.35740662686555563, 
  "activity": -0.005067301587301587
}