{
  "bolusiob": 0.37424211861333334, 
  "iob": 1.2058084321422224, 
  "activity": 0.01489587301587301
}