{
  "bolusiob": 0, 
  "iob": 0.28572999532378546, 
  "activity": 0.004134559329805996
}