{
  "bolusiob": 0, 
  "iob": 0.047714870791669285, 
  "activity": -0.001802433950617284
}