{
  "bolusiob": 0, 
  "iob": 0.4687697751663242, 
  "activity": 0.004802477901234568
}