{
  "bolusiob": 0, 
  "iob": -0.6571640832372223, 
  "activity": -0.00530557319223986
}