{
  "bolusiob": 0.1358814703333333, 
  "iob": 1.9452673096319422, 
  "activity": 0.03880864171075837
}