{
  "bolusiob": 0, 
  "iob": -0.07683338533555553, 
  "activity": 0.0015775661375661378
}