{
  "bolusiob": 0, 
  "iob": -0.0980495301888889, 
  "activity": -0.0001791358024691358
}