{
  "bolusiob": 0, 
  "iob": 0.1269738205689435, 
  "activity": 0.0009226103174603172
}