{
  "bolusiob": 0, 
  "iob": 0.8781566529037501, 
  "activity": 0.011442354497354496
}