{
  "bolusiob": 0, 
  "iob": -0.4923984539856946, 
  "activity": -0.005670537918871252
}