{
  "bolusiob": 0.6824136497466669, 
  "iob": 2.8569042133555564, 
  "activity": 0.03749640211640211
}