{
  "bolusiob": 0, 
  "iob": 0.34380681700149823, 
  "activity": 0.008445105943562608
}