{
  "bolusiob": 0, 
  "iob": -0.14146108523444445, 
  "activity": -0.00048029100529100514
}