{
  "bolusiob": 0, 
  "iob": 0.3776175091437524, 
  "activity": 0.003566825379188712
}