{
  "bolusiob": 0, 
  "iob": 0.5055316044094549, 
  "activity": 0.007215096913580246
}