{
  "bolusiob": 0, 
  "iob": -0.16511700880722224, 
  "activity": -0.004371164021164021
}