{
  "bolusiob": 4.5835835010488895, 
  "iob": 5.662178112222035, 
  "activity": 0.02485210758377424
}