{
  "bolusiob": 0, 
  "iob": -0.0005631181809722455, 
  "activity": -0.0026945590828924156
}