{
  "bolusiob": 0, 
  "iob": -0.11394674355722223, 
  "activity": -0.0024943033509700176
}