{
  "bolusiob": 0, 
  "iob": -0.08726852374444444, 
  "activity": -0.000549753086419753
}