{
  "bolusiob": 0, 
  "iob": -0.05057940389902779, 
  "activity": 0.0005497971781305113
}