{
  "bolusiob": 0, 
  "iob": 0.09241792594966666, 
  "activity": 0.0016574955908289233
}