{
  "bolusiob": 1.01329706752, 
  "iob": 2.036011886026263, 
  "activity": 0.016985414373897712
}