{
  "bolusiob": 0, 
  "iob": 0.069726867275, 
  "activity": -0.0005903174603174596
}