{
  "bolusiob": 0, 
  "iob": 0.28146552594458335, 
  "activity": 0.0036253439153439153
}