{
  "bolusiob": 0, 
  "iob": 0.07034606698525914, 
  "activity": 0.002391084391534391
}