{
  "bolusiob": 0, 
  "iob": 0.20110347333, 
  "activity": 0.0043974603174603165
}