{
  "bolusiob": 0, 
  "iob": 0.04953079667375001, 
  "activity": 0.00024769841269841247
}