{
  "bolusiob": 0, 
  "iob": 0.10926556831184106, 
  "activity": -9.332439153439149e-05
}