{
  "bolusiob": 0, 
  "iob": 0.3746413722043056, 
  "activity": 0.006783994708994707
}