{
  "bolusiob": 0, 
  "iob": 0.2069160386493003, 
  "activity": 0.006081084391534391
}