{
  "bolusiob": 0, 
  "iob": 0.1673646347677778, 
  "activity": 0.0031125220458553785
}