{
  "bolusiob": 0, 
  "iob": 0.5183848414791112, 
  "activity": 0.00338015873015873
}