{
  "bolusiob": 0, 
  "iob": 0.23144478665205095, 
  "activity": 0.0027274252380952374
}