{
  "bolusiob": 0, 
  "iob": 0.03860000930875001, 
  "activity": 0.0009302910052910052
}