{
  "bolusiob": 0, 
  "iob": 0.25983663140222224, 
  "activity": 0.0018749735449735449
}