{
  "bolusiob": 0, 
  "iob": 0.7264011684416172, 
  "activity": 0.00935018504409171
}