{
  "bolusiob": 0, 
  "iob": 0.11967943883972222, 
  "activity": 0.002077522045855379
}