{
  "bolusiob": 0, 
  "iob": -0.12400601324000002, 
  "activity": -0.0010088888888888888
}