{
  "bolusiob": 0.40958079552, 
  "iob": 1.6510748338597072, 
  "activity": 0.020956137477954148
}