{
  "bolusiob": 0, 
  "iob": -0.15331346597958334, 
  "activity": -0.00010828924162257516
}