{
  "bolusiob": 0, 
  "iob": -0.33336546065811185, 
  "activity": -0.0008465256613756625
}