{
  "bolusiob": 0, 
  "iob": 0.2891344249797162, 
  "activity": -0.0025535534215167543
}