{
  "bolusiob": 2.473241210542222, 
  "iob": 2.636263133968889, 
  "activity": 0.005637283950617283
}