{
  "bolusiob": 0, 
  "iob": 0.4028737172988888, 
  "activity": 0.009226190476190473
}