{
  "bolusiob": 0, 
  "iob": 0.30247218513930557, 
  "activity": 0.002918386243386243
}