{
  "bolusiob": 0.59453860208, 
  "iob": 1.2413659565387423, 
  "activity": 0.011501252028218695
}