{
  "bolusiob": 0, 
  "iob": -0.04449146452013889, 
  "activity": 0.0008353174603174605
}