{
  "bolusiob": 0, 
  "iob": 0.582888939980889, 
  "activity": 0.0027495061728395062
}