{
  "bolusiob": 0, 
  "iob": -0.14171578466625004, 
  "activity": 0.001436816578483243
}