{
  "bolusiob": 0, 
  "iob": 0.6850638086416667, 
  "activity": 0.008384003527336861
}