{
  "bolusiob": 0, 
  "iob": -0.13351202057333333, 
  "activity": -0.0007874074074074073
}