{
  "bolusiob": 0, 
  "iob": 0.48446843851328514, 
  "activity": 0.0040176546913580245
}