{
  "bolusiob": 0.02001912981333334, 
  "iob": 1.180305486203889, 
  "activity": 0.01797917107583774
}