{
  "bolusiob": 0, 
  "iob": -0.29421962626811116, 
  "activity": -0.0012689417989417994
}