{
  "bolusiob": 0, 
  "iob": 0.23652648005570764, 
  "activity": 0.001806852098765432
}