{
  "bolusiob": 0, 
  "iob": 1.0870932734907854, 
  "activity": 0.018498315820105818
}