{
  "bolusiob": 0, 
  "iob": 0.2536302417616665, 
  "activity": 0.004396402116402113
}