{
  "bolusiob": 0, 
  "iob": -0.00950538144, 
  "activity": -0.0006433862433862434
}