{
  "bolusiob": 0, 
  "iob": -0.29366333476111106, 
  "activity": -0.0010601940035273366
}