{
  "bolusiob": 0, 
  "iob": -0.13440130611588955, 
  "activity": 0.001099153350970018
}