{
  "bolusiob": 0, 
  "iob": -0.3586849034116666, 
  "activity": 0.00471664021164021
}