{
  "bolusiob": 0, 
  "iob": 0.6332542844635738, 
  "activity": 0.004847090317460318
}