{
  "bolusiob": 0, 
  "iob": 0.3448379658097776, 
  "activity": 0.008725061728395054
}