{
  "bolusiob": 0.016305776439999996, 
  "iob": 0.7945042729284721, 
  "activity": 0.007787028218694885
}