{
  "bolusiob": 0, 
  "iob": -0.17588802880744153, 
  "activity": -0.0019636771604938266
}