{
  "bolusiob": 2.8223850512000004, 
  "iob": 2.957489846253139, 
  "activity": 0.005691878306878305
}