{
  "bolusiob": 0, 
  "iob": 0.12180779626999999, 
  "activity": -7.555555555555481e-05
}