{
  "bolusiob": 0, 
  "iob": -0.27541508603577775, 
  "activity": 0.0010311287477954144
}