{
  "bolusiob": 0.10712393657333334, 
  "iob": 0.9567961040155556, 
  "activity": 0.01667756613756614
}