{
  "bolusiob": 0, 
  "iob": -0.031285325865848618, 
  "activity": 0.00075643712522045813
}