{
  "bolusiob": 0, 
  "iob": 0.38152876898892363, 
  "activity": 0.003390326278659612
}