{
  "bolusiob": 0, 
  "iob": -0.04420440041777764, 
  "activity": 0.0018173192239858884
}