{
  "bolusiob": 0, 
  "iob": -0.6085808567070834, 
  "activity": -0.00706621693121693
}