{
  "bolusiob": 0, 
  "iob": -0.11298737747158331, 
  "activity": 0.00012664021164021118
}