{
  "bolusiob": 0, 
  "iob": 0.6451427105333334, 
  "activity": 0.002717283950617284
}