{
  "bolusiob": 0, 
  "iob": 0.7992684521552612, 
  "activity": 0.021569841005291
}