{
  "bolusiob": 0, 
  "iob": -0.49624358230444443, 
  "activity": -0.005144673721340387
}