{
  "bolusiob": 0, 
  "iob": 0.04746881585041672, 
  "activity": 0.0020120282186948855
}