{
  "bolusiob": 0, 
  "iob": 0.1654960458254614, 
  "activity": 0.0015224865079365075
}