{
  "bolusiob": 0, 
  "iob": -0.2297577026979167, 
  "activity": -0.0008590035273368606
}