{
  "bolusiob": 0, 
  "iob": 0.07735141182809374, 
  "activity": 0.002438571622574955
}