{
  "bolusiob": 3.8605382095644445, 
  "iob": 4.083868734945, 
  "activity": 0.007620246913580246
}