{
  "bolusiob": 0, 
  "iob": 0.08316382182611105, 
  "activity": 0.0027693121693121675
}