{
  "bolusiob": 0, 
  "iob": 0.2509175075567014, 
  "activity": 0.003824294532627865
}