{
  "bolusiob": 0, 
  "iob": 0.5213996074478889, 
  "activity": 0.0039566666666666665
}