{
  "bolusiob": 0, 
  "iob": 0.0168606678666667, 
  "activity": 0.0032394885361552023
}