{
  "bolusiob": 0.014752555839999994, 
  "iob": 0.7550029599178627, 
  "activity": 0.01850643730158729
}