{
  "bolusiob": 0, 
  "iob": -0.1762891733988889, 
  "activity": -0.00200716049382716
}