{
  "bolusiob": 0.07922481264000004, 
  "iob": 0.8189784822622224, 
  "activity": 0.01273654320987654
}