{
  "bolusiob": 0, 
  "iob": -0.11640816472000001, 
  "activity": -0.0009903703703703702
}