{
  "bolusiob": 0, 
  "iob": 0.006055289679999798, 
  "activity": 0.007586349206349204
}