{
  "bolusiob": 0.022478402906666674, 
  "iob": 1.2558147011733334, 
  "activity": 0.023434479717813043
}