{
  "bolusiob": 0, 
  "iob": 0.715020823227446, 
  "activity": 0.007437419929453262
}