{
  "bolusiob": 0, 
  "iob": 0.27303229137777785, 
  "activity": 0.004789488536155203
}