{
  "bolusiob": 0, 
  "iob": 0.27886109096052125, 
  "activity": -0.001019585661375662
}