{
  "bolusiob": 0, 
  "iob": -0.08907403881388892, 
  "activity": -0.0014293650793650798
}