{
  "bolusiob": 0, 
  "iob": 0.12988620467305556, 
  "activity": 0.0023508818342151674
}