{
  "bolusiob": 0, 
  "iob": 0.04414615837611112, 
  "activity": 0.0004777777777777779
}