{
  "bolusiob": 0, 
  "iob": -0.1533383739938889, 
  "activity": -0.0031481393298059953
}