{
  "bolusiob": 0, 
  "iob": 0.3084520319700588, 
  "activity": 0.003985917231040564
}