{
  "bolusiob": 0, 
  "iob": -0.3986852383422688, 
  "activity": -0.0039354586772486775
}