{
  "bolusiob": 0, 
  "iob": 0.3449537550285027, 
  "activity": 0.0038410404761904755
}