{
  "bolusiob": 0, 
  "iob": -0.18563700473, 
  "activity": -0.0007810758377425041
}