{
  "bolusiob": 0, 
  "iob": -0.09712647329402778, 
  "activity": -0.00022390652557319237
}