{
  "bolusiob": 0.5904035311999999, 
  "iob": 1.4803514338422223, 
  "activity": 0.02025797178130511
}