{
  "bolusiob": 0, 
  "iob": 0.2896337547077778, 
  "activity": 0.0031792768959435624
}