{
  "bolusiob": 0, 
  "iob": -0.19154456185291666, 
  "activity": -0.0009373368606701938
}