{
  "bolusiob": 0, 
  "iob": -0.060275697069877766, 
  "activity": 0.006925326278659611
}