{
  "bolusiob": 0, 
  "iob": 0.05986260333458333, 
  "activity": -0.0011198677248677247
}