{
  "bolusiob": 0, 
  "iob": 0.15235212644670265, 
  "activity": 0.0026331216049382713
}