{
  "bolusiob": 1.5542803440000001, 
  "iob": 2.7317569943472226, 
  "activity": 0.020761957671957664
}