{
  "bolusiob": 0, 
  "iob": 0.2039348471438889, 
  "activity": 0.0024876895943562608
}