{
  "bolusiob": 0.18342581759999987, 
  "iob": 1.580597206681111, 
  "activity": 0.03615843033509699
}