{
  "bolusiob": 0, 
  "iob": 0.3251424411616668, 
  "activity": 0.0029138977072310397
}