{
  "bolusiob": 0, 
  "iob": 0.47272849636444453, 
  "activity": 0.012132028218694883
}