{
  "bolusiob": 1.179336656711111, 
  "iob": 2.238477112427778, 
  "activity": 0.026475661375661368
}