{
  "bolusiob": 0, 
  "iob": 0.07235056126333334, 
  "activity": 0.00141358024691358
}