{
  "bolusiob": 0, 
  "iob": -0.3259555697954166, 
  "activity": -0.0023230070546737206
}