{
  "bolusiob": 0, 
  "iob": 0.10068372935166667, 
  "activity": 0.0023394356261022924
}