{
  "bolusiob": 0, 
  "iob": 0.11235142145444446, 
  "activity": 0.0024571252204585534
}