{
  "bolusiob": 0, 
  "iob": 0.8051075332572224, 
  "activity": 0.02143888007054673
}