{
  "bolusiob": 0.26828404128, 
  "iob": 1.100001610910556, 
  "activity": 0.019098430335097
}