{
  "bolusiob": 0, 
  "iob": 0.13785385983555556, 
  "activity": 0.0015542680776014107
}