{
  "bolusiob": 0, 
  "iob": -0.010302320842680547, 
  "activity": -0.0011079100529100526
}