{
  "bolusiob": 0, 
  "iob": 0.08979811921812503, 
  "activity": 0.002950925925925926
}