{
  "bolusiob": 0, 
  "iob": -0.16413720126055556, 
  "activity": -0.002036269841269841
}