{
  "bolusiob": 0, 
  "iob": 0.22021577482725702, 
  "activity": 0.004026428571428571
}