{
  "bolusiob": 0, 
  "iob": 0.1941619310245925, 
  "activity": 0.0037145940917107582
}