{
  "bolusiob": 0, 
  "iob": 0.5051426426968082, 
  "activity": 0.005876358183421517
}