{
  "bolusiob": 0, 
  "iob": -0.09676942839028974, 
  "activity": 0.0027883595238095225
}