{
  "bolusiob": 0, 
  "iob": 0.36671856198444436, 
  "activity": 0.006665802469135801
}