{
  "bolusiob": 0, 
  "iob": 0.059214057193666694, 
  "activity": 0.0008196649029982362
}