{
  "bolusiob": 0, 
  "iob": 0.7090367545779341, 
  "activity": 0.018291362874779542
}