{
  "bolusiob": 0, 
  "iob": -0.048906107637348234, 
  "activity": -0.0025258993827160497
}