{
  "bolusiob": 0, 
  "iob": 0.039507586356333335, 
  "activity": 0.0015096119929453263
}