{
  "bolusiob": 0, 
  "iob": 0.23333838404805557, 
  "activity": 0.002388359788359788
}