{
  "bolusiob": 0, 
  "iob": -0.05750754329777778, 
  "activity": -0.00013056437389770723
}