{
  "bolusiob": 0, 
  "iob": 0.6790515149044444, 
  "activity": 0.003252222222222222
}