{
  "bolusiob": 0, 
  "iob": 0.17251614225611112, 
  "activity": 0.0024553262786596113
}