{
  "bolusiob": 0, 
  "iob": 0.8376878099100002, 
  "activity": 0.026798536155202824
}