{
  "bolusiob": 0, 
  "iob": -0.16941254214260376, 
  "activity": 0.0009367990299823635
}