{
  "bolusiob": 0, 
  "iob": 0.2853851992188889, 
  "activity": 0.007192416225749557
}