{
  "bolusiob": 0, 
  "iob": 0.1539082536955556, 
  "activity": 0.0012700617283950618
}