{
  "bolusiob": 0.08989055263999995, 
  "iob": 0.6971955497377779, 
  "activity": 0.008474074074074071
}