{
  "bolusiob": 0, 
  "iob": 0.5731253669688889, 
  "activity": 0.007100776014109347
}