{
  "bolusiob": 0, 
  "iob": 0.14020168533333333, 
  "activity": 0.0005481481481481481
}