{
  "bolusiob": 0, 
  "iob": 0.6815179104211728, 
  "activity": 0.004921525943562609
}