{
  "bolusiob": 0, 
  "iob": 0.36193538820222226, 
  "activity": 0.0016453086419753087
}