{
  "bolusiob": 0, 
  "iob": -0.16225527292333336, 
  "activity": -0.0021554761904761903
}