{
  "bolusiob": 0.9811013688888889, 
  "iob": 1.1231392344188889, 
  "activity": 0.0021931922398589067
}