{
  "bolusiob": 0, 
  "iob": 0.587660049725501, 
  "activity": 0.00976388901234568
}