{
  "bolusiob": 0, 
  "iob": 0.48521154904799996, 
  "activity": 0.0031283421516754843
}