{
  "bolusiob": 0.18283450261333345, 
  "iob": 0.9540758056994445, 
  "activity": 0.01560805996472663
}