{
  "bolusiob": 0, 
  "iob": 0.06152823375718627, 
  "activity": -0.0009817988536155197
}