{
  "bolusiob": 0, 
  "iob": 0.2778051153818056, 
  "activity": 0.002515978835978836
}