{
  "bolusiob": 0, 
  "iob": 0.36610949733541914, 
  "activity": 0.004327839241622574
}