{
  "bolusiob": 0, 
  "iob": 0.06930679561944446, 
  "activity": 0.0020693474426807766
}