{
  "bolusiob": 0, 
  "iob": 0.1359302589995607, 
  "activity": 0.0026900794532627873
}