{
  "bolusiob": 0, 
  "iob": 0.6545003249567423, 
  "activity": 0.0073167668606701946
}