{
  "bolusiob": 0, 
  "iob": 0.4585464862420834, 
  "activity": 0.007318298059964727
}