{
  "bolusiob": 0, 
  "iob": -0.3643074440677779, 
  "activity": -0.00547626102292769
}