{
  "bolusiob": 0.004380338666666595, 
  "iob": 1.3135234958316668, 
  "activity": 0.033524038800705466
}