{
  "bolusiob": 0.20328371718666624, 
  "iob": 3.7717274545744446, 
  "activity": 0.07660807760141092
}