{
  "bolusiob": 0, 
  "iob": 0.4900382134096415, 
  "activity": 0.0036243383597883588
}