{
  "bolusiob": 1.1888374698488888, 
  "iob": 1.8966941963009714, 
  "activity": 0.011824841005291
}