{
  "bolusiob": 0, 
  "iob": -0.4689588902213889, 
  "activity": -0.0036587566137566132
}