{
  "bolusiob": 0, 
  "iob": 0.21059654992119442, 
  "activity": 0.004243500881834215
}