{
  "bolusiob": 0, 
  "iob": 0.7422651693826389, 
  "activity": 0.00725827160493827
}