{
  "bolusiob": 0, 
  "iob": -0.08079647229388887, 
  "activity": -0.00029634920634920623
}