{
  "bolusiob": 0, 
  "iob": 0.530064442009407, 
  "activity": 0.004346728306878307
}