{
  "bolusiob": 2.06941480128, 
  "iob": 2.9197897240572224, 
  "activity": 0.01594432098765432
}