{
  "bolusiob": 0, 
  "iob": 0.2549251104532805, 
  "activity": 0.004311939947089947
}