{
  "bolusiob": 0.014622795999999915, 
  "iob": 0.7862916620400001, 
  "activity": 0.012920846560846558
}