{
  "bolusiob": 0, 
  "iob": 0.03565283541652637, 
  "activity": -0.0004136509700176362
}