{
  "bolusiob": 2.1950860925155555, 
  "iob": 2.660411844995556, 
  "activity": 0.02543647266313932
}