{
  "bolusiob": 0, 
  "iob": -0.40526129767742936, 
  "activity": -0.006740969929453262
}