{
  "bolusiob": 0, 
  "iob": 0.5077699901654438, 
  "activity": 0.005655061640211638
}