{
  "bolusiob": 0.016237837653333243, 
  "iob": 0.9235522444854168, 
  "activity": 0.01877517636684303
}