{
  "bolusiob": 0, 
  "iob": 0.064202252668, 
  "activity": 0.0018999999999999996
}