{
  "bolusiob": 0, 
  "iob": 0.13925575781333335, 
  "activity": 0.00047358024691358016
}