{
  "bolusiob": 0, 
  "iob": 0.057653149734722235, 
  "activity": 0.00022021164021163988
}