{
  "bolusiob": 0, 
  "iob": -0.25165115554055556, 
  "activity": -0.0034258377425044097
}