{
  "bolusiob": 9.461760000029074e-06, 
  "iob": 1.2233473952899363, 
  "activity": 0.019866516878306886
}