{
  "bolusiob": 0, 
  "iob": -0.1447181582249933, 
  "activity": -0.0021546470546737217
}