{
  "bolusiob": 0, 
  "iob": -0.14384879136111112, 
  "activity": -0.00033313051146384475
}