{
  "bolusiob": 0, 
  "iob": -0.007126863406111104, 
  "activity": 0.000898042328042328
}