{
  "bolusiob": 0, 
  "iob": 0.3879468682231516, 
  "activity": 0.004906781569664903
}