{
  "bolusiob": 0, 
  "iob": 0.4600306315116666, 
  "activity": 0.01638132275132275
}