{
  "bolusiob": 0, 
  "iob": 0.06829524868369688, 
  "activity": 0.0035518202821869477
}