{
  "bolusiob": 0, 
  "iob": -0.4272036512648611, 
  "activity": -0.004701913580246913
}