{
  "bolusiob": 0.39194380192, 
  "iob": 1.5316026289127775, 
  "activity": 0.014708853615520281
}