{
  "bolusiob": 1.1139240345866668, 
  "iob": 4.249104698002694, 
  "activity": 0.052615
}