{
  "bolusiob": 0, 
  "iob": 0.3963101203375072, 
  "activity": 0.003166866596119929
}