{
  "bolusiob": 0, 
  "iob": 0.4096338824, 
  "activity": 0.0034222222222222223
}