{
  "bolusiob": 0.905729711928889, 
  "iob": 1.6923508696614054, 
  "activity": 0.014505105555555555
}