{
  "bolusiob": 0, 
  "iob": 0.04983379226, 
  "activity": 3.444444444444444e-05
}