{
  "bolusiob": 0, 
  "iob": 0.5437019477636694, 
  "activity": 0.013509303262786591
}