{
  "bolusiob": 0, 
  "iob": 0.5260180888134155, 
  "activity": 0.007558342275132275
}