{
  "bolusiob": 0, 
  "iob": 0.5764002267833334, 
  "activity": 0.007714038800705467
}