{
  "bolusiob": 0, 
  "iob": 0.8588339670327777, 
  "activity": 0.013122107583774243
}