{
  "bolusiob": 0.04578822975999993, 
  "iob": 0.8896840024208172, 
  "activity": 0.019698217372134036
}