{
  "bolusiob": 0.02614138727999986, 
  "iob": 1.5448721031044448, 
  "activity": 0.02319985890652557
}