{
  "bolusiob": 0, 
  "iob": 0.8532814127955554, 
  "activity": 0.016398412698412693
}