{
  "bolusiob": 0, 
  "iob": 0.3421826705988889, 
  "activity": 0.00429147266313933
}