{
  "bolusiob": 0, 
  "iob": 0.32575551359888866, 
  "activity": 0.005426243386243377
}