{
  "bolusiob": 0, 
  "iob": 0.6493806389466666, 
  "activity": 0.02272721340388006
}