{
  "bolusiob": 0, 
  "iob": 0.44320505257708365, 
  "activity": 0.004532266666666666
}