{
  "bolusiob": 0, 
  "iob": -0.11472192843049261, 
  "activity": 0.0013598678130511462
}