{
  "bolusiob": 0, 
  "iob": 0.4258895065173215, 
  "activity": 0.005916446366843032
}