{
  "bolusiob": 0, 
  "iob": 0.4570154389546661, 
  "activity": 0.0038080950088183406
}