{
  "bolusiob": 0, 
  "iob": 0.2104807842916667, 
  "activity": 0.0019869929453262786
}