{
  "bolusiob": 1.7541321572933333, 
  "iob": 3.3174405550359718, 
  "activity": 0.028261799506172837
}