{
  "bolusiob": 0, 
  "iob": 0.12086527546796845, 
  "activity": 0.0008407231922398588
}