{
  "bolusiob": 0, 
  "iob": 0.11127184935666667, 
  "activity": 0.0002676455026455027
}