{
  "bolusiob": 0, 
  "iob": 0.6685932616703377, 
  "activity": 0.008793774497354497
}