{
  "bolusiob": 0, 
  "iob": 0.3511607060794445, 
  "activity": 0.0005575837742504412
}