{
  "bolusiob": 0, 
  "iob": 0.5922163810866667, 
  "activity": 0.017296754850088178
}