{
  "bolusiob": 0, 
  "iob": 0.09650218732194445, 
  "activity": 0.0021313756613756613
}