{
  "bolusiob": 0, 
  "iob": 0.2598602764505556, 
  "activity": 0.005985890652557319
}