{
  "bolusiob": 2.915583347893333, 
  "iob": 3.085963335863472, 
  "activity": 0.005217742504409168
}