{
  "bolusiob": 0, 
  "iob": 0.0037231931442104193, 
  "activity": 0.00010652548500881843
}