{
  "bolusiob": 0, 
  "iob": 0.04043784263090279, 
  "activity": 0.001068985890652557
}