{
  "bolusiob": 0.49590224000000005, 
  "iob": 1.7639842826666667, 
  "activity": 0.018229629629629627
}