{
  "bolusiob": 0, 
  "iob": 0.5880843445434496, 
  "activity": 0.00845019365079365
}