{
  "bolusiob": 0, 
  "iob": 0.8777501848241613, 
  "activity": 0.013468677231040562
}