{
  "bolusiob": 0, 
  "iob": 1.182123411701111, 
  "activity": 0.034735396825396815
}