{
  "bolusiob": 0, 
  "iob": 0.1281077219120278, 
  "activity": 0.002339899470899471
}