{
  "bolusiob": 0, 
  "iob": 0.43864175315724124, 
  "activity": 0.007477477936507935
}