{
  "bolusiob": 0, 
  "iob": -0.08955672665111113, 
  "activity": -0.0016362874779541443
}