{
  "bolusiob": 2.0447352999822224, 
  "iob": 2.9039711527174363, 
  "activity": 0.015059259171075836
}