{
  "bolusiob": 0, 
  "iob": 0.10071802460577774, 
  "activity": 0.0019104761904761888
}