{
  "bolusiob": 0, 
  "iob": 6.685558374999178e-05, 
  "activity": 4.457671957671964e-05
}