{
  "bolusiob": 0, 
  "iob": 0.4195223181410816, 
  "activity": 0.005025608377425044
}