{
  "bolusiob": 0, 
  "iob": 0.002739528871666657, 
  "activity": 0.0020289594356261015
}