{
  "bolusiob": 0, 
  "iob": 0.4840188045994033, 
  "activity": 0.008567451622574955
}