{
  "bolusiob": 0, 
  "iob": -0.20986908618277778, 
  "activity": -0.0004998941798941795
}