{
  "bolusiob": 0, 
  "iob": -0.17388130073611116, 
  "activity": -0.0018730687830687833
}