{
  "bolusiob": 0, 
  "iob": -0.06025592153991665, 
  "activity": 0.0007301675485008819
}