{
  "bolusiob": 0, 
  "iob": 0.06504188087791811, 
  "activity": -0.00026735488536155233
}