{
  "bolusiob": 0, 
  "iob": -0.02796561415333334, 
  "activity": 0.0009493827160493828
}