{
  "bolusiob": 0, 
  "iob": -0.02703415832361626, 
  "activity": 0.0007890298941798939
}