{
  "bolusiob": 0, 
  "iob": 0.544419350935, 
  "activity": 0.007280917107583773
}