{
  "bolusiob": 0.935532488, 
  "iob": 2.2509087963944445, 
  "activity": 0.019539682539682537
}