{
  "bolusiob": 0, 
  "iob": -0.057707281429201396, 
  "activity": 0.000164695767195767
}