{
  "bolusiob": 0, 
  "iob": 0.539695476899931, 
  "activity": 0.007355996596119929
}