{
  "bolusiob": 1.1867928731377777, 
  "iob": 3.6956189954931116, 
  "activity": 0.061216578483245146
}