{
  "bolusiob": 0, 
  "iob": -0.20599460407375, 
  "activity": -0.001927619047619047
}