{
  "bolusiob": 0, 
  "iob": 0.1470727999433334, 
  "activity": 0.0003701322751322745
}