{
  "bolusiob": 0, 
  "iob": -0.14278268472986114, 
  "activity": -0.0014408112874779544
}