{
  "bolusiob": 0, 
  "iob": 0.832572544338889, 
  "activity": 0.008099312169312166
}