{
  "bolusiob": 0, 
  "iob": -0.08179518208597222, 
  "activity": -0.0007138007054673723
}