{
  "bolusiob": 0, 
  "iob": -0.7064483503396605, 
  "activity": -0.00797564365079365
}