{
  "bolusiob": 0, 
  "iob": 0.6716483027933335, 
  "activity": 0.017645061728395053
}