{
  "bolusiob": 0, 
  "iob": 0.1354445585242768, 
  "activity": 0.0005596826278659607
}