{
  "bolusiob": 0, 
  "iob": 0.30390932775833335, 
  "activity": 0.00017813051146384475
}