{
  "bolusiob": 0, 
  "iob": 0.6771249543244445, 
  "activity": 0.008351728395061727
}