{
  "bolusiob": 0, 
  "iob": 0.4376469688798661, 
  "activity": 0.003912856913580246
}