{
  "bolusiob": 0, 
  "iob": 0.6897488478533333, 
  "activity": 0.009926455026455025
}