{
  "bolusiob": 0, 
  "iob": 0.19555019033999999, 
  "activity": 0.00039592592592592587
}