{
  "bolusiob": 0, 
  "iob": -0.032962858073515303, 
  "activity": -0.00028165811287477962
}