{
  "bolusiob": 0, 
  "iob": 0.47480495272457196, 
  "activity": 0.004331393791887125
}