{
  "bolusiob": 0, 
  "iob": -0.10548046886221549, 
  "activity": -0.002538809312169312
}