{
  "bolusiob": 0, 
  "iob": 0.031723985681666726, 
  "activity": 0.0038304320987654324
}