{
  "bolusiob": 0, 
  "iob": 0.09220788293509596, 
  "activity": 0.0003243914462081126
}