{
  "bolusiob": 0, 
  "iob": 0.005497312289791657, 
  "activity": 0.0005897266313932978
}