{
  "bolusiob": 0, 
  "iob": 0.7187769643611944, 
  "activity": 0.007377654320987654
}