{
  "bolusiob": 0, 
  "iob": -0.007946549219444453, 
  "activity": -0.0009010582010582012
}