{
  "bolusiob": 0, 
  "iob": -0.17938410862107637, 
  "activity": -0.00108820987654321
}