{
  "bolusiob": 0, 
  "iob": 0.028328393067555573, 
  "activity": 0.0021061728395061724
}