{
  "bolusiob": 0, 
  "iob": 0.17524806749590277, 
  "activity": 0.004068756613756614
}