{
  "bolusiob": 0, 
  "iob": 0.26084074960902215, 
  "activity": -0.0002729716578483245
}