{
  "bolusiob": 0, 
  "iob": -0.17317049240046217, 
  "activity": -0.001719497477954144
}