{
  "bolusiob": 0, 
  "iob": 0.07415738842872081, 
  "activity": -0.00014390352733686089
}