{
  "bolusiob": 0, 
  "iob": 0.09936166910222223, 
  "activity": 9.827160493827159e-05
}