{
  "bolusiob": 0, 
  "iob": 0.06800120655611111, 
  "activity": 5.973544973544986e-05
}