{
  "bolusiob": 0, 
  "iob": 0.6766558252922222, 
  "activity": 0.007616843033509699
}