{
  "bolusiob": 0, 
  "iob": 0.04654339390805554, 
  "activity": 4.211640211640215e-05
}