{
  "bolusiob": 0, 
  "iob": -0.048949183990030246, 
  "activity": -0.0021675220987654314
}