{
  "bolusiob": 0, 
  "iob": 0.11029451517333334, 
  "activity": 0.0012135802469135802
}