{
  "bolusiob": 1.224991277688889, 
  "iob": 1.7367263165278861, 
  "activity": 0.007065689805996472
}