{
  "bolusiob": 0, 
  "iob": -0.2128467823746667, 
  "activity": 0.0018400282186948858
}