{
  "bolusiob": 0, 
  "iob": 0.2517806735429849, 
  "activity": -0.0013655464726631396
}