{
  "bolusiob": 0, 
  "iob": -0.2692954143925, 
  "activity": -0.002655255731922398
}