{
  "bolusiob": 0, 
  "iob": -0.30976490602180556, 
  "activity": -0.0023224250440917102
}