{
  "bolusiob": 0, 
  "iob": -0.2774543408723555, 
  "activity": -0.0030008290476190476
}