{
  "bolusiob": 0, 
  "iob": -0.04999360422444453, 
  "activity": 0.0001273897707230991
}