{
  "bolusiob": 1.974980056177778, 
  "iob": 2.0536691367653614, 
  "activity": 0.0021255996472663136
}