{
  "bolusiob": 0, 
  "iob": 0.22441143723778986, 
  "activity": 0.004105952627865961
}