{
  "bolusiob": 0, 
  "iob": 0.10542163414666669, 
  "activity": 0.003814462081128747
}