{
  "bolusiob": 2.0881895250755558, 
  "iob": 3.8891674450014726, 
  "activity": 0.029137504409171074
}