{
  "bolusiob": 0, 
  "iob": 0.14097863596299065, 
  "activity": 0.0025576458730158726
}