{
  "bolusiob": 0, 
  "iob": 0.22132972189717945, 
  "activity": 0.006689779453262784
}