{
  "netbasalinsulin": -0.25, 
  "activity": 0.0080000000000000002, 
  "basaliob": -0.151, 
  "hightempinsulin": 0, 
  "bolussnooze": 0, 
  "iob": -0.012999999999999999
}