{
  "bolusiob": 0, 
  "iob": 0.26232251390272204, 
  "activity": 0.0036216227689594357
}