{
  "bolusiob": 0, 
  "iob": 0.4333650676044446, 
  "activity": 0.012744708994708991
}