{
  "bolusiob": 0, 
  "iob": 0.04041088789478357, 
  "activity": 0.001930370105820106
}