{
  "bolusiob": 0.0036092055466664164, 
  "iob": 0.4781694483177779, 
  "activity": 0.015351410934744267
}