{
  "bolusiob": 0, 
  "iob": 0.31185164787051484, 
  "activity": 0.002784664814814814
}