{
  "bolusiob": 0, 
  "iob": 0.1417407425016667, 
  "activity": 0.004034356261022927
}