{
  "bolusiob": 0, 
  "iob": -0.7377872769847555, 
  "activity": -0.008488977195767196
}