{
  "bolusiob": 1.9542429860400004, 
  "iob": 6.217041413923335, 
  "activity": 0.0729090299823633
}