{
  "bolusiob": 1.4205238337733337, 
  "iob": 5.825408106714444, 
  "activity": 0.0788269841269841
}