{
  "bolusiob": 0, 
  "iob": 0.19933095407333332, 
  "activity": 0.001576878306878305
}