{
  "bolusiob": 1.0743023970311112, 
  "iob": 1.7356177460588886, 
  "activity": 0.013026507936507935
}