{
  "bolusiob": 0, 
  "iob": -0.1619583390405556, 
  "activity": -0.0022477601410934734
}