{
  "bolusiob": 0, 
  "iob": 0.30772993150227124, 
  "activity": 0.003605555661375661
}