{
  "bolusiob": 0, 
  "iob": 0.20058655829333338, 
  "activity": 0.005639506172839506
}