{
  "bolusiob": 0, 
  "iob": 0.4777039968988697, 
  "activity": 0.005799929559082891
}