{
  "bolusiob": 0, 
  "iob": -0.035435890317777774, 
  "activity": 0.0002503703703703701
}