{
  "bolusiob": 0, 
  "iob": 0.16834655563000003, 
  "activity": 0.0004982010582010585
}