{
  "bolusiob": 0, 
  "iob": -0.21261879422939214, 
  "activity": 0.0007965342680776014
}