{
  "bolusiob": 0, 
  "iob": 0.3075691931346666, 
  "activity": 0.009514656084656084
}