{
  "bolusiob": 0, 
  "iob": 0.10537789291046569, 
  "activity": -0.0008312256437389774
}