{
  "bolusiob": 0, 
  "iob": 2.5098059398938894, 
  "activity": 0.06940726631393299
}