{
  "bolusiob": 0, 
  "iob": -0.24715547970847215, 
  "activity": 0.0024742768959435633
}