{
  "bolusiob": 0, 
  "iob": 0.10167638941611111, 
  "activity": -0.0004167548500881831
}