{
  "bolusiob": 0, 
  "iob": 0.2373832633260918, 
  "activity": 0.004847523121693122
}