{
  "bolusiob": 0, 
  "iob": -0.08855007597682044, 
  "activity": -0.0021329540564373893
}