{
  "bolusiob": 0, 
  "iob": -0.0590561801988889, 
  "activity": -0.0010554320987654325
}