{
  "bolusiob": 0, 
  "iob": -0.12386673401500002, 
  "activity": -0.0009735449735449738
}