{
  "bolusiob": 0, 
  "iob": -0.05863617230333336, 
  "activity": -0.0014684479717813055
}