{
  "bolusiob": 0, 
  "iob": 0.5258579144894445, 
  "activity": 0.01922954144620811
}