{
  "bolusiob": 0, 
  "iob": 0.09769053344708337, 
  "activity": 0.0029287918871252205
}