{
  "bolusiob": 0, 
  "iob": 0.09980433825777779, 
  "activity": 4.3950617283950617e-05
}