{
  "bolusiob": 0, 
  "iob": 0.49910637555339377, 
  "activity": 0.004887637248677248
}