{
  "bolusiob": 0, 
  "iob": -0.1414529525915278, 
  "activity": 0.00017857142857142868
}