{
  "bolusiob": 0, 
  "iob": 0.44169658064239886, 
  "activity": 0.008403014232804233
}