{
  "bolusiob": 0, 
  "iob": 0.09869836093277778, 
  "activity": 0.0003859788359788362
}