{
  "bolusiob": 0.08751086148, 
  "iob": 0.9337043779992769, 
  "activity": 0.015841631128747796
}