{
  "bolusiob": 0, 
  "iob": 0.13477514825911083, 
  "activity": 0.003068341975308642
}