{
  "bolusiob": 0, 
  "iob": 0.05609548193923611, 
  "activity": 0.0008401322751322748
}