{
  "bolusiob": 0, 
  "iob": 0.36213752028179375, 
  "activity": 0.0030800440211640207
}