{
  "bolusiob": 0, 
  "iob": -0.1510389672461111, 
  "activity": 0.0006398941798941805
}