{
  "bolusiob": 0, 
  "iob": 0.16287085248032185, 
  "activity": 0.0027964110229276896
}