{
  "bolusiob": 1.7323770356799999, 
  "iob": 2.3911353001588886, 
  "activity": 0.020234656084656074
}