{
  "bolusiob": 0, 
  "iob": -0.20368930737986116, 
  "activity": 0.00020931216931216966
}