{
  "bolusiob": 0, 
  "iob": 0.008098491719999996, 
  "activity": 0.00032425925925925916
}