{
  "bolusiob": 0.35573118612000004, 
  "iob": 1.3903721272824852, 
  "activity": 0.02381786633156966
}