{
  "bolusiob": 0, 
  "iob": 0.34588899561514663, 
  "activity": 0.004982839629629629
}