{
  "bolusiob": 0, 
  "iob": 0.3513168108383334, 
  "activity": 0.0037386243386243376
}