{
  "bolusiob": 0, 
  "iob": -0.04000638025222221, 
  "activity": -0.0013824162257495588
}