{
  "bolusiob": 0, 
  "iob": 0.48356673955611124, 
  "activity": 0.006118959435626101
}