{
  "bolusiob": 0.8044066506666668, 
  "iob": 1.8548455626422222, 
  "activity": 0.017475679012345674
}