{
  "bolusiob": 0, 
  "iob": 0.3806496118116666, 
  "activity": 0.014047645502645497
}