{
  "bolusiob": 0, 
  "iob": 0.006034966505, 
  "activity": 0.000235714285714286
}