{
  "bolusiob": 0, 
  "iob": 0.30251506731286115, 
  "activity": 0.00398136684303351
}