{
  "bolusiob": 0.12163801600000003, 
  "iob": 0.8202712422226668, 
  "activity": 0.016445291005290998
}