{
  "bolusiob": 0.07100940456000007, 
  "iob": 1.3609805005800002, 
  "activity": 0.027611781305114637
}