{
  "bolusiob": 0, 
  "iob": 0.12848743819555553, 
  "activity": 0.0012999823633156968
}