{
  "bolusiob": 0, 
  "iob": 0.8507060533862503, 
  "activity": 0.007270185185185184
}