{
  "bolusiob": 0, 
  "iob": 0.01384584131722227, 
  "activity": 0.003554858906525573
}