{
  "bolusiob": 0, 
  "iob": 0.08477121190277778, 
  "activity": 0.002689347442680775
}