{
  "bolusiob": 0, 
  "iob": 0.4863097512247778, 
  "activity": 0.004846913580246913
}