{
  "bolusiob": 0, 
  "iob": 0.21685797141400937, 
  "activity": -0.0009688797530864196
}