{
  "bolusiob": 0.5505469840000001, 
  "iob": 1.3314213595072226, 
  "activity": 0.012205784832451497
}