{
  "bolusiob": 0, 
  "iob": 0.011933360188125004, 
  "activity": 0.0008017195767195766
}