{
  "bolusiob": 0, 
  "iob": -0.605248891023336, 
  "activity": -0.008824197442680775
}