{
  "bolusiob": 3.6188378507244447, 
  "iob": 5.0852595674586016, 
  "activity": 0.033945440652557328
}