{
  "bolusiob": 0, 
  "iob": 0.1128104319955556, 
  "activity": 0.00052928571428571423
}