{
  "bolusiob": 0, 
  "iob": 0.11769932880310151, 
  "activity": -0.00017994717813051207
}