{
  "bolusiob": 0, 
  "iob": 0.3642031889461933, 
  "activity": 0.002775453703703704
}