{
  "bolusiob": 0, 
  "iob": 0.15268508868678293, 
  "activity": 0.0021226367724867727
}