{
  "bolusiob": 0, 
  "iob": 0.014776064156836195, 
  "activity": 0.0023902671075837745
}