{
  "bolusiob": 0, 
  "iob": 0.214104906625, 
  "activity": 0.0008544444444444446
}