{
  "bolusiob": 0, 
  "iob": 0.3401314741861111, 
  "activity": 0.006182945326278658
}