{
  "bolusiob": 5.573475444444444, 
  "iob": 6.4788496069010595, 
  "activity": 0.013239400793650793
}