{
  "bolusiob": 0, 
  "iob": 0.9181341397323903, 
  "activity": 0.010645670105820107
}