{
  "bolusiob": 0, 
  "iob": -0.3643277702266667, 
  "activity": -0.0029567901234567903
}