{
  "bolusiob": 0, 
  "iob": 0.8290799868777782, 
  "activity": 0.037481234567901235
}