{
  "bolusiob": 0, 
  "iob": 0.6817524404266666, 
  "activity": 0.018294109347442678
}