{
  "bolusiob": 0, 
  "iob": 0.40177592069889045, 
  "activity": 0.0036275311287477957
}