{
  "bolusiob": 0, 
  "iob": -0.056587728819361076, 
  "activity": 0.0011032010582010584
}