{
  "bolusiob": 0, 
  "iob": 0.1273894995736682, 
  "activity": -0.0019026981481481485
}