{
  "bolusiob": 0, 
  "iob": 0.39923784284420955, 
  "activity": 0.003453704074074074
}