{
  "bolusiob": 0, 
  "iob": -0.036002324042515299, 
  "activity": -4.3562874779541313e-05
}