{
  "bolusiob": 0, 
  "iob": 0.5197205877133332, 
  "activity": 0.022446014109347438
}