{
  "bolusiob": 0, 
  "iob": -0.10050322139888888, 
  "activity": -0.001062574955908289
}