{
  "bolusiob": 0, 
  "iob": 0.3515356404345866, 
  "activity": 0.0019401235802469136
}