{
  "bolusiob": 0, 
  "iob": 0.6134951035977778, 
  "activity": 0.008561622574955905
}