{
  "bolusiob": 0, 
  "iob": 0.4964314147986928, 
  "activity": 0.006382392592592589
}