{
  "bolusiob": 0, 
  "iob": 0.12316997079611114, 
  "activity": 0.0009169753086419751
}