{
  "bolusiob": 0, 
  "iob": 0.19561615872274304, 
  "activity": 0.004229999999999999
}