{
  "bolusiob": 0, 
  "iob": 0.3946966646700002, 
  "activity": 0.013811111111111109
}