{
  "bolusiob": 0, 
  "iob": 0.661072219748889, 
  "activity": 0.004276860670194003
}