{
  "bolusiob": 0, 
  "iob": 0.5798845250226391, 
  "activity": 0.014288950617283948
}