{
  "bolusiob": 0.9501277800888889, 
  "iob": 1.0590443356488892, 
  "activity": 0.0028767372134038795
}