{
  "bolusiob": 0, 
  "iob": -0.3016250502627778, 
  "activity": -0.001921216931216931
}