{
  "bolusiob": 0, 
  "iob": 0.06971821144888889, 
  "activity": -0.002520978835978836
}