{
  "bolusiob": 0, 
  "iob": 0.1467757481702358, 
  "activity": 0.004630572927689594
}