{
  "bolusiob": 1.4950141666133332, 
  "iob": 2.5327259587611115, 
  "activity": 0.02081354497354497
}