{
  "bolusiob": 0, 
  "iob": 0.4168307032303859, 
  "activity": 0.004381834250440916
}