{
  "bolusiob": 0, 
  "iob": 0.007159276275416668, 
  "activity": 0.0003860229276895942
}