{
  "bolusiob": 0, 
  "iob": 0.4078410196183828, 
  "activity": 0.002085555925925926
}