{
  "bolusiob": 0, 
  "iob": -0.23504907123274305, 
  "activity": -0.0010236419753086416
}