{
  "bolusiob": 0, 
  "iob": 0.5468303363834318, 
  "activity": 0.009404647636684305
}