{
  "bolusiob": 0, 
  "iob": 0.570247208895, 
  "activity": 0.010310211640211639
}