{
  "bolusiob": 0, 
  "iob": -0.4720539370794445, 
  "activity": -0.00490384479717813
}