{
  "bolusiob": 0.4832379812, 
  "iob": 1.1249892218941018, 
  "activity": 0.012428950440917106
}