{
  "bolusiob": 0, 
  "iob": 0.3621493461208535, 
  "activity": 0.0032388713580246906
}