{
  "bolusiob": 0, 
  "iob": 0.12297678009673187, 
  "activity": 0.002572901322751323
}