{
  "bolusiob": 0, 
  "iob": -0.1499759003802778, 
  "activity": -0.0014345943562610228
}