{
  "bolusiob": 0, 
  "iob": 0.14826182083333334, 
  "activity": 0.00021296296296296295
}