{
  "bolusiob": 0, 
  "iob": 0.39334502576333336, 
  "activity": 0.00672679012345679
}