{
  "bolusiob": 0, 
  "iob": 0.20382048152978988, 
  "activity": 0.004118651040564374
}