{
  "bolusiob": 0, 
  "iob": 0.2446857053595829, 
  "activity": 0.0017396119929453224
}