{
  "bolusiob": 0, 
  "iob": 0.07640891293812502, 
  "activity": 0.0027160052910052907
}