{
  "bolusiob": 0, 
  "iob": 0.6546790118683334, 
  "activity": 0.014309294532627862
}