{
  "bolusiob": 1.08829506816, 
  "iob": 2.3975908909572223, 
  "activity": 0.022927883597883596
}