{
  "bolusiob": 0, 
  "iob": 0.4628342561052893, 
  "activity": 0.003968430687830687
}