{
  "bolusiob": 0, 
  "iob": 0.3611066607000001, 
  "activity": 0.00901058201058201
}