{
  "bolusiob": 0, 
  "iob": 0.4236992361815074, 
  "activity": 0.005076825767195767
}