{
  "bolusiob": 0, 
  "iob": -0.13648216391911108, 
  "activity": 9.037037037037032e-05
}