{
  "bolusiob": 0, 
  "iob": 0.013748881715555543, 
  "activity": 0.00074518518518518532
}