{
  "bolusiob": 0, 
  "iob": 0.12300853193442185, 
  "activity": 0.002030908377425044
}