{
  "bolusiob": 0, 
  "iob": 0.10886791083972225, 
  "activity": 0.0021621781305114635
}