{
  "bolusiob": 0, 
  "iob": 0.5044546756379384, 
  "activity": 0.003777196137566137
}