{
  "bolusiob": 0, 
  "iob": 0.02543184531833321, 
  "activity": 0.00825492945326279
}