{
  "bolusiob": 0, 
  "iob": -0.13748594031333333, 
  "activity": -0.0006751851851851851
}