{
  "bolusiob": 0, 
  "iob": -0.60813041653875, 
  "activity": -0.007542716049382715
}