{
  "bolusiob": 0, 
  "iob": 1.0688033090738884, 
  "activity": 0.03441178130511462
}