{
  "bolusiob": 0.42831961889777775, 
  "iob": 1.2717749271672574, 
  "activity": 0.014985397072310403
}