{
  "bolusiob": 0, 
  "iob": 0.5692463326084313, 
  "activity": 0.010805011728395058
}