{
  "bolusiob": 0, 
  "iob": 0.09685233983222225, 
  "activity": -0.0001363668430335095
}