{
  "bolusiob": 0, 
  "iob": 0.6579983175077779, 
  "activity": 0.008018783068783066
}