{
  "bolusiob": 0, 
  "iob": 0.10975428441222224, 
  "activity": -0.000546957671957672
}