{
  "bolusiob": 0, 
  "iob": 0.44986281391575555, 
  "activity": 0.005582045978835978
}