{
  "bolusiob": 0, 
  "iob": 0.06304752956666669, 
  "activity": -0.001213156966490299
}