{
  "bolusiob": 0, 
  "iob": 0.42710445042833334, 
  "activity": 0.006872433862433862
}