{
  "bolusiob": 0, 
  "iob": -0.14505486849958338, 
  "activity": 0.0006696208112874772
}