{
  "bolusiob": 0, 
  "iob": 0.1133216301197778, 
  "activity": 0.0005646384479717811
}