{
  "bolusiob": 0.00037624448000004305, 
  "iob": 0.9617317186715928, 
  "activity": 0.02290595229276896
}