{
  "bolusiob": 0, 
  "iob": 0.18725114356111128, 
  "activity": 0.011107830687830684
}