{
  "bolusiob": 0, 
  "iob": 0.075946441032083353, 
  "activity": 0.0015209611992945326
}