{
  "bolusiob": 0, 
  "iob": 0.039274439745608423, 
  "activity": 0.0025699033686067017
}