{
  "bolusiob": 0, 
  "iob": 0.9371525666018892, 
  "activity": 0.012725414462081128
}