{
  "bolusiob": 0, 
  "iob": 0.12912022856240438, 
  "activity": 0.0011049031216931213
}