{
  "bolusiob": 2.459493737066667, 
  "iob": 4.6676729664888885, 
  "activity": 0.034846913580246906
}