{
  "bolusiob": 0, 
  "iob": 0.23681299840812658, 
  "activity": 0.00114390677248677
}