{
  "bolusiob": 4.699056557084445, 
  "iob": 5.650344742664917, 
  "activity": 0.023506978835978836
}