{
  "bolusiob": 0.9976176568888889, 
  "iob": 1.7399156256946666, 
  "activity": 0.011158024691358022
}