{
  "bolusiob": 0, 
  "iob": 0.7536422328694445, 
  "activity": 0.01995150793650794
}