{
  "bolusiob": 0, 
  "iob": -0.15448454059277783, 
  "activity": -0.0019578659611992947
}