{
  "bolusiob": 0, 
  "iob": 0.9240322986804069, 
  "activity": 0.025432380687830686
}