{
  "bolusiob": 0, 
  "iob": -0.40627185605000005, 
  "activity": -0.0046052204585537914
}