{
  "bolusiob": 0, 
  "iob": 0.8779239758705482, 
  "activity": 0.023283915255731917
}