{
  "bolusiob": 0, 
  "iob": 0.4168232089176629, 
  "activity": 0.004903924250440916
}