{
  "bolusiob": 0, 
  "iob": 0.37295710752177086, 
  "activity": 0.00400795414462081
}