{
  "bolusiob": 0, 
  "iob": -0.035386068719515301, 
  "activity": -0.00012292795414462079
}