{
  "bolusiob": 0, 
  "iob": -0.14370922422944443, 
  "activity": 0.0006743738977072317
}