{
  "bolusiob": 0, 
  "iob": 0.2220097093594445, 
  "activity": 0.005057989417989418
}