{
  "bolusiob": 0.3681693025733334, 
  "iob": 0.6212440672355557, 
  "activity": 0.006721234567901227
}