{
  "bolusiob": 0, 
  "iob": 0.06535539390979167, 
  "activity": 0.001714594356261023
}