{
  "bolusiob": 0.9157306972355556, 
  "iob": 1.6812439833861363, 
  "activity": 0.012447804444444443
}