{
  "bolusiob": 0, 
  "iob": 0.12934182579888878, 
  "activity": 0.0031030246913580205
}