{
  "bolusiob": 0.21153475000000002, 
  "iob": 0.683776711111111, 
  "activity": 0.004617283950617283
}