{
  "bolusiob": 0.5328039400000001, 
  "iob": 2.164139579057778, 
  "activity": 0.03698560846560846
}