{
  "bolusiob": 0, 
  "iob": -0.20274828169908335, 
  "activity": -0.0015555784832451487
}