{
  "bolusiob": 0.4976804418844445, 
  "iob": 1.5790505561728452, 
  "activity": 0.030044232716049377
}