{
  "bolusiob": 0, 
  "iob": 0.09921219162055553, 
  "activity": 0.0003164991181657848
}