{
  "bolusiob": 0, 
  "iob": 0.16588235042629773, 
  "activity": 0.0023914198765432096
}