{
  "bolusiob": 0, 
  "iob": 0.24541051547111115, 
  "activity": 0.006431358024691357
}