{
  "bolusiob": 0, 
  "iob": 0.07240058633866209, 
  "activity": 0.0003429544620811286
}