{
  "bolusiob": 0, 
  "iob": -0.05112034567833336, 
  "activity": -0.0015006172839506177
}