{
  "bolusiob": 0, 
  "iob": 0.023447418775416673, 
  "activity": 0.0005712081128747795
}