{
  "bolusiob": 1.6178862266666667, 
  "iob": 2.9926030798472665, 
  "activity": 0.036214550264550255
}