{
  "bolusiob": 0, 
  "iob": 0.37821328981125, 
  "activity": 0.001048562610229277
}