{
  "bolusiob": 0.22362280394666667, 
  "iob": 1.4225883368944445, 
  "activity": 0.016204902998236324
}