{
  "bolusiob": 0, 
  "iob": 0.2009838358349998, 
  "activity": 0.004202028218694882
}