{
  "bolusiob": 0.03569823999999988, 
  "iob": 1.1426392090844448, 
  "activity": 0.02425481481481481
}