{
  "bolusiob": 0.804984992, 
  "iob": 1.4041268797132296, 
  "activity": 0.009530035097001763
}