{
  "bolusiob": 0, 
  "iob": 0.01716632056333335, 
  "activity": 0.0002098765432098767
}