{
  "bolusiob": 0, 
  "iob": 0.10715833065527779, 
  "activity": 0.0022266137566137566
}