{
  "bolusiob": 0, 
  "iob": 0.6461944087131162, 
  "activity": 0.007022504779541445
}