{
  "bolusiob": 0, 
  "iob": -0.07572006779499997, 
  "activity": 0.00213147266313933
}