{
  "bolusiob": 0.0854030400000001, 
  "iob": 1.3144295182222223, 
  "activity": 0.02498941798941798
}