{
  "bolusiob": 0, 
  "iob": 0.051063946720347225, 
  "activity": 0.0015469753086419754
}