{
  "bolusiob": 0, 
  "iob": 0.671140332292023, 
  "activity": 0.005302601358024691
}