{
  "bolusiob": 0, 
  "iob": -0.04648314875236112, 
  "activity": -0.0018461022927689595
}