{
  "bolusiob": 0.005020239359999734, 
  "iob": 1.1568139727011115, 
  "activity": 0.024986737213403873
}