{
  "bolusiob": 0, 
  "iob": 0.047403868627083345, 
  "activity": 0.0011679453262786598
}