{
  "bolusiob": 0, 
  "iob": 0.34742842818008884, 
  "activity": 0.0048110935978835975
}