{
  "bolusiob": 0, 
  "iob": -0.13918539861, 
  "activity": -0.0025528218694885357
}