{
  "bolusiob": 0.001017897466666584, 
  "iob": 0.5114102484466816, 
  "activity": 0.01578764541446208
}