{
  "bolusiob": 0.8026446273244443, 
  "iob": 3.224445523624444, 
  "activity": 0.04647913580246913
}