{
  "bolusiob": 0.88820564912, 
  "iob": 1.5279173302500266, 
  "activity": 0.009377619417989416
}