{
  "bolusiob": 0.15627583999999994, 
  "iob": 1.4394027626666668, 
  "activity": 0.023340740740740735
}