{
  "bolusiob": 0, 
  "iob": -0.6094825263295679, 
  "activity": -0.006868792010582011
}