{
  "bolusiob": 0, 
  "iob": 0.3189649850261125, 
  "activity": 0.006436798677248676
}