{
  "bolusiob": 0, 
  "iob": 0.07899283180611111, 
  "activity": 0.002540740740740741
}