{
  "bolusiob": 0, 
  "iob": 0.4037991784224528, 
  "activity": 0.003836816490299823
}