{
  "bolusiob": 0, 
  "iob": 0.41530145778200006, 
  "activity": 0.0046755291005291
}