{
  "bolusiob": 0, 
  "iob": 0.3609851439358171, 
  "activity": 0.0017880514991181653
}