{
  "bolusiob": 0, 
  "iob": 0.701946038181111, 
  "activity": 0.00832095238095238
}