{
  "bolusiob": 0, 
  "iob": -0.1557542191013889, 
  "activity": -0.0027377601410934743
}