{
  "bolusiob": 0, 
  "iob": 0.05378742725999999, 
  "activity": -0.0007449029982363315
}