{
  "bolusiob": 0, 
  "iob": 0.26408812191763886, 
  "activity": 0.005805564373897704
}