{
  "bolusiob": 0, 
  "iob": 0.4134192054666668, 
  "activity": 0.0019822839506172833
}