{
  "bolusiob": 0, 
  "iob": -0.046965186222222233, 
  "activity": 0.0028046737213403873
}