{
  "bolusiob": 0, 
  "iob": -0.35726698167222226, 
  "activity": -0.00498026455026455
}