{
  "bolusiob": 0, 
  "iob": -0.00681904544000001, 
  "activity": -0.0005375661375661376
}