{
  "bolusiob": 0, 
  "iob": -0.5738278843065278, 
  "activity": -0.00492494708994709
}