{
  "bolusiob": 0, 
  "iob": 0.027478266439444447, 
  "activity": -0.0016927689594356259
}