{
  "bolusiob": 0.21163885703999996, 
  "iob": 1.6388901707777779, 
  "activity": 0.027174391534391523
}