{
  "bolusiob": 0, 
  "iob": 0.0395710814531753, 
  "activity": 0.002740202927689593
}