{
  "bolusiob": 0, 
  "iob": 0.20122100267903154, 
  "activity": 0.01949656072310405
}