{
  "bolusiob": 0, 
  "iob": 0.17584111764222224, 
  "activity": 0.002534074074074073
}