{
  "bolusiob": 0, 
  "iob": 0.3293270576516667, 
  "activity": 0.004366922398589065
}