{
  "bolusiob": 2.560334736497778, 
  "iob": 3.0667054627022226, 
  "activity": 0.019872610229276895
}