{
  "bolusiob": 0, 
  "iob": 0.11482184882833338, 
  "activity": 0.004250881834215166
}