{
  "bolusiob": 0, 
  "iob": 0.6445546062326557, 
  "activity": 0.006023598059964726
}