{
  "bolusiob": 0, 
  "iob": 0.11730717867666665, 
  "activity": 0.000147266313932981
}