{
  "bolusiob": 0, 
  "iob": 0.6012369890348611, 
  "activity": 0.01248140211640212
}