{
  "bolusiob": 0, 
  "iob": 0.5566043141309556, 
  "activity": 0.005697848536155202
}