{
  "bolusiob": 0, 
  "iob": 0.4609323099090973, 
  "activity": 0.004215220458553792
}