{
  "bolusiob": 0, 
  "iob": 0.08432941100999997, 
  "activity": 0.0004297883597883599
}