{
  "bolusiob": 0, 
  "iob": 0.7056861615466667, 
  "activity": 0.011641904761904761
}