{
  "bolusiob": 0, 
  "iob": 0.9665785155834167, 
  "activity": 0.013606075837742506
}