{
  "bolusiob": 0, 
  "iob": -0.01287504564000002, 
  "activity": -0.0006852380952380951
}