{
  "bolusiob": 0, 
  "iob": 0.1606086435020052, 
  "activity": 0.002491472751322751
}