{
  "bolusiob": 0, 
  "iob": 0.6576034567544566, 
  "activity": 0.008658121816578481
}