{
  "bolusiob": 0, 
  "iob": 0.16271869352791668, 
  "activity": -0.00065620811287477943
}