{
  "bolusiob": 0, 
  "iob": -0.011239226780000014, 
  "activity": -0.000938994708994709
}