{
  "bolusiob": 0, 
  "iob": 0.4405484315895833, 
  "activity": 0.00037511463844797175
}