{
  "bolusiob": 7.649850471484445, 
  "iob": 8.347560007701112, 
  "activity": 0.02506
}