{
  "bolusiob": 0, 
  "iob": 0.013045922073542635, 
  "activity": 0.009335158641975304
}