{
  "bolusiob": 0, 
  "iob": 0.2907634655777778, 
  "activity": 0.004589118165784833
}