{
  "bolusiob": 0, 
  "iob": 0.44512875823790926, 
  "activity": 0.004325731957671957
}