{
  "bolusiob": 0, 
  "iob": 0.10159417551222222, 
  "activity": 0.001971675485008818
}