{
  "bolusiob": 0, 
  "iob": 0.4776896179374444, 
  "activity": 0.005372222222222222
}