{
  "bolusiob": 0, 
  "iob": 0.1585300836893018, 
  "activity": 0.0013690388888888884
}