{
  "bolusiob": 0, 
  "iob": 1.1656932622955558, 
  "activity": 0.02059112874779542
}