{
  "bolusiob": 0, 
  "iob": 0.2235559096891909, 
  "activity": 0.008798077425044088
}