{
  "bolusiob": 0.03319588799999997, 
  "iob": 0.6982645678307212, 
  "activity": 0.014751534126984127
}