{
  "bolusiob": 0, 
  "iob": 0.8946154130741796, 
  "activity": 0.009066543262786593
}