{
  "bolusiob": 0, 
  "iob": 0.5325443452996402, 
  "activity": 0.004781287513227511
}