{
  "bolusiob": 0, 
  "iob": 0.7241397879164158, 
  "activity": 0.008202848059964725
}