{
  "bolusiob": 0, 
  "iob": 0.09347129266805083, 
  "activity": 0.002591622398589065
}