{
  "bolusiob": 0, 
  "iob": 0.5451735990589688, 
  "activity": 0.006599612116402115
}