{
  "bolusiob": 0, 
  "iob": 0.10525142749111112, 
  "activity": 0.0026904232804232805
}