{
  "bolusiob": 0, 
  "iob": -0.03467393669833334, 
  "activity": -0.0030517283950617273
}