{
  "bolusiob": 0, 
  "iob": 0.7024185482416487, 
  "activity": 0.007593864814814813
}