{
  "bolusiob": 0, 
  "iob": -0.0008636369469707805, 
  "activity": 0.003440951992945324
}