{
  "bolusiob": 0, 
  "iob": 0.2167109350894001, 
  "activity": 0.011573333333333333
}