{
  "bolusiob": 0, 
  "iob": -0.10047683021774304, 
  "activity": 0.00022637566137566117
}