{
  "bolusiob": 0, 
  "iob": 0.2092316044014939, 
  "activity": -0.004253253597883598
}