{
  "bolusiob": 0, 
  "iob": -0.08402695172611112, 
  "activity": -0.00108352733686067
}