{
  "bolusiob": 0, 
  "iob": -0.13954619461888887, 
  "activity": -0.0007418165784832448
}