{
  "bolusiob": 0, 
  "iob": 0.2703717350611111, 
  "activity": 0.0013483156966490298
}