{
  "bolusiob": -9.029166666683076e-05, 
  "iob": 1.0649123870777777, 
  "activity": 0.018364109347442675
}