{
  "bolusiob": 0, 
  "iob": 0.9780411519311111, 
  "activity": 0.016282910052910052
}