{
  "bolusiob": 1.0863326573422223, 
  "iob": 1.747159671886247, 
  "activity": 0.00965352754850088
}