{
  "bolusiob": 0, 
  "iob": -0.46793096582355553, 
  "activity": -0.0012932627865961197
}