{
  "bolusiob": 0, 
  "iob": 0.20110950345244483, 
  "activity": 0.004363053492063492
}