{
  "bolusiob": 0, 
  "iob": -0.05474845659852781, 
  "activity": -0.0033460405643738964
}