{
  "bolusiob": 0, 
  "iob": 0.794765220080407, 
  "activity": 0.0069135358906525545
}