{
  "bolusiob": 0, 
  "iob": 0.07296258808146189, 
  "activity": 0.00187548507936508
}