{
  "bolusiob": 0, 
  "iob": 0.08400902037256945, 
  "activity": 0.0018018430335096994
}