{
  "bolusiob": 0, 
  "iob": 0.03553044424185364, 
  "activity": 0.002703332945326277
}