{
  "bolusiob": 0, 
  "iob": 0.09890763168722225, 
  "activity": 0.0004935890652557318
}