{
  "bolusiob": 0, 
  "iob": 0.29288306779472223, 
  "activity": 0.008032804232804232
}