{
  "bolusiob": 0, 
  "iob": 0.3914040207813333, 
  "activity": 0.003483977072310406
}