{
  "bolusiob": 0, 
  "iob": 0.20710458603430562, 
  "activity": 0.005022345679012346
}