{
  "bolusiob": 0, 
  "iob": 0.04887224131333335, 
  "activity": 0.0008623633156966488
}