{
  "bolusiob": 0, 
  "iob": 0.0015905071496804066, 
  "activity": 0.00010652548500881818
}