{
  "bolusiob": 0, 
  "iob": 0.008005331167083341, 
  "activity": 0.0005372574955908285
}