{
  "bolusiob": 0, 
  "iob": 0.12127945777111118, 
  "activity": 0.0053298236331569574
}