{
  "bolusiob": 0, 
  "iob": -0.3563229306788622, 
  "activity": -0.0022114816049382713
}