{
  "bolusiob": 0, 
  "iob": 0.015649062615416674, 
  "activity": 0.0004915784832451501
}