{
  "bolusiob": 0, 
  "iob": 0.9701022004047023, 
  "activity": 0.042386754726631386
}