{
  "bolusiob": 0, 
  "iob": 0.06281407666614032, 
  "activity": 3.83064902998229e-05
}