{
  "bolusiob": 0, 
  "iob": -0.28811720216055553, 
  "activity": -0.0041289065255731925
}