{
  "bolusiob": 0, 
  "iob": -0.03509357592210524, 
  "activity": 0.0007813223633156963
}