{
  "bolusiob": 0, 
  "iob": -1.0737996249998717e-05, 
  "activity": 1.5740740740740645e-05
}