{
  "bolusiob": 0, 
  "iob": -0.13565545804583215, 
  "activity": 0.0001518669312169308
}