{
  "bolusiob": 0, 
  "iob": -0.2043207602367778, 
  "activity": -0.001173015873015873
}