{
  "bolusiob": 0, 
  "iob": 0.45922426622199997, 
  "activity": 0.002103015873015873
}