{
  "bolusiob": 0, 
  "iob": 0.7507261714213889, 
  "activity": 0.007106328042328042
}