{
  "bolusiob": 0, 
  "iob": 0.7197111406478763, 
  "activity": 0.007596164126984126
}