{
  "bolusiob": 0, 
  "iob": 0.12126214827, 
  "activity": -0.00030835978835978784
}