{
  "bolusiob": 0, 
  "iob": 0.13738364857648802, 
  "activity": 0.0014068604056437389
}