{
  "bolusiob": 0, 
  "iob": 0.51128031286267, 
  "activity": 0.008225635044091708
}