{
  "bolusiob": 0, 
  "iob": 2.1359733529805562, 
  "activity": 0.0647721164021164
}