{
  "bolusiob": 0, 
  "iob": -0.40396280612200003, 
  "activity": -0.002517213403880071
}