{
  "bolusiob": 0.6868152314666668, 
  "iob": 2.292155591133333, 
  "activity": 0.02302035273368607
}