{
  "bolusiob": 0.09575773967999988, 
  "iob": 1.9042222729200005, 
  "activity": 0.03905396825396825
}