{
  "bolusiob": 0, 
  "iob": -0.048425741309899295, 
  "activity": -0.0009917459435626098
}