{
  "bolusiob": 0.15025340287999997, 
  "iob": 1.2099367773643055, 
  "activity": 0.017368580246913574
}