{
  "bolusiob": 0, 
  "iob": -0.1938305260849462, 
  "activity": -0.0020750619400352727
}