{
  "bolusiob": 0, 
  "iob": 0.3447639337495647, 
  "activity": 0.004248033245149912
}