{
  "bolusiob": 0, 
  "iob": 0.10586231275666669, 
  "activity": 0.004149382716049381
}