{
  "bolusiob": 0, 
  "iob": 0.16573084186430556, 
  "activity": 0.0023253439153439154
}