{
  "bolusiob": 0.13382156071999995, 
  "iob": 1.5807964836844444, 
  "activity": 0.023072839506172838
}