{
  "bolusiob": 0, 
  "iob": -0.3532877037594445, 
  "activity": -0.007407275132275132
}