{
  "bolusiob": 0, 
  "iob": 0.4515448267855557, 
  "activity": 0.0057856701940035265
}