{
  "bolusiob": 0, 
  "iob": 0.10231960145444445, 
  "activity": 0.0007602557319223985
}