{
  "bolusiob": 0.43007190468, 
  "iob": 1.2917441618183334, 
  "activity": 0.019531569664902992
}