{
  "bolusiob": 0, 
  "iob": -0.06404361360763891, 
  "activity": -0.002755458553791887
}