{
  "bolusiob": 0, 
  "iob": -0.03938503994291681, 
  "activity": -0.0008448765432098782
}