{
  "bolusiob": 0, 
  "iob": -0.05822907396191078, 
  "activity": 0.006569861305114638
}