{
  "bolusiob": 0, 
  "iob": -0.18528363850597226, 
  "activity": -0.001496243386243386
}