{
  "bolusiob": 0, 
  "iob": 0.09610936874944442, 
  "activity": -0.000977601410934744
}