{
  "bolusiob": 0, 
  "iob": 0.07572150757028738, 
  "activity": 0.0011244180776014115
}