{
  "bolusiob": 0, 
  "iob": 0.2453478861043056, 
  "activity": 0.002342619047619047
}