{
  "bolusiob": 1.6367520424000002, 
  "iob": 3.8870116784, 
  "activity": 0.039570405643738975
}