{
  "bolusiob": 0.0015907686399999398, 
  "iob": 0.7745679569600001, 
  "activity": 0.012473015873015872
}