{
  "bolusiob": 0, 
  "iob": 0.287297417792, 
  "activity": 0.012700864197530842
}