{
  "bolusiob": 0, 
  "iob": 0.0035411347752858091, 
  "activity": 0.002242685731922398
}