{
  "bolusiob": 0, 
  "iob": 0.24334787465333335, 
  "activity": 0.0004574955908289241
}