{
  "bolusiob": 1.0354000258311111, 
  "iob": 1.721226219207778, 
  "activity": 0.01246313932980599
}