{
  "bolusiob": 0, 
  "iob": 0.01403308309222212, 
  "activity": 0.008138483245149906
}