{
  "bolusiob": 0, 
  "iob": 0.09551226318055556, 
  "activity": 0.00032759259259259254
}