{
  "bolusiob": 0, 
  "iob": -0.0493244880551593, 
  "activity": 0.0019323898589065256
}