{
  "bolusiob": 0, 
  "iob": 0.7759906870273627, 
  "activity": 0.009112178395061728
}