{
  "bolusiob": 0, 
  "iob": -0.22003439364819122, 
  "activity": -0.00420615507936508
}