{
  "bolusiob": 1.243914696248889, 
  "iob": 2.077094886188889, 
  "activity": 0.015824250440917103
}