{
  "bolusiob": 0, 
  "iob": -0.03282508393995641, 
  "activity": 0.0033564547619047615
}