{
  "bolusiob": 0, 
  "iob": -0.09931578374444446, 
  "activity": -0.00010530864197530864
}