{
  "bolusiob": 0, 
  "iob": 0.3205076460930566, 
  "activity": 0.004327857266313932
}