{
  "bolusiob": 0, 
  "iob": 1.0127920313617145, 
  "activity": 0.016833448095238086
}