{
  "bolusiob": 0, 
  "iob": 0.04029418438375002, 
  "activity": 0.0018691798941798939
}