{
  "bolusiob": 0, 
  "iob": 0.25178946976805555, 
  "activity": 0.003669347442680775
}