{
  "bolusiob": 0, 
  "iob": 0.43774083017616916, 
  "activity": 0.004398747530864197
}