{
  "bolusiob": 0, 
  "iob": 0.7371133906927778, 
  "activity": 0.00700880070546737
}