{
  "bolusiob": 0, 
  "iob": 0.7574529407722383, 
  "activity": 0.007302019506172839
}