{
  "bolusiob": 0, 
  "iob": 0.52685491205007, 
  "activity": 0.008667980723104053
}