{
  "bolusiob": 0, 
  "iob": -0.08196858994777778, 
  "activity": -0.0015379100529100526
}