{
  "bolusiob": 2.01431951968, 
  "iob": 2.776792993837223, 
  "activity": 0.01879313051146383
}