{
  "bolusiob": 0, 
  "iob": 0.11312813440111114, 
  "activity": -5.82098765432098e-05
}