{
  "bolusiob": 0, 
  "iob": 0.4402366599688887, 
  "activity": 0.01478730158730158
}