{
  "bolusiob": 0, 
  "iob": 0.08550215065722226, 
  "activity": 0.0017525132275132277
}