{
  "bolusiob": 0, 
  "iob": 0.0993751269688889, 
  "activity": 9.67901234567901e-05
}