{
  "bolusiob": 0, 
  "iob": 0.4439800033111109, 
  "activity": 0.010300264550264546
}