{
  "bolusiob": 0, 
  "iob": -0.3290630680388889, 
  "activity": -0.00020656966490299815
}