{
  "bolusiob": 0, 
  "iob": -0.2503703805393611, 
  "activity": -0.001031331569664903
}