{
  "bolusiob": 0, 
  "iob": -0.09983144695111112, 
  "activity": -0.0011653615520282187
}