{
  "bolusiob": 0.16270872128000005, 
  "iob": 0.6576305919397222, 
  "activity": 0.005212037037037036
}