{
  "bolusiob": 0, 
  "iob": 0.36984820310166666, 
  "activity": 0.003807222222222222
}