{
  "bolusiob": 0, 
  "iob": 0.5154384476402726, 
  "activity": 0.006179100440917107
}