{
  "bolusiob": 0, 
  "iob": -0.06719504978203128, 
  "activity": -0.0030857845855379188
}