{
  "bolusiob": 0.82651328752, 
  "iob": 1.9655605847424489, 
  "activity": 0.03296142867724866
}