{
  "bolusiob": 0, 
  "iob": 0.2161785196733333, 
  "activity": 0.0057079188712522025
}