{
  "bolusiob": 0, 
  "iob": 0.04047606732981082, 
  "activity": 0.0017958552028218692
}