{
  "bolusiob": 0, 
  "iob": 0.7020883350334723, 
  "activity": 0.003989938271604939
}