{
  "bolusiob": 0, 
  "iob": 0.46481136188531125, 
  "activity": 0.027105167425044083
}