{
  "bolusiob": 0, 
  "iob": -0.716925303216985, 
  "activity": -0.008924814726631394
}