{
  "bolusiob": 0, 
  "iob": 0.5396048844922204, 
  "activity": 0.006975150141093474
}