{
  "bolusiob": 0, 
  "iob": 0.22366887834617705, 
  "activity": 0.003828809559082892
}