{
  "bolusiob": 0, 
  "iob": 0.24492864786134544, 
  "activity": 0.004074841516754849
}