{
  "bolusiob": 0, 
  "iob": 0.3992203052524565, 
  "activity": 0.004379391781305114
}