{
  "bolusiob": 0.004147729279999978, 
  "iob": 0.3970378581352778, 
  "activity": 0.0075248765432098744
}