{
  "bolusiob": 0, 
  "iob": 0.5315491489566668, 
  "activity": 0.007070317460317459
}