{
  "bolusiob": 0, 
  "iob": 0.3604704312988889, 
  "activity": 0.008541358024691352
}