{
  "bolusiob": 0, 
  "iob": 0.10411690346145838, 
  "activity": 0.0032702733686067018
}