{
  "bolusiob": 0, 
  "iob": -0.1519234182418056, 
  "activity": -0.0002805643738977074
}