{
  "bolusiob": 0.842571768888889, 
  "iob": 1.0192801063922223, 
  "activity": 0.004310793650793649
}