{
  "bolusiob": 0, 
  "iob": 0.10728863679389139, 
  "activity": 0.0032714283068783065
}