{
  "bolusiob": 0, 
  "iob": 0.41830160825655627, 
  "activity": 0.0017511114814814815
}