{
  "bolusiob": 0, 
  "iob": 0.2714912095904527, 
  "activity": 0.000791552345679012
}