{
  "bolusiob": 0, 
  "iob": 0.5992760205212387, 
  "activity": 0.008120908395061728
}