{
  "bolusiob": 0.07234057600000011, 
  "iob": 0.6895740828036668, 
  "activity": 0.016142539682539675
}