{
  "bolusiob": 0, 
  "iob": 0.22406322635547807, 
  "activity": 0.0035178746031746017
}