{
  "bolusiob": 0, 
  "iob": 0.2830920900155637, 
  "activity": 0.006799523721340387
}