{
  "bolusiob": 0, 
  "iob": 0.40680684061246836, 
  "activity": 0.0030601237213403877
}