{
  "bolusiob": 0, 
  "iob": -0.2263313633934318, 
  "activity": 0.0005038888007054674
}