{
  "bolusiob": 0, 
  "iob": 0.5136329705186324, 
  "activity": 0.004046146208112874
}