{
  "bolusiob": 0, 
  "iob": 0.11160181937333333, 
  "activity": -8.5026455026455353e-05
}