{
  "bolusiob": 0, 
  "iob": -0.07251727629055556, 
  "activity": -0.001178447971781305
}