{
  "bolusiob": 0, 
  "iob": 0.047316375147083325, 
  "activity": 0.00021365961199294517
}