{
  "bolusiob": 0, 
  "iob": 0.16645250880222223, 
  "activity": 0.00121
}