{
  "bolusiob": 0.6779330508800001, 
  "iob": 1.2986944228385713, 
  "activity": 0.01090576701940035
}