{
  "bolusiob": 1.9533533770666671, 
  "iob": 4.4730524598222221, 
  "activity": 0.038920987654320977
}