{
  "bolusiob": 0, 
  "iob": 0.09935692265666668, 
  "activity": -0.0018706172839506167
}