{
  "bolusiob": 0, 
  "iob": 0.8996236798083332, 
  "activity": 0.01475786596119929
}