{
  "bolusiob": 0, 
  "iob": -0.16695768805333333, 
  "activity": -0.0037196119929453248
}