{
  "bolusiob": 0, 
  "iob": 0.018161308329687494, 
  "activity": 0.00048207671957671935
}