{
  "bolusiob": 0.01806872831999999, 
  "iob": 1.1959231714562595, 
  "activity": 0.024819179805996464
}