{
  "bolusiob": 0, 
  "iob": 0.060251138444236116, 
  "activity": 0.000908227513227513
}