{
  "bolusiob": 0, 
  "iob": -0.21113716459902782, 
  "activity": -0.004427451499118167
}