{
  "bolusiob": 0, 
  "iob": 0.009557203079999695, 
  "activity": 0.002082133862433862
}