{
  "bolusiob": -6.696996000001842e-05, 
  "iob": 1.3668774624271665, 
  "activity": 0.02129768978835978
}