{
  "bolusiob": 0, 
  "iob": -0.1633991476563073, 
  "activity": -0.0015713053262786597
}