{
  "bolusiob": 0.14377252500000007, 
  "iob": 0.9611804397116666, 
  "activity": 0.018697089947089945
}