{
  "bolusiob": 0, 
  "iob": 0.632071760029236, 
  "activity": 0.016893483245149905
}