{
  "bolusiob": 0, 
  "iob": 0.35517074275966665, 
  "activity": 0.010139841269841266
}