{
  "bolusiob": 0, 
  "iob": -0.06260955926279939, 
  "activity": 0.0005338358553791888
}