{
  "bolusiob": 0, 
  "iob": 0.010690123667083324, 
  "activity": 0.0006430776014109345
}