{
  "bolusiob": 0, 
  "iob": 0.31409745048730603, 
  "activity": 0.00400784823633157
}