{
  "bolusiob": 0, 
  "iob": 0.5411811992553334, 
  "activity": 0.003511675485008818
}