{
  "bolusiob": 0, 
  "iob": 0.42139777702458336, 
  "activity": 0.009433659611992943
}