{
  "bolusiob": 0, 
  "iob": -0.08942135744999999, 
  "activity": -0.00016830687830687827
}