{
  "bolusiob": 0, 
  "iob": -0.2751459491616667, 
  "activity": -0.005161022927689593
}