{
  "bolusiob": 0, 
  "iob": -0.10472614973545831, 
  "activity": -0.00396836860670194
}