{
  "bolusiob": 0, 
  "iob": 0.30751385707363366, 
  "activity": 0.005888862592592591
}