{
  "bolusiob": 0.10151946048000003, 
  "iob": 1.2794654574662718, 
  "activity": 0.018540300194003524
}