{
  "bolusiob": 0, 
  "iob": 0.013590323656666667, 
  "activity": -0.0012814109347442685
}