{
  "bolusiob": 0, 
  "iob": 0.6375769953802052, 
  "activity": 0.010225757407407407
}