{
  "bolusiob": 0, 
  "iob": 0.098998683874861104, 
  "activity": 0.0012775749559082892
}