{
  "bolusiob": 0, 
  "iob": -0.2612390855127778, 
  "activity": -0.0019446560846560846
}