{
  "bolusiob": 0, 
  "iob": 0.17994818254388906, 
  "activity": 0.012135617283950618
}