{
  "bolusiob": 0, 
  "iob": 0.3762146184658333, 
  "activity": 0.009032363315696646
}