{
  "bolusiob": 0, 
  "iob": 0.6179757918715306, 
  "activity": 0.01239301571428571
}