{
  "bolusiob": 0, 
  "iob": 0.47832835761436865, 
  "activity": 0.006589276719576716
}