{
  "bolusiob": 0, 
  "iob": -0.4403486981277778, 
  "activity": -0.007325273368606703
}