{
  "bolusiob": 0, 
  "iob": 0.019930243841111125, 
  "activity": 0.00012500881834215177
}