{
  "bolusiob": 0, 
  "iob": 0.7758539907333332, 
  "activity": 0.015575520282186945
}