{
  "bolusiob": 0, 
  "iob": 0.2736834550549567, 
  "activity": -0.0013895327513227512
}