{
  "bolusiob": 0, 
  "iob": 0.33516863086500004, 
  "activity": 0.0025532980599647275
}