{
  "bolusiob": 0, 
  "iob": 0.05130939779250002, 
  "activity": 0.001534126984126984
}