{
  "bolusiob": 0, 
  "iob": -0.43312659330666664, 
  "activity": -0.004984603174603174
}