{
  "bolusiob": 0, 
  "iob": 0.18568394468333335, 
  "activity": 0.005731040564373897
}