{
  "bolusiob": 0, 
  "iob": 0.016932261219999998, 
  "activity": -0.00041497354497354504
}