{
  "bolusiob": 0, 
  "iob": 0.6719572668956946, 
  "activity": 0.003315987654320987
}