{
  "bolusiob": 0, 
  "iob": -0.05903877672444444, 
  "activity": 0.0023403174603174605
}