{
  "bolusiob": 1.2989565996622223, 
  "iob": 2.109413586890791, 
  "activity": 0.00890769814814815
}