{
  "bolusiob": 0.26247623708444445, 
  "iob": 0.6583555094933333, 
  "activity": 0.007260740740740739
}