{
  "bolusiob": 0, 
  "iob": 0.8666068531800465, 
  "activity": 0.012399136225749554
}