{
  "bolusiob": 0, 
  "iob": 0.2784102333680866, 
  "activity": 0.004144859029982364
}