{
  "bolusiob": 0, 
  "iob": 0.5809962318755555, 
  "activity": 0.006761975308641972
}