{
  "bolusiob": 0, 
  "iob": 0.32571845966072455, 
  "activity": 0.00018800740740740774
}