{
  "bolusiob": 0, 
  "iob": -0.013248795948499561, 
  "activity": -0.00067984391534391575
}