{
  "bolusiob": 0, 
  "iob": 0.0031886898266803992, 
  "activity": 0.0001065254850088184
}