{
  "bolusiob": 0, 
  "iob": 0.13671739428870283, 
  "activity": -0.00017863328042328034
}