{
  "bolusiob": 0, 
  "iob": 0.563065803530031, 
  "activity": 0.00650126996472663
}