{
  "bolusiob": 0, 
  "iob": -0.22401923159013892, 
  "activity": -0.001146252204585538
}