{
  "bolusiob": 0, 
  "iob": -0.43969440538144455, 
  "activity": -0.0028578483245149918
}