{
  "bolusiob": 0, 
  "iob": 0.2561119582142223, 
  "activity": 0.004561552028218695
}