{
  "bolusiob": 0, 
  "iob": -0.5181147796078481, 
  "activity": -0.008526525485008818
}