{
  "bolusiob": 0, 
  "iob": 0.1500275927798611, 
  "activity": 0.0026533950617283948
}