{
  "bolusiob": 0, 
  "iob": 0.30641127846122984, 
  "activity": 0.004245670440917107
}