{
  "bolusiob": 0.04063838063999996, 
  "iob": 0.8013281543133334, 
  "activity": 0.013413703703703702
}