{
  "bolusiob": 0, 
  "iob": 0.15445265862888893, 
  "activity": 0.0012064726631393296
}