{
  "bolusiob": 0, 
  "iob": -0.08411476877555557, 
  "activity": -0.0015361904761904762
}