{
  "bolusiob": 0, 
  "iob": 0.19120139533619993, 
  "activity": 0.0006179013580246913
}