{
  "bolusiob": 0, 
  "iob": 0.6129061633116667, 
  "activity": 0.018439179894179893
}