{
  "bolusiob": 0, 
  "iob": 0.5588285625155556, 
  "activity": 0.0022244444444444443
}