{
  "bolusiob": 0, 
  "iob": 0.37460434950666666, 
  "activity": 0.011835467372134036
}