{
  "bolusiob": 0, 
  "iob": 0.2353040543224167, 
  "activity": 0.00506953262786596
}