{
  "bolusiob": 0, 
  "iob": 0.5309154650612178, 
  "activity": 0.005390611375661376
}