{
  "netbasalinsulin": 0.10000000000000001, 
  "activity": 0.041599999999999998, 
  "basaliob": 0.127, 
  "hightempinsulin": 0.14999999999999999, 
  "bolussnooze": 0.025000000000000001, 
  "iob": 1.4379999999999999
}