{
  "bolusiob": 0, 
  "iob": -0.04715980631924293, 
  "activity": -0.006749479453262785
}