{
  "bolusiob": 0, 
  "iob": 0.2278845370787885, 
  "activity": 0.00022181666666666675
}