{
  "bolusiob": 0, 
  "iob": -0.21673481589163196, 
  "activity": -0.0013051234567901231
}