{
  "bolusiob": 0, 
  "iob": 0.16230708639444447, 
  "activity": 0.0010571957671957673
}