{
  "bolusiob": 0.1679183603066667, 
  "iob": 1.0396462391733334, 
  "activity": 0.015868183421516753
}