{
  "bolusiob": 0, 
  "iob": -0.010519945912696282, 
  "activity": -0.002001763756613757
}