{
  "bolusiob": 0, 
  "iob": -0.6267116717787501, 
  "activity": -0.0064596384479717805
}