{
  "bolusiob": 0.22391953920000002, 
  "iob": 1.1317438283696433, 
  "activity": 0.016962654320987654
}