{
  "bolusiob": 0, 
  "iob": -0.15201304686345821, 
  "activity": -0.0038032009700176362
}