{
  "bolusiob": 0, 
  "iob": -0.15393001126055555, 
  "activity": -0.002041560846560846
}