{
  "bolusiob": 0, 
  "iob": 0.14102826735986124, 
  "activity": 0.004398245149911814
}