{
  "bolusiob": 0, 
  "iob": -0.5341916616354624, 
  "activity": -0.008144726437389768
}