{
  "bolusiob": 0, 
  "iob": -0.24074667711875, 
  "activity": -0.00010994708994708968
}