{
  "bolusiob": 0, 
  "iob": -0.07967865268497354, 
  "activity": -0.00035366860670194017
}