{
  "bolusiob": 0, 
  "iob": -0.03312125279333334, 
  "activity": 0.0010308641975308645
}