{
  "bolusiob": 0, 
  "iob": 0.4266863607134835, 
  "activity": 0.004485306084656084
}