{
  "bolusiob": 0, 
  "iob": 0.6819663226354632, 
  "activity": 0.007070020352733686
}