{
  "bolusiob": 0, 
  "iob": 0.4219297116783333, 
  "activity": 0.003925017636684304
}