{
  "bolusiob": 0, 
  "iob": -0.09262561338388887, 
  "activity": 0.000921499118165785
}