{
  "bolusiob": 0, 
  "iob": -0.3085471154836667, 
  "activity": -0.0019012610229276895
}