{
  "bolusiob": 0, 
  "iob": 0.3156370211061459, 
  "activity": 0.0034868342151675477
}