{
  "bolusiob": 0, 
  "iob": -0.28195260365318936, 
  "activity": -0.0031894002645502643
}