{
  "bolusiob": 0, 
  "iob": 0.6157499908701627, 
  "activity": 0.007826808324514989
}