{
  "bolusiob": 0, 
  "iob": -0.31550576695097216, 
  "activity": -0.0016830511463844797
}