{
  "bolusiob": 0, 
  "iob": 0.005852327621680406, 
  "activity": 0.00010652548500881816
}