{
  "bolusiob": 0, 
  "iob": 0.24760826516199996, 
  "activity": 0.00439537037037037
}