{
  "bolusiob": 0.8872612066133335, 
  "iob": 2.2469921955581946, 
  "activity": 0.025013871252204584
}