{
  "bolusiob": 0, 
  "iob": -0.10478041820666667, 
  "activity": 4.439153439153416e-05
}