{
  "bolusiob": 0, 
  "iob": 0.3453563329072222, 
  "activity": 0.006348703703703703
}