{
  "bolusiob": 0.1620321744, 
  "iob": 0.8481793691289404, 
  "activity": 0.014758236578483241
}