{
  "bolusiob": 1.1211979680000002, 
  "iob": 3.0043858934838372, 
  "activity": 0.029935091728395063
}