{
  "bolusiob": 0, 
  "iob": 0.10701916566722224, 
  "activity": -0.0006474250440917106
}