{
  "bolusiob": 0.2948019548800001, 
  "iob": 2.444614591608889, 
  "activity": 0.04276994708994708
}