{
  "bolusiob": 0, 
  "iob": 0.12468972361555555, 
  "activity": 0.002538130511463844
}