{
  "bolusiob": 0, 
  "iob": -0.09993624105833333, 
  "activity": -0.0034032627865961187
}