{
  "bolusiob": 0, 
  "iob": 0.8001588034577776, 
  "activity": 0.016000158730158722
}