{
  "bolusiob": 0, 
  "iob": -0.13171289564980038, 
  "activity": 0.0031813580246913583
}