{
  "bolusiob": 0, 
  "iob": -0.1301402004377778, 
  "activity": -0.0007690123456790123
}