{
  "bolusiob": 0, 
  "iob": 0.020843095747777797, 
  "activity": 0.0015447266313932978
}