{
  "bolusiob": 0, 
  "iob": -0.09920943216666667, 
  "activity": -0.0014220458553791887
}