{
  "bolusiob": 0, 
  "iob": -0.2661131829312493, 
  "activity": -0.0031894002645502643
}