{
  "bolusiob": 0, 
  "iob": -0.1620016761663056, 
  "activity": -0.004676516754850087
}