{
  "bolusiob": 0, 
  "iob": 0.9531702759095062, 
  "activity": 0.01494463012345679
}