{
  "bolusiob": 0, 
  "iob": 0.5153418144580555, 
  "activity": 0.002887477954144621
}