{
  "bolusiob": 0, 
  "iob": 0.08973151050109052, 
  "activity": 0.0034219747795414452
}