{
  "bolusiob": 0, 
  "iob": 0.2689741414550832, 
  "activity": 0.004467950970017636
}