{
  "bolusiob": 0, 
  "iob": 0.35524184973108447, 
  "activity": 0.00454116414462081
}