{
  "bolusiob": 0, 
  "iob": 0.11757905594849183, 
  "activity": -0.0016681745149911818
}