{
  "bolusiob": 0, 
  "iob": 0.054551467065555324, 
  "activity": 0.010293580246913578
}