{
  "bolusiob": 0, 
  "iob": 0.08837558118055557, 
  "activity": 0.0005498148148148148
}