{
  "bolusiob": 0, 
  "iob": 0.2603448442888888, 
  "activity": 0.011323289241622571
}