{
  "bolusiob": 0, 
  "iob": 0.3369857343151736, 
  "activity": 0.0029008995767195764
}