{
  "bolusiob": 0, 
  "iob": -0.08865990345000001, 
  "activity": -0.00015243386243386222
}