{
  "bolusiob": 0.014238461599999752, 
  "iob": 1.0210848184138888, 
  "activity": 0.031689029982363316
}