{
  "bolusiob": 0, 
  "iob": -0.43846236137452888, 
  "activity": -0.0033537567372134039
}