{
  "bolusiob": 0, 
  "iob": 0.1768891025166212, 
  "activity": 0.0019475661199294533
}