{
  "bolusiob": 0, 
  "iob": -0.6329173718583967, 
  "activity": -0.005420449858906525
}