{
  "bolusiob": 0, 
  "iob": -0.13544064882610435, 
  "activity": -0.001857504197530864
}