{
  "bolusiob": 0, 
  "iob": -0.28941525711551996, 
  "activity": -0.001367804356261023
}