{
  "bolusiob": 0, 
  "iob": -0.19018744332440976, 
  "activity": -0.000857134038800706
}