{
  "bolusiob": 0, 
  "iob": -0.14707906564166667, 
  "activity": 2.3844797178130552e-05
}