{
  "bolusiob": 0, 
  "iob": 0.2677781119917571, 
  "activity": 0.005030193915343914
}