{
  "bolusiob": 0, 
  "iob": 0.3154863234349998, 
  "activity": 0.0059943474426807745
}