{
  "bolusiob": 0, 
  "iob": -0.11838289350333334, 
  "activity": -0.0022168606701940033
}