{
  "bolusiob": 0, 
  "iob": -0.17285694709405214, 
  "activity": -0.0010074516225749555
}