{
  "bolusiob": 1.8529716986666669, 
  "iob": 3.1736585330303333, 
  "activity": 0.036313562610229264
}