{
  "bolusiob": 0, 
  "iob": 0.8044719511071851, 
  "activity": 0.010882319135802468
}