{
  "bolusiob": 0, 
  "iob": 0.22190951380722213, 
  "activity": 0.004757495590828922
}