{
  "bolusiob": 0, 
  "iob": 0.7107562891233333, 
  "activity": 0.01924373897707231
}