{
  "bolusiob": 0.41695997261333334, 
  "iob": 1.4516030194715277, 
  "activity": 0.013698421516754848
}