{
  "bolusiob": 0, 
  "iob": -0.09544188370777779, 
  "activity": -0.0010465784832451495
}