{
  "bolusiob": 0, 
  "iob": 0.2783180419416633, 
  "activity": 0.005798304056437388
}