{
  "bolusiob": 0.13281642132, 
  "iob": 1.0123978111628744, 
  "activity": 0.015210943298059965
}