{
  "bolusiob": 0.15797953599999978, 
  "iob": 1.9612287676522213, 
  "activity": 0.0372533508818342
}