{
  "bolusiob": 0, 
  "iob": 0.6180763963983334, 
  "activity": 0.006178659611992945
}