{
  "bolusiob": 0, 
  "iob": 0.28863911856222224, 
  "activity": 0.014803315696649028
}