{
  "bolusiob": 0, 
  "iob": 0.05980169201611112, 
  "activity": 0.0008488536155202821
}