{
  "bolusiob": 0, 
  "iob": 0.9164163765800005, 
  "activity": 0.04172275132275133
}