{
  "bolusiob": 0, 
  "iob": 0.6064825892655556, 
  "activity": 0.006632398589065254
}