{
  "bolusiob": 0, 
  "iob": -0.7275775066414037, 
  "activity": -0.008957513139329803
}