{
  "bolusiob": 0, 
  "iob": -0.20294047383541666, 
  "activity": -0.0013566578483245142
}