{
  "bolusiob": 0.028872405119999913, 
  "iob": 0.9467313579116667, 
  "activity": 0.02048456790123456
}