{
  "bolusiob": 0, 
  "iob": 0.5793343711139373, 
  "activity": 0.004521561216931217
}