{
  "bolusiob": 0, 
  "iob": 0.33372069607966676, 
  "activity": 0.005898754850088184
}