{
  "bolusiob": 0, 
  "iob": 0.2605740197693056, 
  "activity": 0.004667927689594356
}