{
  "bolusiob": 0.18005181450666669, 
  "iob": 0.5355671591822222, 
  "activity": 0.0055861728395061715
}