{
  "bolusiob": 0, 
  "iob": 0.2425717422955555, 
  "activity": 0.0013566490299823605
}