{
  "bolusiob": 1.1773216426666666, 
  "iob": 1.9426393565535924, 
  "activity": 0.02178849197530864
}