{
  "bolusiob": 0, 
  "iob": -0.2600987159915278, 
  "activity": -0.0017956790123456788
}