{
  "bolusiob": 0, 
  "iob": -0.35925684926444446, 
  "activity": -0.004082910052910052
}