{
  "bolusiob": 0, 
  "iob": 1.0034944427780976, 
  "activity": 0.01791015885361552
}