{
  "bolusiob": 0, 
  "iob": 0.8832342841734722, 
  "activity": 0.009193253968253969
}