{
  "bolusiob": 0, 
  "iob": 0.15075360671474472, 
  "activity": 0.005437571164021163
}