{
  "bolusiob": 0, 
  "iob": 0.052138400695941764, 
  "activity": 0.0025962173015873012
}