{
  "bolusiob": 0, 
  "iob": 0.1193116931375404, 
  "activity": -0.0011945327160493829
}