{
  "bolusiob": 2.1656266666614243e-06, 
  "iob": 0.6566165981068932, 
  "activity": 0.008810458800705467
}