{
  "bolusiob": 0, 
  "iob": 0.6394881611392909, 
  "activity": 0.006738307072310405
}