{
  "bolusiob": 0, 
  "iob": 0.6475589499452895, 
  "activity": 0.0060994677425044086
}