{
  "bolusiob": 0, 
  "iob": 0.056623176431527776, 
  "activity": 0.00011988536155202814
}