{
  "bolusiob": 0, 
  "iob": 0.022553029419999995, 
  "activity": 0.0012358906525573189
}