{
  "bolusiob": 0, 
  "iob": -0.031036061877638896, 
  "activity": -0.002253112874779541
}