{
  "bolusiob": 0, 
  "iob": 0.05106871515333333, 
  "activity": 0.00021835978835978837
}