{
  "bolusiob": 0, 
  "iob": -0.2447833032748611, 
  "activity": -0.002214144620811287
}