{
  "bolusiob": 0, 
  "iob": 0.10946386464347223, 
  "activity": -0.0006600881834215164
}