{
  "bolusiob": 0, 
  "iob": 0.2694830361957555, 
  "activity": 0.0013897532098765429
}