{
  "bolusiob": 0, 
  "iob": 0.3077995017003695, 
  "activity": 0.001994039171075838
}