{
  "bolusiob": 0, 
  "iob": 0.011044588562083332, 
  "activity": 0.00022428571428571398
}