{
  "bolusiob": 0, 
  "iob": 0.12085102206333331, 
  "activity": -0.00167010582010582
}