{
  "bolusiob": 0, 
  "iob": 0.013746456155383356, 
  "activity": 0.00011490802469135789
}