{
  "bolusiob": 0, 
  "iob": -0.017499695228000017, 
  "activity": -0.001018236331569665
}