{
  "bolusiob": 0, 
  "iob": 0.6396391914678514, 
  "activity": 0.010633782980599644
}