{
  "bolusiob": 0, 
  "iob": 0.12417252427089914, 
  "activity": 0.003256833950617284
}