{
  "bolusiob": 2.1116268142933334, 
  "iob": 2.930054160722917, 
  "activity": 0.013031552028218691
}