{
  "bolusiob": 0, 
  "iob": -0.005488215452986112, 
  "activity": 0.0004191093474426805
}