{
  "bolusiob": 5.006054934471112, 
  "iob": 6.270963029443492, 
  "activity": 0.023187724991181654
}