{
  "bolusiob": 0, 
  "iob": 0.16659683085555557, 
  "activity": 0.001240520282186948
}