{
  "bolusiob": 0, 
  "iob": -0.6514957579181724, 
  "activity": -0.00763863328042328
}