{
  "bolusiob": 0, 
  "iob": 0.34299942668680555, 
  "activity": 0.003905343915343915
}