{
  "bolusiob": 0, 
  "iob": 0.05323713065756375, 
  "activity": 0.002459021075837742
}