{
  "bolusiob": 1.3000588379022222, 
  "iob": 2.2043351581307093, 
  "activity": 0.01618686058201058
}