{
  "bolusiob": 0, 
  "iob": 0.2204484734527778, 
  "activity": 0.0018276719576719575
}