{
  "bolusiob": 0, 
  "iob": -0.01605393888906751, 
  "activity": 0.0038939944444444444
}