{
  "bolusiob": 0, 
  "iob": 0.07819390661048138, 
  "activity": 0.0027960314814814815
}