{
  "bolusiob": 0, 
  "iob": 0.18086082081645832, 
  "activity": 0.004811384479717812
}