{
  "bolusiob": 0.0021402257066665763, 
  "iob": 0.7602845658681945, 
  "activity": 0.017454611992945325
}