{
  "bolusiob": 0.73024997256, 
  "iob": 2.051666778151111, 
  "activity": 0.019840529100529098
}