{
  "bolusiob": 0, 
  "iob": 0.09831635224888839, 
  "activity": 0.007707830687830683
}