{
  "bolusiob": 0, 
  "iob": 0.6672673254208235, 
  "activity": 0.007476543492063492
}