{
  "bolusiob": 0, 
  "iob": 0.14663328787753327, 
  "activity": 0.000324568024691358
}