{
  "bolusiob": 0, 
  "iob": -0.3224650877689138, 
  "activity": -0.001488976984126984
}