{
  "bolusiob": 0.13208148650666668, 
  "iob": 0.5050412605155555, 
  "activity": 0.0061046913580246895
}