{
  "bolusiob": 0, 
  "iob": 0.49929896770722215, 
  "activity": 0.004470582010582011
}