{
  "bolusiob": 0.19893837528000005, 
  "iob": 1.1244892405952778, 
  "activity": 0.013613835978835979
}