{
  "bolusiob": 0, 
  "iob": 0.24328387303333338, 
  "activity": 0.0032008289241622573
}