{
  "bolusiob": 0, 
  "iob": -0.16120748669866547, 
  "activity": -0.001248086543209876
}