{
  "bolusiob": 0, 
  "iob": 0.5589024121414174, 
  "activity": 0.00814992074074074
}