{
  "bolusiob": 0, 
  "iob": 0.42138681939847233, 
  "activity": 0.0013681040564373897
}