{
  "bolusiob": 0, 
  "iob": 0.9354957553422578, 
  "activity": 0.016339153562610224
}