{
  "bolusiob": 0, 
  "iob": 0.1631912176277829, 
  "activity": 0.0017155468253968256
}