{
  "bolusiob": 0, 
  "iob": -0.07573369671111112, 
  "activity": -0.0008083950617283949
}