{
  "bolusiob": 0, 
  "iob": -0.11552018318143895, 
  "activity": 0.0010356350440917106
}