{
  "bolusiob": 0, 
  "iob": 0.7710464381713888, 
  "activity": 0.007091940035273366
}