{
  "bolusiob": 1.3277637224000003, 
  "iob": 3.6773324264, 
  "activity": 0.04193548500881834
}