{
  "bolusiob": 0, 
  "iob": 0.3063352389233333, 
  "activity": 0.006540299823633157
}