{
  "bolusiob": 0, 
  "iob": 0.37107264497536113, 
  "activity": 2.0343915343915097e-05
}