{
  "bolusiob": 0, 
  "iob": 0.20698816494444447, 
  "activity": 0.000634832451499118
}