{
  "bolusiob": 1.825259437511111, 
  "iob": 2.762054159341111, 
  "activity": 0.02562839506172839
}