{
  "bolusiob": 0, 
  "iob": 0.11535368925716515, 
  "activity": 0.0010969842151675488
}