{
  "bolusiob": 0.012953598800000021, 
  "iob": 0.9888022212433334, 
  "activity": 0.02663262786596119
}