{
  "bolusiob": 0, 
  "iob": 0.4287223284449997, 
  "activity": 0.01263407407407407
}