{
  "bolusiob": 0, 
  "iob": -0.25177752556632327, 
  "activity": -0.0009046738447971778
}