{
  "bolusiob": 0.0037260151466666615, 
  "iob": 1.4758903421155558, 
  "activity": 0.03928885361552028
}