{
  "bolusiob": 0, 
  "iob": 0.02073183493444445, 
  "activity": -5.548500881834208e-05
}