{
  "bolusiob": 0, 
  "iob": 0.0740431361594445, 
  "activity": 0.0018275132275132298
}