{
  "bolusiob": 0, 
  "iob": 0.2900796570259383, 
  "activity": 0.004459503527336859
}