{
  "bolusiob": 0, 
  "iob": 0.09275972670479168, 
  "activity": 0.0020331128747795415
}