{
  "bolusiob": 0, 
  "iob": 0.006933282739680403, 
  "activity": 0.00017509691358024685
}