{
  "bolusiob": 0, 
  "iob": 0.38818514675800025, 
  "activity": 0.010969135802469134
}