{
  "bolusiob": 0, 
  "iob": 0.026740041234314324, 
  "activity": 0.0025039104938271604
}