{
  "bolusiob": 0, 
  "iob": -0.5391882218622223, 
  "activity": -0.00031656966490299784
}