{
  "bolusiob": 0, 
  "iob": -0.06254766162731387, 
  "activity": 0.005016520176366842
}