{
  "bolusiob": 0, 
  "iob": -0.028034775262222224, 
  "activity": 0.0004041093474426807
}