{
  "bolusiob": 0, 
  "iob": 0.21146328832610142, 
  "activity": 0.004538880070546736
}