{
  "bolusiob": 0, 
  "iob": -0.27400297275375, 
  "activity": -0.0006427248677248672
}