{
  "bolusiob": 0, 
  "iob": 0.09325391346555553, 
  "activity": 0.0013567019400352735
}