{
  "bolusiob": 2.19718155488, 
  "iob": 2.8150349594661113, 
  "activity": 0.019035793650793643
}