{
  "bolusiob": 1.0131536137955557, 
  "iob": 1.4723645511782957, 
  "activity": 0.006125573421516753
}