{
  "bolusiob": 0, 
  "iob": -0.18566225641833334, 
  "activity": 0.0008771075837742504
}