{
  "bolusiob": 0, 
  "iob": 0.590746801233, 
  "activity": 0.006652469135802469
}