{
  "bolusiob": 0, 
  "iob": -0.22380071586756847, 
  "activity": 0.0007268517636684305
}