{
  "bolusiob": 0, 
  "iob": -0.14364027521333333, 
  "activity": -0.0004548148148148148
}