{
  "bolusiob": 0.8291954244266666, 
  "iob": 1.1003946001066667, 
  "activity": 0.005522962962962961
}