{
  "bolusiob": 0.73599718827999994, 
  "iob": 2.147359020860431, 
  "activity": 0.018739418359788356
}