{
  "bolusiob": 0.910144277777778, 
  "iob": 1.7535172712100002, 
  "activity": 0.011516843033509692
}