{
  "bolusiob": 0, 
  "iob": 0.19646935947007102, 
  "activity": 0.00035851864197530863
}