{
  "netbasalinsulin": -0.14999999999999999, 
  "activity": 0.012, 
  "basaliob": -0.058999999999999997, 
  "hightempinsulin": 0, 
  "bolussnooze": 0, 
  "iob": 0.22500000000000001
}