{
  "bolusiob": 0.033111290666666515, 
  "iob": 1.4813066048316672, 
  "activity": 0.035587530864197525
}