{
  "bolusiob": 0, 
  "iob": 0.7797088005187962, 
  "activity": 0.009288915661375657
}