{
  "bolusiob": 0, 
  "iob": -0.1185287747094444, 
  "activity": 0.008568703703703702
}