{
  "bolusiob": 0.02535338026666656, 
  "iob": 1.212440925887698, 
  "activity": 0.02579788372134038
}