{
  "bolusiob": 0, 
  "iob": 0.3498971818800001, 
  "activity": 0.007886913580246912
}