{
  "bolusiob": 0, 
  "iob": 0.9271056806627775, 
  "activity": 0.018776957671957663
}