{
  "bolusiob": 0, 
  "iob": 0.05487218338777776, 
  "activity": 0.00032365961199294554
}