{
  "bolusiob": 0, 
  "iob": -0.0004398104166666639, 
  "activity": -0.0001102292768959433
}