{
  "bolusiob": 0.09884386719999994, 
  "iob": 1.1917913591003473, 
  "activity": 0.022878738977072304
}