{
  "bolusiob": 0, 
  "iob": -0.23349163915777782, 
  "activity": -0.003641428571428571
}