{
  "bolusiob": 0, 
  "iob": 0.34284621441316826, 
  "activity": 0.00399819238095238
}