{
  "bolusiob": 0, 
  "iob": 0.8621333015505557, 
  "activity": 0.00760343915343915
}