{
  "bolusiob": 0, 
  "iob": 0.23060927435763848, 
  "activity": 0.003379003527336857
}