{
  "bolusiob": 0, 
  "iob": 0.1279802632854167, 
  "activity": 0.00335136684303351
}