{
  "bolusiob": 0, 
  "iob": 0.11302649735319446, 
  "activity": 0.00015172839506172816
}