{
  "bolusiob": 0, 
  "iob": -0.11881719579408334, 
  "activity": -0.0019588977072310387
}