{
  "bolusiob": 0, 
  "iob": 0.7286996244466668, 
  "activity": 0.01817209876543209
}