{
  "bolusiob": 0, 
  "iob": 0.015770403792916686, 
  "activity": 0.0031788271604938265
}