{
  "bolusiob": 0, 
  "iob": -0.6241082530996211, 
  "activity": -0.007051208236331569
}