{
  "bolusiob": 0.06165229166666669, 
  "iob": 0.6298909999769381, 
  "activity": 0.014349964761904758
}