{
  "bolusiob": 0, 
  "iob": 0.3197468186049999, 
  "activity": 0.00029663139329805997
}