{
  "bolusiob": 0.2812084664399996, 
  "iob": 2.148122139072146, 
  "activity": 0.03473141098765431
}