{
  "bolusiob": 0, 
  "iob": -0.1811658182827778, 
  "activity": -0.002312169312169312
}