{
  "bolusiob": 0, 
  "iob": 0.17777973178, 
  "activity": 0.0009146913580246913
}