{
  "bolusiob": 0, 
  "iob": 0.09682324540444445, 
  "activity": 0.0013766490299823631
}