{
  "bolusiob": 0, 
  "iob": 0.16621097491611114, 
  "activity": 0.0016312874779541443
}