{
  "bolusiob": 0, 
  "iob": 0.0020523812199999825, 
  "activity": -0.0008596296296296295
}