{
  "bolusiob": 0, 
  "iob": 0.38053585998, 
  "activity": 0.0025277777777777777
}