{
  "bolusiob": 0, 
  "iob": -0.046256454388192925, 
  "activity": 1.8394973544973194e-05
}