{
  "bolusiob": 0, 
  "iob": 0.1180291274627778, 
  "activity": 0.0010280864197530863
}