{
  "bolusiob": 0, 
  "iob": 0.6146065950353214, 
  "activity": 0.009373015731922398
}