{
  "bolusiob": 0, 
  "iob": 0.04815044234708335, 
  "activity": 0.0010359347442680776
}