{
  "bolusiob": 0, 
  "iob": -0.05207442598166667, 
  "activity": -0.0016787477954144621
}