{
  "bolusiob": 0, 
  "iob": -0.1315970919277778, 
  "activity": -0.0015243209876543214
}