{
  "bolusiob": 0, 
  "iob": -0.20685027469731623, 
  "activity": 0.0007786946737213401
}