{
  "bolusiob": 0, 
  "iob": -0.0780132721603995, 
  "activity": 0.0025827158377425045
}