{
  "bolusiob": 0, 
  "iob": 0.9054967575933336, 
  "activity": 0.02279611992945326
}