{
  "bolusiob": 0, 
  "iob": -0.7216599055166443, 
  "activity": -0.00801188724867725
}