{
  "bolusiob": 0, 
  "iob": 0.33884495100847933, 
  "activity": 0.002931569929453262
}