{
  "bolusiob": 0, 
  "iob": -0.11992832113111111, 
  "activity": 0.0025553439153439142
}