{
  "bolusiob": 0, 
  "iob": -0.14448454492611112, 
  "activity": -0.0020001940035273367
}