{
  "bolusiob": 0, 
  "iob": -0.007653231756027744, 
  "activity": 0.003278037037037037
}