{
  "bolusiob": 0, 
  "iob": 0.048006360995694455, 
  "activity": -0.0011751410934744272
}