{
  "bolusiob": 0, 
  "iob": 0.6762395369433334, 
  "activity": 0.008219029982363315
}