{
  "bolusiob": 0, 
  "iob": 0.12875516438569443, 
  "activity": 0.010510679012345675
}