{
  "bolusiob": 0, 
  "iob": 0.1061373887555404, 
  "activity": -0.0016338977954144618
}