{
  "bolusiob": 0, 
  "iob": -0.03499415928555555, 
  "activity": 0.0008685714285714289
}