{
  "bolusiob": 0, 
  "iob": -0.10463195058666669, 
  "activity": -0.0038380776014109337
}