{
  "bolusiob": 1.0110861226666668, 
  "iob": 1.6300172556277037, 
  "activity": 0.020329056349206343
}