{
  "bolusiob": 0, 
  "iob": -0.13363784737794598, 
  "activity": -0.0020182450617283946
}