{
  "bolusiob": 1.048593483857778, 
  "iob": 3.455350347125, 
  "activity": 0.04425024691358023
}