{
  "bolusiob": 0, 
  "iob": 0.02057147119645833, 
  "activity": 0.000563447971781305
}