{
  "bolusiob": 0, 
  "iob": -0.1313552758678889, 
  "activity": -0.0007226102292768956
}