{
  "bolusiob": 0, 
  "iob": 0.8287806915779201, 
  "activity": 0.038542098641975296
}