{
  "bolusiob": 0, 
  "iob": -0.16867120463594595, 
  "activity": -0.0021372574074074065
}