{
  "bolusiob": 0, 
  "iob": -0.06590192051999999, 
  "activity": -0.0009577777777777778
}