{
  "bolusiob": 0, 
  "iob": 1.9298439093433335, 
  "activity": 0.05802042328042326
}