{
  "bolusiob": 0, 
  "iob": -0.7222166925246518, 
  "activity": -0.00894139320987654
}