{
  "bolusiob": 0, 
  "iob": 0.2951143831702905, 
  "activity": 0.0034365258377425036
}