{
  "bolusiob": 0, 
  "iob": 0.0021267862257404093, 
  "activity": 0.00010652548500881816
}