{
  "bolusiob": 0, 
  "iob": 0.37266038692333336, 
  "activity": 0.0069106701940035275
}