{
  "bolusiob": 0.58094014288, 
  "iob": 2.975251326042222, 
  "activity": 0.04872185185185184
}