{
  "bolusiob": 0, 
  "iob": 0.08666370018555539, 
  "activity": 0.010083562610229267
}