{
  "bolusiob": 0, 
  "iob": 0.5489740597088889, 
  "activity": 0.006401834215167547
}