{
  "bolusiob": 0, 
  "iob": -0.09942562072, 
  "activity": -8.666666666666667e-05
}