{
  "bolusiob": 0, 
  "iob": 0.05738982470479169, 
  "activity": 0.001609832451499118
}