{
  "bolusiob": 0, 
  "iob": 0.44947496950222227, 
  "activity": 0.009947619047619045
}