{
  "bolusiob": 0.040921659306666684, 
  "iob": 0.6702574752088889, 
  "activity": 0.008504938271604937
}