{
  "bolusiob": 0, 
  "iob": 0.33946442342000005, 
  "activity": 0.0030929100529100526
}