{
  "bolusiob": 0, 
  "iob": -0.07602192542944447, 
  "activity": 0.0010866666666666661
}