{
  "bolusiob": 0.4936845189466668, 
  "iob": 1.6054178279666669, 
  "activity": 0.013853227513227508
}