{
  "bolusiob": 0.27091218176, 
  "iob": 0.8956374801066666, 
  "activity": 0.009967407407407406
}