{
  "bolusiob": 0, 
  "iob": 0.10754220378819446, 
  "activity": 0.0017353439153439153
}