{
  "bolusiob": 0.01875662933333333, 
  "iob": 0.6836849805111112, 
  "activity": 0.008684444444444443
}