{
  "bolusiob": 0.8995389697955556, 
  "iob": 1.4866543098425065, 
  "activity": 0.007218748112874779
}