{
  "bolusiob": 0, 
  "iob": -0.007704563400694427, 
  "activity": -0.0008165343915343919
}