{
  "bolusiob": 0, 
  "iob": 0.1046747783977778, 
  "activity": 0.005361940035273369
}