{
  "bolusiob": 0, 
  "iob": 0.06850018762944443, 
  "activity": 9.871252204585563e-05
}