{
  "bolusiob": 0, 
  "iob": 0.3287765747177779, 
  "activity": 0.007986701940035272
}