{
  "bolusiob": 0, 
  "iob": 0.12975026201471487, 
  "activity": 0.002234894091710758
}