{
  "bolusiob": 0, 
  "iob": -0.1381816658666667, 
  "activity": -0.001173615520282187
}