{
  "bolusiob": 0, 
  "iob": 0.1997123762422222, 
  "activity": 0.0038633597883597874
}