{
  "bolusiob": 0, 
  "iob": -0.146461568225, 
  "activity": -0.002033880070546737
}