{
  "bolusiob": 0.3602885704000002, 
  "iob": 1.6632698743066667, 
  "activity": 0.01995037037037036
}