{
  "bolusiob": 0, 
  "iob": 0.5178640709931519, 
  "activity": 0.00812181377425044
}