{
  "bolusiob": 0, 
  "iob": 0.0751417687009722, 
  "activity": -0.00019696649029982388
}