{
  "bolusiob": 0, 
  "iob": 0.3383982811475555, 
  "activity": 0.0026513756613756605
}