{
  "bolusiob": 0, 
  "iob": 0.49368253759535013, 
  "activity": 0.009287583791887124
}