{
  "bolusiob": 0, 
  "iob": -0.1043389135635544, 
  "activity": -0.0013724957142857144
}