{
  "bolusiob": 1.1135919445155555, 
  "iob": 1.832915496623972, 
  "activity": 0.012756057936507933
}