{
  "bolusiob": 0, 
  "iob": 0.9536222051236113, 
  "activity": 0.01760355379188712
}