{
  "bolusiob": 0, 
  "iob": 0.13220534917788015, 
  "activity": 0.0006568431393298059
}