{
  "bolusiob": 1.1606648756888889, 
  "iob": 1.6956997099683027, 
  "activity": 0.00832652578483245
}