{
  "bolusiob": 0, 
  "iob": 0.5179312712183333, 
  "activity": 0.002896278659611993
}