{
  "bolusiob": 0, 
  "iob": -0.31202490379944453, 
  "activity": 0.004815149911816574
}