{
  "bolusiob": 0, 
  "iob": -0.2827356858705556, 
  "activity": -0.00487426807760141
}