{
  "bolusiob": 0, 
  "iob": 0.22541267360742379, 
  "activity": 0.0007045505291005291
}