{
  "bolusiob": 0, 
  "iob": 0.7170898296533015, 
  "activity": 0.006437195679012345
}