{
  "bolusiob": 0, 
  "iob": 0.11333823469654039, 
  "activity": -0.0014326279541446209
}