{
  "bolusiob": 0, 
  "iob": 0.30667121421111115, 
  "activity": 0.0020677513227513222
}