{
  "bolusiob": 0, 
  "iob": 0.1972435748688101, 
  "activity": 0.0013953178306878302
}