{
  "bolusiob": 0, 
  "iob": 0.7155599987808063, 
  "activity": 0.008427800282186948
}