{
  "bolusiob": 0, 
  "iob": 0.6098336514755288, 
  "activity": 0.011592610158730162
}