{
  "bolusiob": 0, 
  "iob": -0.5211994127350833, 
  "activity": -0.004147010582010582
}