{
  "bolusiob": 0, 
  "iob": -0.11513250091680557, 
  "activity": -0.001601710758377425
}