{
  "bolusiob": 0, 
  "iob": 0.013125698728888894, 
  "activity": 0.0023780599647266307
}