{
  "bolusiob": 3.6185439400000003, 
  "iob": 4.9962872299400001, 
  "activity": 0.026668783068783064
}