{
  "bolusiob": 0, 
  "iob": 0.22110168256263896, 
  "activity": 0.0031800793650793645
}