{
  "bolusiob": 0, 
  "iob": 0.16628148284388888, 
  "activity": 0.0025122927689594354
}