{
  "bolusiob": 0, 
  "iob": 0.15355697913952104, 
  "activity": -0.0008897265079365077
}