{
  "bolusiob": 0, 
  "iob": 0.4259970734967778, 
  "activity": 0.005062098765432098
}