{
  "bolusiob": 0, 
  "iob": 0.37715804437930806, 
  "activity": 0.004605758112874779
}