{
  "bolusiob": 2.7982892269511113, 
  "iob": 3.5890916147461116, 
  "activity": 0.013972998236331562
}