{
  "bolusiob": 0, 
  "iob": 0.32636411700222256, 
  "activity": 0.018977442680776013
}