{
  "bolusiob": 0, 
  "iob": 0.2237764707627778, 
  "activity": 0.0024897707231040568
}