{
  "bolusiob": 0, 
  "iob": 0.029011995220000003, 
  "activity": 0.0007433862433862433
}