{
  "bolusiob": 0, 
  "iob": 0.7967248751442015, 
  "activity": 0.008589638183421514
}