{
  "bolusiob": 0, 
  "iob": 0.14741662950666684, 
  "activity": 0.007258747795414461
}