{
  "bolusiob": 0, 
  "iob": 0.38404860532753377, 
  "activity": 0.0010965259259259259
}