{
  "bolusiob": 0, 
  "iob": 0.11352706201555557, 
  "activity": 0.0025475661375661375
}