{
  "bolusiob": 0, 
  "iob": 0.4920809853329339, 
  "activity": 0.005043260141093473
}