{
  "bolusiob": 0, 
  "iob": 0.7609276884644444, 
  "activity": 0.02255603174603174
}