{
  "bolusiob": 0, 
  "iob": -0.11868368862208489, 
  "activity": -0.001953130423280423
}