{
  "bolusiob": 0, 
  "iob": 0.30268143080559656, 
  "activity": 0.0009466757319223986
}