{
  "bolusiob": 0, 
  "iob": -0.08985884241390402, 
  "activity": -0.0018604762786596115
}