{
  "bolusiob": 0, 
  "iob": 0.07688193674510418, 
  "activity": 0.002050908289241622
}