{
  "bolusiob": 0, 
  "iob": 0.08886768367422222, 
  "activity": 0.0020287654320987653
}