{
  "bolusiob": 0, 
  "iob": -0.12903496799333333, 
  "activity": -0.0008981481481481481
}