{
  "bolusiob": 0, 
  "iob": -0.09071983086186117, 
  "activity": -0.004255264550264548
}