{
  "netbasalinsulin": -0.29999999999999999, 
  "activity": 0.0054000000000000003, 
  "basaliob": -0.19400000000000001, 
  "hightempinsulin": 0, 
  "bolussnooze": 0, 
  "iob": -0.129
}