{
  "bolusiob": 0, 
  "iob": 0.4025339043471875, 
  "activity": 0.004084162257495591
}