{
  "bolusiob": 0, 
  "iob": -0.14416385140222218, 
  "activity": -0.004232328042328043
}