{
  "bolusiob": 0, 
  "iob": 0.18465646422027782, 
  "activity": 0.003418977072310405
}