{
  "bolusiob": 0, 
  "iob": 0.08579711059320064, 
  "activity": -9.050276895943528e-05
}