{
  "bolusiob": 0, 
  "iob": -0.010848368725173724, 
  "activity": 0.00032806887125220514
}