{
  "bolusiob": 1.0222264648800001, 
  "iob": 1.923941188248333, 
  "activity": 0.017396490299823632
}