{
  "bolusiob": 0, 
  "iob": -0.14705685303797217, 
  "activity": -0.00639116402116402
}