{
  "bolusiob": 1.3979155547022222, 
  "iob": 1.8838406331368889, 
  "activity": 0.006496543209876542
}