{
  "bolusiob": 0.3578323596666666, 
  "iob": 2.3257785835669833, 
  "activity": 0.03615989391534391
}