{
  "bolusiob": 2.1815368111288893, 
  "iob": 3.0501207439961897, 
  "activity": 0.013137654232804231
}