{
  "bolusiob": 0, 
  "iob": 0.10007577091291667, 
  "activity": -0.00027085537918871273
}