{
  "bolusiob": 0, 
  "iob": -0.3062612440144445, 
  "activity": -0.0049531569664902995
}