{
  "bolusiob": 0.0002978227200000738, 
  "iob": 1.6399612199022224, 
  "activity": 0.03531305114638447
}