{
  "bolusiob": 0, 
  "iob": -0.40284571742577785, 
  "activity": -0.0018761111111111116
}