{
  "bolusiob": 0, 
  "iob": -0.006665798615030763, 
  "activity": 0.0020339176895943561
}