{
  "bolusiob": 0, 
  "iob": -0.22289339956888893, 
  "activity": -0.0017003880070546734
}