{
  "bolusiob": 0, 
  "iob": 0.1256520536068727, 
  "activity": 0.004305431569664902
}