{
  "bolusiob": 0, 
  "iob": 0.044761514994999856, 
  "activity": 0.0040360582010581965
}