{
  "bolusiob": 0.008963931093333422, 
  "iob": 1.2019646691847703, 
  "activity": 0.02830493818342151
}