{
  "bolusiob": 1.5767199863199999, 
  "iob": 4.3174421535253344, 
  "activity": 0.06469241622574956
}