{
  "bolusiob": 0, 
  "iob": 0.38536452538323596, 
  "activity": 0.005635363897707231
}