{
  "bolusiob": 1.2446675737600001, 
  "iob": 1.9556361580557147, 
  "activity": 0.010892072045855378
}