{
  "bolusiob": 0, 
  "iob": 0.37125244607777774, 
  "activity": 0.006227336860670194
}