{
  "bolusiob": 0, 
  "iob": 0.6594297421312232, 
  "activity": 0.0068441277072310396
}