{
  "bolusiob": 0, 
  "iob": 0.17099326899141454, 
  "activity": 2.214322751322692e-05
}