{
  "bolusiob": 0, 
  "iob": 0.38359310226189874, 
  "activity": 0.003657381199294532
}