{
  "bolusiob": 0, 
  "iob": 0.005361598775416657, 
  "activity": 0.0003595679012345678
}