{
  "bolusiob": 0, 
  "iob": 0.2822329943909722, 
  "activity": 0.0016724426807760142
}