{
  "bolusiob": 0.87033993412, 
  "iob": 2.028639592417778, 
  "activity": 0.034654726631393296
}