{
  "bolusiob": 0, 
  "iob": -0.2236778716636111, 
  "activity": -0.0014716843033509696
}