{
  "bolusiob": 0, 
  "iob": -0.05286423276500002, 
  "activity": -0.001220723104056438
}