{
  "bolusiob": 0, 
  "iob": 0.14253991977, 
  "activity": 0.0012546031746031743
}