{
  "bolusiob": 0, 
  "iob": 0.13121064763666665, 
  "activity": 0.000872028218694885
}