{
  "bolusiob": 0, 
  "iob": 0.4403800223094443, 
  "activity": 0.017255908289241617
}