{
  "bolusiob": 0, 
  "iob": 0.22015332283619693, 
  "activity": 0.0047490738095238095
}