{
  "bolusiob": 0, 
  "iob": -0.24867995614366672, 
  "activity": -0.001981155202821869
}