{
  "bolusiob": 0, 
  "iob": 0.002545985805416662, 
  "activity": 0.00025639329805996446
}