{
  "bolusiob": 1.2799798964622222, 
  "iob": 1.415501818423292, 
  "activity": 0.0024345856613756612
}