{
  "bolusiob": 0, 
  "iob": 0.014884138351666663, 
  "activity": 0.0011891798941798936
}