{
  "bolusiob": 0, 
  "iob": 0.4630247984427778, 
  "activity": 0.00976015873015873
}