{
  "bolusiob": 0, 
  "iob": 0.6918736535466669, 
  "activity": 0.010618518518518517
}