{
  "bolusiob": 0, 
  "iob": -0.04118635682499999, 
  "activity": -0.00023095238095238079
}