{
  "bolusiob": 0, 
  "iob": 0.014243248219444449, 
  "activity": 0.0008678130511463845
}