{
  "bolusiob": 0, 
  "iob": 0.006758700223333324, 
  "activity": 0.0011987654320987657
}