{
  "bolusiob": 0.13175144616000026, 
  "iob": 1.5503175500266673, 
  "activity": 0.02789335097001764
}