{
  "netbasalinsulin": 0, 
  "activity": 0.045600000000000002, 
  "basaliob": 0.024, 
  "hightempinsulin": 0.050000000000000003, 
  "bolussnooze": 0.085000000000000006, 
  "iob": 1.6739999999999999
}