{
  "bolusiob": 1.328169276088889, 
  "iob": 2.4832254076381943, 
  "activity": 0.021544453262786596
}