{
  "bolusiob": 0, 
  "iob": 0.10924181233133336, 
  "activity": 0.0030315696649029977
}