{
  "bolusiob": 0, 
  "iob": -0.17823993464500004, 
  "activity": -0.0008749911816578486
}