{
  "bolusiob": 0, 
  "iob": 0.10611062710555558, 
  "activity": 0.0005967813051146384
}