{
  "bolusiob": 3.3804285326222225, 
  "iob": 4.277216223448139, 
  "activity": 0.019064188712522048
}