{
  "bolusiob": 0, 
  "iob": 0.3909295332716667, 
  "activity": 0.006117310405643738
}