{
  "bolusiob": 0, 
  "iob": 0.6864932978951389, 
  "activity": 0.009595723104056434
}