{
  "bolusiob": 0, 
  "iob": 0.054015524764348594, 
  "activity": 0.0018473751322751325
}