{
  "bolusiob": 0, 
  "iob": -0.6464550126133334, 
  "activity": -0.006316067019400352
}