{
  "bolusiob": 0, 
  "iob": 0.6223462235105964, 
  "activity": 0.007456896313932979
}