{
  "bolusiob": 0, 
  "iob": 0.01734976345777777, 
  "activity": -0.0002359082892416226
}