{
  "bolusiob": 0, 
  "iob": 0.4288561728266667, 
  "activity": 0.0014199999999999998
}