{
  "bolusiob": 0, 
  "iob": 0.1826124965688889, 
  "activity": 0.0008191093474426809
}