{
  "bolusiob": 0.5146358094533334, 
  "iob": 1.2430319664394442, 
  "activity": 0.026323765432098748
}