{
  "bolusiob": 0, 
  "iob": -0.3979376161711112, 
  "activity": -0.0032668430335097
}