{
  "bolusiob": 0, 
  "iob": 0.18238156080222223, 
  "activity": 0.0007655555555555556
}