{
  "bolusiob": 0, 
  "iob": 0.173092291695, 
  "activity": 0.00455962962962963
}