{
  "bolusiob": 0, 
  "iob": 0.6651600541644446, 
  "activity": 0.02910661375661374
}