{
  "bolusiob": 0, 
  "iob": 0.2584325447067523, 
  "activity": -0.0019778925396825397
}