{
  "bolusiob": 0, 
  "iob": -0.20523226840055558, 
  "activity": 0.0073141358024691365
}