{
  "bolusiob": 0, 
  "iob": -0.0955137469773611, 
  "activity": -0.00032537037037037034
}