{
  "bolusiob": 0, 
  "iob": 0.6646160472238889, 
  "activity": 0.007488377425044092
}