{
  "bolusiob": 0, 
  "iob": -0.34634592355845584, 
  "activity": -0.0031593122222222225
}