{
  "bolusiob": 0, 
  "iob": 0.06224459400166668, 
  "activity": 0.002173985890652557
}