{
  "bolusiob": 0, 
  "iob": -0.16578930215777776, 
  "activity": -0.0020522222222222218
}