{
  "bolusiob": 0, 
  "iob": 0.19010400323814017, 
  "activity": 0.00015023818342151677
}