{
  "bolusiob": 0, 
  "iob": 0.16185431091611113, 
  "activity": 0.0008223897707231038
}