{
  "bolusiob": 0.3480304613333334, 
  "iob": 0.8035809656905253, 
  "activity": 0.005584956119929452
}