{
  "bolusiob": 0, 
  "iob": 0.15571449741423615, 
  "activity": 0.0038935714285714285
}