{
  "bolusiob": 0, 
  "iob": 0.3044707694441111, 
  "activity": 0.005823100529100528
}