{
  "bolusiob": 0, 
  "iob": 0.243204575565176, 
  "activity": 0.004929805908289241
}