{
  "bolusiob": 0.4687708170666669, 
  "iob": 2.8097995547195116, 
  "activity": 0.04583379188712522
}