{
  "bolusiob": 0, 
  "iob": 0.22544852861777767, 
  "activity": 0.008851816578483242
}