{
  "bolusiob": 1.7023981746133334, 
  "iob": 2.6368315457194447, 
  "activity": 0.01923238095238095
}