{
  "bolusiob": 0, 
  "iob": -0.09755323139666669, 
  "activity": -0.0016932363315696648
}