{
  "bolusiob": 0, 
  "iob": 0.22723830518624694, 
  "activity": 0.0029316488536155192
}