{
  "bolusiob": 0, 
  "iob": -0.07276652865022226, 
  "activity": -0.0009247266313932982
}