{
  "bolusiob": 0, 
  "iob": 0.676393197370588, 
  "activity": 0.006612963703703701
}