{
  "bolusiob": 0, 
  "iob": -0.09292665694333335, 
  "activity": -0.001111463844797178
}