{
  "bolusiob": 0, 
  "iob": 0.11502208262055555, 
  "activity": -0.0004757760141093475
}