{
  "bolusiob": 0, 
  "iob": -0.005346225523236103, 
  "activity": -0.0009895149911816575
}