{
  "bolusiob": 0.0015023225333332668, 
  "iob": 0.9343538321988013, 
  "activity": 0.014152930599647262
}