{
  "bolusiob": 0, 
  "iob": 0.40505023019555547, 
  "activity": 0.0016388183421516761
}