{
  "bolusiob": 0, 
  "iob": -0.015464471108807318, 
  "activity": 0.0017525873192239859
}