{
  "bolusiob": 0, 
  "iob": 0.018561560507777776, 
  "activity": -0.00032472663139329806
}