{
  "bolusiob": 0, 
  "iob": -0.6399440001590655, 
  "activity": -0.007561737336860669
}