{
  "bolusiob": 0, 
  "iob": 0.2996806269205556, 
  "activity": 0.00598216049382716
}