{
  "bolusiob": 0, 
  "iob": 0.6901371383144445, 
  "activity": 0.0071853262786596124
}