{
  "bolusiob": 0, 
  "iob": 0.1391809553251793, 
  "activity": 0.004928509611992943
}