{
  "bolusiob": 0, 
  "iob": 0.11780565611499993, 
  "activity": 0.0011539331040564373
}