{
  "bolusiob": 0, 
  "iob": 0.5851643298854304, 
  "activity": 0.015609038712522044
}