{
  "bolusiob": 0, 
  "iob": 0.21987328237911113, 
  "activity": 0.0012654320987654317
}