{
  "bolusiob": 0, 
  "iob": 0.017006323474305553, 
  "activity": -0.00018775132275132266
}