{
  "bolusiob": 0.2197673002666667, 
  "iob": 1.5228428746833331, 
  "activity": 0.027830299823633147
}