{
  "bolusiob": 0, 
  "iob": 0.18418895621147402, 
  "activity": 0.004779788359788359
}