{
  "bolusiob": 0, 
  "iob": 0.04574475493645834, 
  "activity": 0.0011373104056437388
}