{
  "bolusiob": 0, 
  "iob": 0.9071376227155556, 
  "activity": 0.02978246913580247
}