{
  "bolusiob": 0, 
  "iob": 0.00791765698333333, 
  "activity": 0.00117663139329806
}