{
  "bolusiob": 0, 
  "iob": 0.2324161668455556, 
  "activity": 0.00515620811287478
}