{
  "bolusiob": 0, 
  "iob": 0.17635297390200003, 
  "activity": 0.0042471693121693115
}