{
  "bolusiob": 0, 
  "iob": -0.07067584355555556, 
  "activity": -0.0008839506172839506
}