{
  "bolusiob": 0, 
  "iob": 0.8363038811093055, 
  "activity": 0.011956887125220455
}