{
  "bolusiob": 0, 
  "iob": -0.13491606647344442, 
  "activity": -0.0007483245149911812
}