{
  "bolusiob": 0, 
  "iob": 0.02055759766666667, 
  "activity": 0.0019382716049382693
}