{
  "bolusiob": 0, 
  "iob": 1.0758612240150847, 
  "activity": 0.02237709005291005
}