{
  "bolusiob": 0, 
  "iob": 0.4557120012072222, 
  "activity": 0.0026211375661375665
}