{
  "bolusiob": 0, 
  "iob": 0.6331724088359617, 
  "activity": 0.006029995520282187
}