{
  "bolusiob": 0, 
  "iob": -0.04948084736, 
  "activity": -7.11111111111111e-05
}