{
  "bolusiob": 0, 
  "iob": -0.09467000459222225, 
  "activity": -0.0010169841269841268
}