{
  "bolusiob": 0, 
  "iob": 0.9930405514182089, 
  "activity": 0.01875306890652557
}