{
  "bolusiob": 0, 
  "iob": -0.1623431614066667, 
  "activity": -0.0004196119929453262
}