{
  "bolusiob": 0, 
  "iob": 0.2701035872697776, 
  "activity": 0.0021172136507936505
}