{
  "bolusiob": 1.0194326345955556, 
  "iob": 1.7648787401714505, 
  "activity": 0.013649744003527337
}