{
  "bolusiob": 0, 
  "iob": 0.3173136040116665, 
  "activity": 0.003177266313932977
}