{
  "bolusiob": 0, 
  "iob": 0.13874114846145835, 
  "activity": 0.004042760141093473
}