{
  "bolusiob": 0, 
  "iob": -0.25470668671551067, 
  "activity": -0.0006163317813051151
}