{
  "bolusiob": 0, 
  "iob": 0.4559001239224445, 
  "activity": 0.010677636684303349
}