{
  "bolusiob": 0, 
  "iob": 0.15269349590830486, 
  "activity": 0.0024263226631393298
}