{
  "bolusiob": 0, 
  "iob": 0.12739250748013597, 
  "activity": 0.0025823014991181656
}