{
  "bolusiob": 0, 
  "iob": 0.2819524746924012, 
  "activity": -0.000622336984126984
}