{
  "bolusiob": 0, 
  "iob": 0.05272314273722223, 
  "activity": 0.0003354585537918872
}