{
  "bolusiob": 0, 
  "iob": 0.6800520217004544, 
  "activity": 0.008549765361552025
}