{
  "bolusiob": 0, 
  "iob": -0.33119294904875, 
  "activity": -0.0026419312169312158
}