{
  "bolusiob": 0, 
  "iob": -0.0780566716288889, 
  "activity": -0.0006979012345679012
}