{
  "bolusiob": 0, 
  "iob": 0.7365364899933335, 
  "activity": 0.014711940035273367
}