{
  "bolusiob": 0, 
  "iob": -0.08431652805388887, 
  "activity": 0.0006926807760141093
}