{
  "bolusiob": 0, 
  "iob": 0.7008948832921444, 
  "activity": 0.007653950740740739
}