{
  "bolusiob": 0, 
  "iob": 0.18559438037888892, 
  "activity": 0.001399047619047619
}