{
  "bolusiob": 0, 
  "iob": -0.31959953013875003, 
  "activity": -0.0008870105820105821
}