{
  "bolusiob": 0, 
  "iob": 0.006778487409999668, 
  "activity": 0.003157142857142852
}