{
  "bolusiob": 1.6188050288355555, 
  "iob": 2.344070857702222, 
  "activity": 0.01909820105820105
}