{
  "bolusiob": 0, 
  "iob": -0.1636819758418133, 
  "activity": -0.001911649153439153
}