{
  "bolusiob": 0, 
  "iob": -0.08395819086097223, 
  "activity": -0.0016926102292768956
}