{
  "bolusiob": 0, 
  "iob": 0.5931563549137502, 
  "activity": 0.011662231040564368
}