{
  "bolusiob": 1.75311267296, 
  "iob": 2.8512783540006934, 
  "activity": 0.01575578483245149
}