{
  "bolusiob": 2.6999052670400001, 
  "iob": 4.5085720206362501, 
  "activity": 0.040264047354497345
}