{
  "bolusiob": 0, 
  "iob": -0.07578679149333334, 
  "activity": -0.000919506172839506
}