{
  "bolusiob": 0, 
  "iob": -0.06887750635763891, 
  "activity": -0.0009618430335097002
}