{
  "bolusiob": 0, 
  "iob": -0.07645565953, 
  "activity": -0.0015249206349206347
}