{
  "bolusiob": 0, 
  "iob": 0.5946200859648612, 
  "activity": 0.009017910052910048
}