{
  "bolusiob": 0, 
  "iob": 0.35165228124366665, 
  "activity": 0.0025459082892416223
}