{
  "bolusiob": 0, 
  "iob": 0.08177804210277778, 
  "activity": 0.0006977160493827159
}