{
  "bolusiob": 0, 
  "iob": 0.23369242207934374, 
  "activity": 0.004334021075837742
}