{
  "bolusiob": 0, 
  "iob": 0.042882611569080104, 
  "activity": -0.0030032362257495586
}