{
  "bolusiob": 0, 
  "iob": -0.0898080273, 
  "activity": -0.0004011111111111111
}