{
  "bolusiob": 0.7736758948800001, 
  "iob": 1.3732318061750133, 
  "activity": 0.010681005661375656
}