{
  "bolusiob": 0.8492599411199999, 
  "iob": 1.4523879652816918, 
  "activity": 0.008800864021164024
}