{
  "bolusiob": 1.51417928224, 
  "iob": 4.51304348721214, 
  "activity": 0.048460114638447974
}