{
  "bolusiob": 0, 
  "iob": 0.6711777714331947, 
  "activity": 0.009495599647266312
}