{
  "bolusiob": 0, 
  "iob": 0.2320773513444445, 
  "activity": 0.0014311904761904757
}