{
  "bolusiob": 0.6193041117866667, 
  "iob": 1.3383543561955558, 
  "activity": 0.011321199294532626
}