{
  "bolusiob": 0, 
  "iob": -0.1661373978632361, 
  "activity": -0.0037569400352733683
}