{
  "netbasalinsulin": -0.14999999999999999, 
  "activity": 0.010500000000000001, 
  "basaliob": -0.057000000000000002, 
  "hightempinsulin": 0, 
  "bolussnooze": 0, 
  "iob": 0.17299999999999999
}