{
  "bolusiob": -0.00024390784000010156, 
  "iob": 0.54830380416, 
  "activity": 0.013756613756613755
}