{
  "bolusiob": 0, 
  "iob": 0.15006701172777778, 
  "activity": 0.0012794179894179893
}