{
  "bolusiob": 0, 
  "iob": 0.09952795937853993, 
  "activity": 0.001373615643738976
}