{
  "bolusiob": 0, 
  "iob": 0.8344067239433334, 
  "activity": 0.02246860670194003
}