{
  "bolusiob": 0, 
  "iob": -0.0881753246488889, 
  "activity": 0.00026814814814814827
}