{
  "bolusiob": 0, 
  "iob": 0.2279054615616664, 
  "activity": 0.000732777724867725
}