{
  "bolusiob": 0.44885823061333335, 
  "iob": 0.5591106056533333, 
  "activity": 0.0024829629629629624
}