{
  "bolusiob": 0, 
  "iob": 0.6146192642677779, 
  "activity": 0.007595185185185183
}