{
  "bolusiob": 0, 
  "iob": 0.6368076781954071, 
  "activity": 0.010240467283950616
}