{
  "bolusiob": 0.8149690997688889, 
  "iob": 1.6108265684779914, 
  "activity": 0.013855123527336862
}