{
  "bolusiob": 0, 
  "iob": -0.40764793954388895, 
  "activity": -0.00502700176366843
}