{
  "bolusiob": 0, 
  "iob": 0.27091587713430554, 
  "activity": -0.000725291005291005
}