{
  "bolusiob": 0, 
  "iob": 0.13688330828850348, 
  "activity": -0.0017064637389770728
}