{
  "bolusiob": 0, 
  "iob": 0.43921679076909725, 
  "activity": 0.004300723104056437
}