{
  "bolusiob": 0, 
  "iob": 0.4101948440255555, 
  "activity": 0.006868774250440917
}