{
  "bolusiob": 1.0799946054577778, 
  "iob": 2.3476360135277785, 
  "activity": 0.05212116402116401
}