{
  "bolusiob": 0, 
  "iob": 0.07875556442111112, 
  "activity": -8.582010582010581e-05
}