{
  "bolusiob": 1.0459869467911111, 
  "iob": 2.105775166561111, 
  "activity": 0.04838029982363314
}