{
  "bolusiob": 0, 
  "iob": 0.7438984466933334, 
  "activity": 0.022946913580246912
}