{
  "bolusiob": 0, 
  "iob": 0.43254691486222224, 
  "activity": 0.0024536331569664904
}