{
  "bolusiob": 0, 
  "iob": 0.4455278124329908, 
  "activity": 0.00712524964726631
}