{
  "bolusiob": 0, 
  "iob": -0.11033173580410564, 
  "activity": 0.0010497796649029981
}