{
  "bolusiob": 0, 
  "iob": -0.13846020343333335, 
  "activity": -0.0006569135802469135
}