{
  "bolusiob": 0, 
  "iob": -0.026351292104515298, 
  "activity": -0.00051975335097001767
}