{
  "bolusiob": 0, 
  "iob": 0.25893367969000003, 
  "activity": 0.006381481481481481
}