{
  "bolusiob": 0, 
  "iob": 0.49486259202944444, 
  "activity": 0.0029631128747795413
}