{
  "bolusiob": 0, 
  "iob": 0.656097280995395, 
  "activity": 0.004683130881834216
}