{
  "bolusiob": 0, 
  "iob": 0.27794249031161822, 
  "activity": 0.0014979632275132278
}