{
  "bolusiob": 0, 
  "iob": -0.3180883052346389, 
  "activity": -0.0017393827160493826
}