{
  "bolusiob": 0, 
  "iob": 0.20149153635097217, 
  "activity": 0.0031639947089947087
}