{
  "bolusiob": 0, 
  "iob": 0.08804254317569445, 
  "activity": -0.0017799911816578481
}