{
  "bolusiob": 0, 
  "iob": 0.2766364454589172, 
  "activity": -0.00013800677248677245
}