{
  "bolusiob": 0, 
  "iob": 0.14484834946555547, 
  "activity": 0.0036374162257495585
}