{
  "bolusiob": 0, 
  "iob": 0.32216492107890277, 
  "activity": 0.002468350970017636
}