{
  "bolusiob": 0, 
  "iob": -0.055052514368438964, 
  "activity": 0.0009563405114638449
}