{
  "bolusiob": 0, 
  "iob": -0.12139059995799999, 
  "activity": 0.0012254426807760139
}