{
  "bolusiob": 0, 
  "iob": -0.5980136185648612, 
  "activity": -0.007505493827160491
}