{
  "bolusiob": 0, 
  "iob": 0.17542828452386627, 
  "activity": 0.002273862522045855
}