{
  "bolusiob": 0, 
  "iob": 0.07658370458166666, 
  "activity": 0.0004661199294532626
}