{
  "bolusiob": 0, 
  "iob": 0.5731069628926581, 
  "activity": 0.006548553827160494
}