{
  "bolusiob": 0, 
  "iob": 0.3807055472936667, 
  "activity": 0.004965689594356261
}