{
  "bolusiob": 0, 
  "iob": 0.2581104873300001, 
  "activity": 0.005219488536155203
}