{
  "bolusiob": 0, 
  "iob": 0.16383601609944448, 
  "activity": 0.0017181481481481477
}