{
  "bolusiob": 1.5506049046755557, 
  "iob": 2.3879287894538903, 
  "activity": 0.014569999911816574
}