{
  "bolusiob": 0, 
  "iob": -0.22656225915611114, 
  "activity": 0.00023663139329805903
}