{
  "bolusiob": 0, 
  "iob": -0.10351164628041669, 
  "activity": -0.0012087918871252206
}