{
  "bolusiob": 0, 
  "iob": 0.1879597638240495, 
  "activity": -0.005011983756613756
}