{
  "bolusiob": 0.23320332859999998, 
  "iob": 3.0836964334000001, 
  "activity": 0.060744444444444427
}