{
  "bolusiob": 0.16032969920000006, 
  "iob": 1.0451409490046433, 
  "activity": 0.01731882716049382
}