{
  "bolusiob": 0, 
  "iob": 0.332326072718889, 
  "activity": 0.00160147266313933
}