{
  "bolusiob": 0, 
  "iob": 0.5104475175466671, 
  "activity": 0.009963059964726633
}