{
  "bolusiob": 0, 
  "iob": 0.07229169667111111, 
  "activity": 0.001374506172839506
}