{
  "bolusiob": 0, 
  "iob": 0.6235074421079158, 
  "activity": 0.006725661481481481
}