{
  "bolusiob": 0, 
  "iob": -0.00512233318722222, 
  "activity": -0.0013205643738977073
}