{
  "bolusiob": 0.10254923411999994, 
  "iob": 0.7953235985340131, 
  "activity": 0.014430176313932978
}