{
  "bolusiob": 0, 
  "iob": 0.08324520183666667, 
  "activity": 0.004450105820105819
}