{
  "bolusiob": 0, 
  "iob": 0.15989907783555557, 
  "activity": 0.0013002998236331569
}