{
  "bolusiob": 0, 
  "iob": 0.07665035461250001, 
  "activity": 0.0019412169312169308
}