{
  "bolusiob": 0, 
  "iob": 0.3072857801475891, 
  "activity": 0.002854294356261022
}