{
  "bolusiob": 1.3956152588444444, 
  "iob": 4.003762774839778, 
  "activity": 0.06294991181657848
}