{
  "bolusiob": 0.6094493833200001, 
  "iob": 1.6865661185844445, 
  "activity": 0.016337901234567898
}