{
  "bolusiob": 0, 
  "iob": 0.15469586542639818, 
  "activity": 0.004044885273368606
}