{
  "bolusiob": 0, 
  "iob": 0.46562425801017815, 
  "activity": 0.005319594708994708
}