{
  "bolusiob": 0, 
  "iob": 0.0975735743425381, 
  "activity": 0.00390679885361552
}