{
  "bolusiob": 0.46467934805333333, 
  "iob": 0.8562426652703751, 
  "activity": 0.004266437601410934
}