{
  "bolusiob": 0, 
  "iob": 0.3009754626943111, 
  "activity": 0.004615238218694884
}