{
  "bolusiob": 0.9636724513866669, 
  "iob": 2.549498355928889, 
  "activity": 0.022435088183421506
}