{
  "bolusiob": 1.5486792729955559, 
  "iob": 2.252393944478889, 
  "activity": 0.021646455026455021
}