{
  "bolusiob": 0, 
  "iob": -0.06521268072013889, 
  "activity": -0.0006781040564373896
}