{
  "bolusiob": 0, 
  "iob": -0.06591834256277779, 
  "activity": -0.001374532627865961
}