{
  "bolusiob": 1.9131231306711112, 
  "iob": 2.891044385247778, 
  "activity": 0.025415343915343915
}