{
  "bolusiob": 0, 
  "iob": 0.16736873551736103, 
  "activity": 0.003954673721340387
}