{
  "bolusiob": 0, 
  "iob": 0.6787109677643056, 
  "activity": 0.007650899753086419
}