{
  "bolusiob": 0, 
  "iob": 0.3288076586222223, 
  "activity": 0.015728148148148147
}