{
  "bolusiob": 0, 
  "iob": -0.11835758787500002, 
  "activity": -0.0009390476190476193
}