{
  "bolusiob": 0, 
  "iob": 0.1487827763227778, 
  "activity": 0.0011717107583774252
}