{
  "bolusiob": 0, 
  "iob": 0.23066571147845322, 
  "activity": 0.0028932630335096994
}