{
  "bolusiob": 0, 
  "iob": -1.0675360000000911e-05, 
  "activity": -2.8571428571428584e-05
}