{
  "bolusiob": 0, 
  "iob": 0.24379421790796435, 
  "activity": 0.0005393828395061727
}