{
  "bolusiob": 0, 
  "iob": 0.712081167140161, 
  "activity": 0.006655414585537919
}