{
  "bolusiob": 0, 
  "iob": 0.15019777962163516, 
  "activity": 0.0016667461199294529
}