{
  "bolusiob": 1.6608542025600002, 
  "iob": 2.5216206443733333, 
  "activity": 0.009157777777777779
}