{
  "bolusiob": 0, 
  "iob": 0.19752828462497418, 
  "activity": 0.0003481483245149912
}