{
  "bolusiob": 0, 
  "iob": 0.16481859118629297, 
  "activity": 0.002181225837742504
}