{
  "bolusiob": 0, 
  "iob": -0.00026167655777228904, 
  "activity": 0.0007840653791887126
}