{
  "bolusiob": 0, 
  "iob": 0.5263463516311112, 
  "activity": 0.012366102292768957
}