{
  "bolusiob": 0, 
  "iob": 0.3556084025192223, 
  "activity": 0.004961146384479716
}