{
  "bolusiob": 0, 
  "iob": -0.2318278852602444, 
  "activity": -0.0015550883068783067
}