{
  "bolusiob": -0.0001570647466666242, 
  "iob": 1.205896218191667, 
  "activity": 0.031494620811287476
}