{
  "bolusiob": 0, 
  "iob": -0.07136943607555557, 
  "activity": -0.0008817283950617283
}