{
  "bolusiob": 0, 
  "iob": -0.22867455449595378, 
  "activity": -0.0030273279541446207
}