{
  "bolusiob": 0, 
  "iob": 0.5572349341476888, 
  "activity": 0.00489479742504409
}