{
  "bolusiob": 0, 
  "iob": 0.2298556106679736, 
  "activity": 0.004169973368606702
}