{
  "bolusiob": 0.32172463488, 
  "iob": 1.0537227061071268, 
  "activity": 0.012939082716049384
}