{
  "bolusiob": 0, 
  "iob": -0.593603930866119, 
  "activity": -0.006661649153439153
}