{
  "bolusiob": 0.20664407068000007, 
  "iob": 1.7418140091442802, 
  "activity": 0.02488324552028218
}