{
  "bolusiob": 0, 
  "iob": 0.281979429869444, 
  "activity": 0.002802683333333333
}