{
  "bolusiob": 0, 
  "iob": 0.4828798872343253, 
  "activity": 0.004034955855379187
}