{
  "bolusiob": 0.039356554026666685, 
  "iob": 0.6055919136733873, 
  "activity": 0.014190018007054666
}