{
  "bolusiob": 0.9830469737244445, 
  "iob": 1.7132054434488886, 
  "activity": 0.011979365079365072
}