{
  "bolusiob": 0, 
  "iob": -0.22280393741900598, 
  "activity": -8.424153439153463e-05
}