{
  "bolusiob": 0.057546774399999945, 
  "iob": 1.6244950619649998, 
  "activity": 0.03958068783068782
}