{
  "bolusiob": 0, 
  "iob": 0.38874504764000006, 
  "activity": 0.00913114638447971
}