{
  "bolusiob": 0, 
  "iob": -0.19474655298722224, 
  "activity": -0.0020745414462081126
}