{
  "bolusiob": 0, 
  "iob": -0.06812923065914625, 
  "activity": 0.0011985537037037036
}