{
  "bolusiob": 0, 
  "iob": 0.2927108314277778, 
  "activity": 0.007542169312169311
}