{
  "bolusiob": 8.567999999764542e-06, 
  "iob": 1.3991297456003513, 
  "activity": 0.03416998209876542
}