{
  "bolusiob": 0, 
  "iob": 0.31341303123310993, 
  "activity": 0.0011891417107583778
}