{
  "bolusiob": 0, 
  "iob": -0.3935798773685466, 
  "activity": -0.0026109172310405646
}