{
  "bolusiob": 0, 
  "iob": 0.5621576986213366, 
  "activity": 0.007057575079365077
}