{
  "bolusiob": 0, 
  "iob": -0.19880584224711267, 
  "activity": -0.0034584655202821867
}