{
  "bolusiob": 0, 
  "iob": 0.7433791290024342, 
  "activity": 0.010438553897707228
}