{
  "bolusiob": 0, 
  "iob": 0.07926323851111111, 
  "activity": 0.0014836860670194003
}