{
  "bolusiob": 0, 
  "iob": 0.28639003265833335, 
  "activity": 0.0021430511463844796
}