{
  "bolusiob": 0, 
  "iob": 0.6884090185223797, 
  "activity": 0.010309728483245148
}