{
  "bolusiob": 0, 
  "iob": -0.016030082631110935, 
  "activity": 0.005962186948853614
}