{
  "bolusiob": 0, 
  "iob": -0.12706026071944446, 
  "activity": -0.0008476719576719575
}