{
  "bolusiob": 0, 
  "iob": 0.3012140693288889, 
  "activity": 0.0029543915343915334
}