{
  "bolusiob": 0, 
  "iob": 0.6138483325121232, 
  "activity": 0.00874489430335097
}