{
  "bolusiob": 0, 
  "iob": 0.28292004614306787, 
  "activity": -0.00019376555555555508
}