{
  "bolusiob": 0, 
  "iob": 0.09544492819180554, 
  "activity": -0.0014865343915343918
}