{
  "bolusiob": 0, 
  "iob": 0.10690267440736106, 
  "activity": -0.0003158289241622581
}