{
  "bolusiob": 0, 
  "iob": 0.21146650030055555, 
  "activity": 0.014291552028218694
}