{
  "bolusiob": 0, 
  "iob": 0.6929811975861112, 
  "activity": 0.008416172839506172
}