{
  "bolusiob": 0, 
  "iob": 0.32133788886722214, 
  "activity": 0.007855820105820106
}