{
  "bolusiob": 0, 
  "iob": -0.49650286762777784, 
  "activity": -0.004635731922398589
}