{
  "bolusiob": 1.0869194, 
  "iob": 1.7358147126588395, 
  "activity": 0.008039635802469131
}