{
  "bolusiob": 0, 
  "iob": 0.14341258536533882, 
  "activity": -0.0014440298589065254
}