{
  "bolusiob": 0, 
  "iob": 0.1492294462480055, 
  "activity": -0.0011636065784832452
}