{
  "bolusiob": 0.01179316799999981, 
  "iob": 1.904267793333334, 
  "activity": 0.050299823633156965
}