{
  "bolusiob": 0, 
  "iob": 0.5702282627785143, 
  "activity": 0.008746075961199293
}