{
  "bolusiob": 0, 
  "iob": 0.23886389548440973, 
  "activity": 0.006360485008818341
}