{
  "bolusiob": 0, 
  "iob": -0.06954697460222226, 
  "activity": -0.0004346737213403878
}