{
  "bolusiob": 0, 
  "iob": -0.1195668880226491, 
  "activity": -0.004107654074074075
}