{
  "bolusiob": 0, 
  "iob": 0.4674085392763995, 
  "activity": 0.004020599417989417
}