{
  "bolusiob": 0, 
  "iob": 0.6770771887604381, 
  "activity": 0.007068201252204584
}