{
  "bolusiob": 0, 
  "iob": -0.15456438367666658, 
  "activity": 0.008449858906525574
}