{
  "bolusiob": 0, 
  "iob": -0.060466742981666696, 
  "activity": -0.0018374779541446206
}