{
  "bolusiob": 0, 
  "iob": -0.20514377659888888, 
  "activity": -0.0018312874779541444
}