{
  "bolusiob": 0.3300547904000002, 
  "iob": 2.2949769847089336, 
  "activity": 0.052652098765432094
}