{
  "bolusiob": 0, 
  "iob": 0.3175018983722777, 
  "activity": 0.00628700169312169
}