{
  "bolusiob": 0, 
  "iob": -0.34110498788696897, 
  "activity": -0.0039610757142857144
}