{
  "bolusiob": 0, 
  "iob": 0.5339867505064547, 
  "activity": 0.0038892463844797174
}