{
  "bolusiob": 0, 
  "iob": 0.2973903491754318, 
  "activity": -0.0016433770546737216
}