{
  "bolusiob": 0, 
  "iob": 0.011126224504999994, 
  "activity": 7.698412698412687e-05
}