{
  "bolusiob": 0, 
  "iob": 0.3384591330775, 
  "activity": 0.007050202821869488
}