{
  "bolusiob": 0, 
  "iob": -0.1576472010586818, 
  "activity": -0.0014560318342151672
}