{
  "bolusiob": 0, 
  "iob": -0.5025236301597222, 
  "activity": -0.005145388007054674
}