{
  "bolusiob": 0, 
  "iob": -0.2277572987942655, 
  "activity": -0.0009890389241622574
}