{
  "bolusiob": 0, 
  "iob": 0.05129384215055556, 
  "activity": 0.0002818430335097
}