{
  "bolusiob": 0, 
  "iob": -0.14279916910986112, 
  "activity": -0.0011967107583774252
}