{
  "bolusiob": 0.009420185000000025, 
  "iob": 0.31613627742166667, 
  "activity": 0.008035361552028216
}