{
  "bolusiob": 0, 
  "iob": 0.3280921077436444, 
  "activity": 0.004578412821869488
}