{
  "bolusiob": 0, 
  "iob": 0.032330095448333346, 
  "activity": 0.002346931216931217
}