{
  "bolusiob": 0, 
  "iob": -0.14825697888222222, 
  "activity": -0.00021320987654320988
}