{
  "bolusiob": 0, 
  "iob": -0.4581428546616668, 
  "activity": -0.0048808112874779526
}