{
  "bolusiob": 0, 
  "iob": 0.05130325202222221, 
  "activity": 0.0006653703703703703
}