{
  "bolusiob": 0, 
  "iob": -0.48428851055777794, 
  "activity": -0.005656772486772486
}