{
  "bolusiob": 0, 
  "iob": 0.5515506101304342, 
  "activity": 0.0041990180776014085
}