{
  "bolusiob": 0, 
  "iob": -0.14470156473545842, 
  "activity": -0.0040847707231040555
}