{
  "bolusiob": 0, 
  "iob": 0.1315965555099435, 
  "activity": 0.0007693828042328036
}