{
  "bolusiob": 0, 
  "iob": -0.032447104705777725, 
  "activity": 0.002146419753086419
}