{
  "bolusiob": 0, 
  "iob": 0.9694434600000842, 
  "activity": 0.009143548589065255
}