{
  "bolusiob": 0, 
  "iob": 0.8742448922095831, 
  "activity": 0.009504876543209877
}