{
  "bolusiob": 0, 
  "iob": 0.9499107014345833, 
  "activity": 0.023312654320987652
}