{
  "bolusiob": 0, 
  "iob": -0.13460604224444445, 
  "activity": -0.000768395061728395
}