{
  "bolusiob": 0.40178783333333334, 
  "iob": 1.9928604004850001, 
  "activity": 0.036713209876543196
}