{
  "bolusiob": 0, 
  "iob": 0.5402621779897545, 
  "activity": 0.009522539700176365
}