{
  "bolusiob": 0, 
  "iob": 0.3052611750553377, 
  "activity": 0.0012199120634920632
}