{
  "bolusiob": 0, 
  "iob": 0.13464555214777776, 
  "activity": 0.0026019753086419756
}