{
  "bolusiob": 5.1823525326222217, 
  "iob": 5.4059667183222215, 
  "activity": 0.010152028218694884
}