{
  "bolusiob": 0.4623075737599999, 
  "iob": 0.9908747281066665, 
  "activity": 0.008189629629629628
}