{
  "bolusiob": 0, 
  "iob": -0.18036223926625003, 
  "activity": -0.00127015873015873
}