{
  "bolusiob": 0, 
  "iob": 0.019730571226111094, 
  "activity": -0.0001375132275132274
}