{
  "bolusiob": 0.02967817668000001, 
  "iob": 0.7371121660883335, 
  "activity": 0.017951992945326276
}