{
  "bolusiob": 0, 
  "iob": -0.12797062436241796, 
  "activity": -0.0003425751322751325
}