{
  "bolusiob": 2.1599892109155556, 
  "iob": 2.5429200749288894, 
  "activity": 0.023917248677248672
}