{
  "bolusiob": 0, 
  "iob": 0.19591194292097225, 
  "activity": 0.001628562610229277
}