{
  "bolusiob": 0, 
  "iob": 0.2899629106761065, 
  "activity": 0.0016295416931216928
}