{
  "bolusiob": 0, 
  "iob": -0.3588823732583334, 
  "activity": -0.005514303350970017
}