{
  "bolusiob": 0, 
  "iob": 0.8829289151759601, 
  "activity": 0.008111869417989416
}