{
  "bolusiob": 0.34511041664, 
  "iob": 1.0712450465856667, 
  "activity": 0.017496137566137555
}