{
  "bolusiob": 0, 
  "iob": 0.4523284367783333, 
  "activity": 0.006240440917107582
}