{
  "bolusiob": 0, 
  "iob": 0.299717447407, 
  "activity": 0.0024411992945326273
}