{
  "bolusiob": 0, 
  "iob": -0.15844352913554371, 
  "activity": -0.0009640059964726629
}