{
  "bolusiob": 0, 
  "iob": 0.0852317304560666, 
  "activity": 0.0014381305114638447
}