{
  "bolusiob": 0, 
  "iob": 0.31750168023611114, 
  "activity": -0.0002243298059964727
}