{
  "bolusiob": 0, 
  "iob": 0.3390347129233334, 
  "activity": 0.00672548500881834
}