{
  "bolusiob": 2.1764242127955558, 
  "iob": 3.6246738867321704, 
  "activity": 0.028801631763668428
}