{
  "bolusiob": 0, 
  "iob": -0.05412100461833334, 
  "activity": -0.0015242151675485002
}