{
  "bolusiob": 0, 
  "iob": 0.384536766823889, 
  "activity": 0.010423985890652555
}