{
  "bolusiob": 0, 
  "iob": -0.27847317477950284, 
  "activity": -0.004113606719576719
}