{
  "bolusiob": 0.5091855722799999, 
  "iob": 2.3300594036266666, 
  "activity": 0.03674215167548501
}