{
  "bolusiob": 0, 
  "iob": 1.105985312446111, 
  "activity": 0.019794567901234565
}