{
  "bolusiob": 0, 
  "iob": 0.005849738667083316, 
  "activity": 0.00043143738977072287
}