{
  "bolusiob": 0.686824768, 
  "iob": 2.6807527427282403, 
  "activity": 0.03316426781305113
}