{
  "bolusiob": 0, 
  "iob": -0.042340035825000004, 
  "activity": -0.00031031746031746026
}