{
  "bolusiob": 0, 
  "iob": 0.006407542942777789, 
  "activity": 0.0005245414462081128
}