{
  "bolusiob": 0, 
  "iob": 0.6669265811755557, 
  "activity": 0.008133245149911816
}