{
  "bolusiob": 0, 
  "iob": 0.03111843728979167, 
  "activity": 0.0012246472663139329
}