{
  "bolusiob": 0, 
  "iob": 0.05035763912222225, 
  "activity": 0.002604338624338623
}