{
  "bolusiob": 0, 
  "iob": 0.05698374893166667, 
  "activity": -0.0015271781305114633
}