{
  "bolusiob": 3.03628800000455e-05, 
  "iob": 0.5471776934364582, 
  "activity": 0.01267810405643739
}