{
  "bolusiob": 0, 
  "iob": 0.4528679258543916, 
  "activity": 0.007766847724867723
}