{
  "bolusiob": 0, 
  "iob": 0.6376803711248612, 
  "activity": 0.010225564373897706
}