{
  "bolusiob": 0, 
  "iob": 0.3780957906522223, 
  "activity": 0.006446208112874778
}