{
  "bolusiob": 0, 
  "iob": 0.46140394844000004, 
  "activity": 0.0024992063492063478
}