{
  "bolusiob": 0, 
  "iob": 0.1539174502157552, 
  "activity": 0.0021235362433862435
}