{
  "bolusiob": 0, 
  "iob": 0.15705343424944446, 
  "activity": 0.0009599559082892417
}