{
  "bolusiob": 0, 
  "iob": 0.4262457932072222, 
  "activity": 0.003055
}