{
  "bolusiob": 0, 
  "iob": 0.03244383033720416, 
  "activity": 0.0016128746031746027
}