{
  "bolusiob": 5.3700465592888893, 
  "iob": 5.4567346659822222, 
  "activity": 0.0059687830687830679
}