{
  "bolusiob": 0, 
  "iob": 0.5527054083405555, 
  "activity": 0.012406366843033501
}