{
  "bolusiob": 0, 
  "iob": 0.3117494609803334, 
  "activity": 0.002662574955908288
}