{
  "bolusiob": 0, 
  "iob": 0.6007234746266669, 
  "activity": 0.009125608465608465
}