{
  "bolusiob": 0, 
  "iob": 0.24638725354166674, 
  "activity": 0.006439832451499116
}