{
  "bolusiob": 0, 
  "iob": -0.005916633545000029, 
  "activity": 0.001733544973544973
}