{
  "bolusiob": 0, 
  "iob": 0.5328348837740833, 
  "activity": 0.0028187566137566136
}