{
  "bolusiob": 0, 
  "iob": 0.6945980039288889, 
  "activity": 0.010920811287477954
}