{
  "bolusiob": 0.0549032157866666, 
  "iob": 1.2204849120533332, 
  "activity": 0.018570405643738973
}