{
  "bolusiob": 0, 
  "iob": 0.2094281096077778, 
  "activity": 0.002862169312169312
}