{
  "bolusiob": 0, 
  "iob": 0.6417784171333333, 
  "activity": 0.017130088183421516
}