{
  "bolusiob": 0, 
  "iob": 0.45611768240280437, 
  "activity": 0.004904444691358025
}