{
  "bolusiob": 0, 
  "iob": 0.09511263185703692, 
  "activity": 0.0028553171957671954
}