{
  "bolusiob": 0, 
  "iob": 0.3262338118221276, 
  "activity": -0.0008281041093474422
}