{
  "bolusiob": 0, 
  "iob": 0.2167705633734145, 
  "activity": 0.00040780460317460244
}