{
  "bolusiob": 0.028090352439999987, 
  "iob": 0.7834838050184723, 
  "activity": 0.0069758641975308615
}