{
  "bolusiob": 0, 
  "iob": -0.03695722542166667, 
  "activity": -3.1093474426807744e-05
}