{
  "bolusiob": 0, 
  "iob": 0.2956029347355556, 
  "activity": 0.0007638624338624339
}