{
  "bolusiob": 0, 
  "iob": 0.12626595468222224, 
  "activity": 0.0023994179894179894
}