{
  "bolusiob": 0, 
  "iob": 0.1359162467792271, 
  "activity": 0.0037283949735449733
}