{
  "bolusiob": 0, 
  "iob": 0.6066733658341363, 
  "activity": 0.009627654409171078
}