{
  "bolusiob": 0, 
  "iob": 0.1779506935095225, 
  "activity": 0.005791094973544973
}