{
  "bolusiob": 0, 
  "iob": 0.0521728044238889, 
  "activity": 5.975308641975325e-05
}