{
  "bolusiob": 0, 
  "iob": 0.2556343259048611, 
  "activity": 0.007443430335097
}