{
  "bolusiob": 0, 
  "iob": 0.4947946894398798, 
  "activity": 0.004797733633156967
}