{
  "bolusiob": 0.5912116704355556, 
  "iob": 1.4591158206474215, 
  "activity": 0.01535385361552028
}