{
  "bolusiob": 0, 
  "iob": 0.47649486117627665, 
  "activity": 0.005322610158730158
}