{
  "bolusiob": 0, 
  "iob": -0.6868035285036189, 
  "activity": -0.006872619171075839
}