{
  "bolusiob": 0, 
  "iob": -0.6539789421532455, 
  "activity": -0.0059186509171075844
}