{
  "bolusiob": 0, 
  "iob": -0.1565971806888889, 
  "activity": -0.002002239858906525
}