{
  "bolusiob": 0, 
  "iob": -0.18625002136222224, 
  "activity": -0.002041657848324515
}