{
  "bolusiob": 0, 
  "iob": -0.20979603880694447, 
  "activity": -0.0013652116402116396
}