{
  "bolusiob": 0, 
  "iob": 0.04987034920479168, 
  "activity": 0.0015040123456790124
}