{
  "bolusiob": 0, 
  "iob": 0.17878607043911113, 
  "activity": 0.001284938271604938
}