{
  "bolusiob": 0, 
  "iob": 0.2610721975090755, 
  "activity": -4.750428571428601e-05
}