{
  "bolusiob": 0, 
  "iob": 0.11161954149208334, 
  "activity": 0.00140136684303351
}