{
  "bolusiob": 0, 
  "iob": -0.24028349302569446, 
  "activity": -0.0041706790123456775
}