{
  "bolusiob": 0.03297575186666668, 
  "iob": 0.7265523302119726, 
  "activity": 0.01792330679012345
}