{
  "bolusiob": 0, 
  "iob": 0.1396527390191667, 
  "activity": 0.004193033509700176
}