{
  "bolusiob": 0, 
  "iob": 0.8932052855565062, 
  "activity": 0.013450309135802467
}