{
  "bolusiob": 0, 
  "iob": 0.1065326535519683, 
  "activity": 0.003864214638447971
}