{
  "bolusiob": 0, 
  "iob": 0.3601720214429722, 
  "activity": 0.004759444444444444
}