{
  "bolusiob": 0, 
  "iob": 0.004047825863333347, 
  "activity": -0.00015837742504409155
}