{
  "bolusiob": 0, 
  "iob": 0.4987100944251945, 
  "activity": 0.003603130511463844
}