{
  "bolusiob": 0, 
  "iob": -0.5101533572877778, 
  "activity": -0.0021641446208112876
}