{
  "bolusiob": 0, 
  "iob": 1.8490409162500003, 
  "activity": 0.047870370370370369
}