{
  "bolusiob": 0, 
  "iob": 0.17227757548833336, 
  "activity": 0.001837813051146384
}