{
  "bolusiob": 0.6928982631822221, 
  "iob": 1.2679778284866667, 
  "activity": 0.012859559082892413
}