{
  "bolusiob": 0.02892524735999993, 
  "iob": 1.2317729897194447, 
  "activity": 0.02631853615520282
}