{
  "bolusiob": 0, 
  "iob": 0.4975226375066667, 
  "activity": 0.013666155202821866
}