{
  "bolusiob": 0, 
  "iob": 0.1586020878464293, 
  "activity": 0.001716878218694885
}