{
  "bolusiob": 0, 
  "iob": 0.16011676657944446, 
  "activity": 0.0012983068783068783
}