{
  "bolusiob": 0, 
  "iob": 0.16968484945046575, 
  "activity": 0.004978403615520282
}