{
  "bolusiob": 0, 
  "iob": 0.7123966047033331, 
  "activity": 0.023503315696649027
}