{
  "bolusiob": 0, 
  "iob": 0.2410182128444443, 
  "activity": 0.012360105820105815
}