{
  "bolusiob": 0, 
  "iob": -0.14366608007569442, 
  "activity": -0.00017321869488536016
}