{
  "bolusiob": 0, 
  "iob": 0.6228094374694446, 
  "activity": 0.021305820105820106
}