{
  "bolusiob": 0, 
  "iob": 1.1313641954222224, 
  "activity": 0.024450793650793643
}