{
  "bolusiob": 0, 
  "iob": 0.16320474799652784, 
  "activity": 0.0027112081128747795
}