{
  "bolusiob": 0.74829423488, 
  "iob": 1.353232388859349, 
  "activity": 0.01024481463844797
}