{
  "bolusiob": 0, 
  "iob": 0.0040300448687499825, 
  "activity": 0.0004633597883597877
}