{
  "bolusiob": 2.9178166357333333, 
  "iob": 2.9854065007953614, 
  "activity": 0.0036351940035273364
}