{
  "bolusiob": 0, 
  "iob": 0.3582066652989927, 
  "activity": 0.0037578658730158727
}