{
  "bolusiob": 3.205365269333333, 
  "iob": 3.125780036828471, 
  "activity": 0.00039028218694885173
}