{
  "bolusiob": 0, 
  "iob": 0.2754777919702217, 
  "activity": 0.004178800476190476
}