{
  "bolusiob": 0, 
  "iob": 0.26007441259007547, 
  "activity": 0.00019932111111111065
}