{
  "bolusiob": 0, 
  "iob": 0.064100173428125, 
  "activity": 0.002479497354497354
}