{
  "bolusiob": 0, 
  "iob": 0.1664244228677778, 
  "activity": 0.0013365255731922396
}