{
  "bolusiob": 0, 
  "iob": -0.6749368724584893, 
  "activity": -0.00815633148148148
}