{
  "bolusiob": 0, 
  "iob": 0.09401245096166667, 
  "activity": 0.0022259611992945325
}