{
  "bolusiob": 0, 
  "iob": 0.2699964615066668, 
  "activity": 0.010004779541446207
}