{
  "bolusiob": 0.027905145679999757, 
  "iob": 1.834015638845, 
  "activity": 0.04441045855379187
}