{
  "bolusiob": 0, 
  "iob": 0.2225472333579333, 
  "activity": 0.0012673015873015865
}