{
  "bolusiob": 0, 
  "iob": -0.441701229063889, 
  "activity": -0.005459488536155202
}