{
  "bolusiob": 0.05458747447999999, 
  "iob": 0.5613000990797221, 
  "activity": 0.00699574074074074
}