{
  "bolusiob": 0, 
  "iob": 0.001372962054999999, 
  "activity": 0.0001362433862433861
}