{
  "bolusiob": 0, 
  "iob": 0.2746143306152376, 
  "activity": 0.0007533600352733684
}