{
  "bolusiob": 0.13412741255999996, 
  "iob": 1.45176771554, 
  "activity": 0.02650550264550264
}