{
  "bolusiob": 6.942552903182222, 
  "iob": 7.141507538410555, 
  "activity": 0.012292116402116401
}