{
  "bolusiob": 0, 
  "iob": 0.10749922588055555, 
  "activity": -0.0014643474426807759
}