{
  "bolusiob": 0, 
  "iob": 0.24505915566413178, 
  "activity": 0.004448662169312169
}