{
  "bolusiob": 0, 
  "iob": 0.7640915754666668, 
  "activity": 0.012055978835978833
}