{
  "bolusiob": 0, 
  "iob": 0.3952310221325822, 
  "activity": 0.0033223105291005288
}