{
  "bolusiob": 0, 
  "iob": 0.770290278452431, 
  "activity": 0.021638935890652553
}