{
  "bolusiob": 0, 
  "iob": -0.012181341490000011, 
  "activity": -0.0016224867724867727
}