{
  "bolusiob": 0, 
  "iob": 0.08038675438667486, 
  "activity": 0.0034270634038800684
}