{
  "bolusiob": 0, 
  "iob": 0.0008331509816666638, 
  "activity": 0.00010784832451499107
}